h3_index,lat,lng,month,cbike_start,cbike_end,ebike_start,ebike_end
8826641901fffff,41.67689984677045,-87.55303666869379,1,9.497186,12.434041,6.1030955,5.7560043
8826641901fffff,41.67689984677045,-87.55303666869379,2,15.750632,18.426283,9.569839,9.506777
8826641901fffff,41.67689984677045,-87.55303666869379,3,20.498497,22.059908,11.749886,14.182722
8826641901fffff,41.67689984677045,-87.55303666869379,4,17.791327,30.276606,16.514938,19.206505
8826641901fffff,41.67689984677045,-87.55303666869379,5,29.844484,35.290672,19.575571,21.2614
8826641901fffff,41.67689984677045,-87.55303666869379,6,33.94827,34.55946,20.93239,22.914726
8826641901fffff,41.67689984677045,-87.55303666869379,7,29.592503,33.682396,19.724726,19.881023
8826641901fffff,41.67689984677045,-87.55303666869379,8,21.2284,31.22163,17.650743,18.35049
8826641901fffff,41.67689984677045,-87.55303666869379,9,28.33222,25.539663,19.642447,18.950222
8826641901fffff,41.67689984677045,-87.55303666869379,10,18.5586,19.746284,12.363146,12.03808
8826641901fffff,41.67689984677045,-87.55303666869379,11,8.2501545,10.465241,7.7424164,5.8417096
8826641901fffff,41.67689984677045,-87.55303666869379,12,8.113742,9.170411,7.910368,5.747292
8826641903fffff,41.669414853101344,-87.54832724726444,1,9.7536745,11.640289,6.5377746,5.6753035
8826641903fffff,41.669414853101344,-87.54832724726444,2,15.841113,17.901724,10.004518,9.786155
8826641903fffff,41.669414853101344,-87.54832724726444,3,20.588982,21.544601,12.321727,14.673282
8826641903fffff,41.669414853101344,-87.54832724726444,4,19.347307,23.684069,17.236292,19.263351
8826641903fffff,41.669414853101344,-87.54832724726444,5,32.30735,31.808868,20.29692,21.16169
8826641903fffff,41.669414853101344,-87.54832724726444,6,36.01771,31.07764,21.640434,21.678965
8826641903fffff,41.669414853101344,-87.54832724726444,7,31.646427,30.068045,20.43277,19.882727
8826641903fffff,41.669414853101344,-87.54832724726444,8,22.37543,24.629097,18.519241,18.621502
8826641903fffff,41.669414853101344,-87.54832724726444,9,29.627546,19.123623,20.2189,18.741219
8826641903fffff,41.669414853101344,-87.54832724726444,10,18.558525,16.59375,12.762971,12.531622
8826641903fffff,41.669414853101344,-87.54832724726444,11,8.416087,9.671491,8.589452,5.862426
8826641903fffff,41.669414853101344,-87.54832724726444,12,8.136512,8.618515,8.757403,5.768008
8826641905fffff,41.67794934233251,-87.56441788151274,1,7.6217475,13.069587,6.039138,4.82073
8826641905fffff,41.67794934233251,-87.56441788151274,2,13.805057,18.852114,9.51764,7.762646
8826641905fffff,41.67794934233251,-87.56441788151274,3,19.442032,22.595478,11.828088,12.438594
8826641905fffff,41.67794934233251,-87.56441788151274,4,18.10447,33.922295,16.584467,16.95892
8826641905fffff,41.67794934233251,-87.56441788151274,5,28.631283,46.11773,19.41166,18.542316
8826641905fffff,41.67794934233251,-87.56441788151274,6,32.4257,45.862297,20.640533,21.26534
8826641905fffff,41.67794934233251,-87.56441788151274,7,28.061438,44.580097,19.87473,19.472643
8826641905fffff,41.67794934233251,-87.56441788151274,8,21.03546,34.752064,17.27266,17.959957
8826641905fffff,41.67794934233251,-87.56441788151274,9,28.351387,30.41076,18.607176,17.860823
8826641905fffff,41.67794934233251,-87.56441788151274,10,16.271763,20.301126,11.300558,12.158759
8826641905fffff,41.67794934233251,-87.56441788151274,11,6.4986506,11.171429,7.688663,7.190132
8826641905fffff,41.67794934233251,-87.56441788151274,12,6.355697,10.028045,7.804048,7.0957127
8826641907fffff,41.67046482870344,-87.55970664506252,1,9.218866,9.408663,7.436213,4.0163293
8826641907fffff,41.67046482870344,-87.55970664506252,2,14.905003,15.125461,10.144669,8.662834
8826641907fffff,41.67046482870344,-87.55970664506252,3,22.290726,19.21325,13.091127,13.882086
8826641907fffff,41.67046482870344,-87.55970664506252,4,19.234623,31.61619,16.342144,17.778318
8826641907fffff,41.67046482870344,-87.55970664506252,5,24.964798,36.20257,19.80943,19.06057
8826641907fffff,41.67046482870344,-87.55970664506252,6,30.336426,36.04316,20.350594,19.798777
8826641907fffff,41.67046482870344,-87.55970664506252,7,24.62226,34.433422,19.995602,18.070597
8826641907fffff,41.67046482870344,-87.55970664506252,8,24.135658,35.88168,17.451778,16.119978
8826641907fffff,41.67046482870344,-87.55970664506252,9,29.941322,33.549377,19.142057,17.778893
8826641907fffff,41.67046482870344,-87.55970664506252,10,22.594152,20.211163,13.698556,10.9244375
8826641907fffff,41.67046482870344,-87.55970664506252,11,7.7024746,7.6920114,9.844167,4.649584
8826641907fffff,41.67046482870344,-87.55970664506252,12,7.1962237,6.740872,10.161733,4.5551662
8826641909fffff,41.6833350866835,-87.54636472845259,1,6.483385,6.98887,7.306283,4.214653
8826641909fffff,41.6833350866835,-87.54636472845259,2,10.9403105,12.466378,10.248608,10.262937
8826641909fffff,41.6833350866835,-87.54636472845259,3,18.32603,16.55417,14.658935,15.050664
8826641909fffff,41.6833350866835,-87.54636472845259,4,17.988325,23.98843,18.066559,18.695908
8826641909fffff,41.6833350866835,-87.54636472845259,5,25.91349,31.247484,19.082924,19.970366
8826641909fffff,41.6833350866835,-87.54636472845259,6,29.343649,30.592028,18.860754,19.218235
8826641909fffff,41.6833350866835,-87.54636472845259,7,23.16482,29.65999,19.317917,18.647787
8826641909fffff,41.6833350866835,-87.54636472845259,8,22.825357,29.03029,19.262615,17.598457
8826641909fffff,41.6833350866835,-87.54636472845259,9,28.406488,24.616993,20.326138,18.72723
8826641909fffff,41.6833350866835,-87.54636472845259,10,18.710077,15.700481,13.937626,12.773639
8826641909fffff,41.6833350866835,-87.54636472845259,11,4.8207335,5.4538593,10.159048,4.9062567
8826641909fffff,41.6833350866835,-87.54636472845259,12,4.314486,4.282615,10.476614,4.811839
882664190bfffff,41.67584921246931,-87.54165565410865,1,9.454534,6.070092,8.218152,5.4680977
882664190bfffff,41.67584921246931,-87.54165565410865,2,17.201384,8.679889,12.554137,9.854905
882664190bfffff,41.67584921246931,-87.54165565410865,3,24.148878,13.872209,15.192719,14.721475
882664190bfffff,41.67584921246931,-87.54165565410865,4,22.60668,30.353165,19.77614,21.16479
882664190bfffff,41.67584921246931,-87.54165565410865,5,32.512756,39.58704,24.74241,24.984138
882664190bfffff,41.67584921246931,-87.54165565410865,6,35.82427,37.91189,25.778484,25.957579
882664190bfffff,41.67584921246931,-87.54165565410865,7,30.05226,38.629913,25.110281,24.567682
882664190bfffff,41.67584921246931,-87.54165565410865,8,25.857307,34.08708,21.989595,21.769604
882664190bfffff,41.67584921246931,-87.54165565410865,9,20.258036,18.156439,20.78925,18.538237
882664190bfffff,41.67584921246931,-87.54165565410865,10,17.671225,10.509159,15.537031,11.109457
882664190bfffff,41.67584921246931,-87.54165565410865,11,8.779944,5.450165,12.396878,6.3035045
882664190bfffff,41.67584921246931,-87.54165565410865,12,8.482083,4.152282,12.6915865,5.823558
882664190dfffff,41.68438524099066,-87.55774755879281,1,8.316962,11.33487,5.8814936,4.2372417
882664190dfffff,41.68438524099066,-87.55774755879281,2,14.003097,16.872028,8.083836,7.9157767
882664190dfffff,41.68438524099066,-87.55774755879281,3,19.24805,20.874655,10.597723,12.4515085
882664190dfffff,41.68438524099066,-87.55774755879281,4,16.512861,30.368338,14.283379,16.344967
882664190dfffff,41.68438524099066,-87.55774755879281,5,25.881365,35.95,17.280827,18.215736
882664190dfffff,41.68438524099066,-87.55774755879281,6,29.417404,35.308098,18.198563,18.756174
882664190dfffff,41.68438524099066,-87.55774755879281,7,25.538822,34.209187,17.507545,17.027994
882664190dfffff,41.68438524099066,-87.55774755879281,8,19.995562,34.66214,15.433565,15.23273
882664190dfffff,41.68438524099066,-87.55774755879281,9,29.350058,31.405123,17.123842,17.03967
882664190dfffff,41.68438524099066,-87.55774755879281,10,19.66608,21.885223,10.891523,10.479151
882664190dfffff,41.68438524099066,-87.55774755879281,11,6.8005676,9.36607,7.491862,4.515583
882664190dfffff,41.68438524099066,-87.55774755879281,12,6.520994,8.4645405,7.8094273,4.4211655
8826641911fffff,41.66087866716784,-87.53224190953112,1,4.8580384,3.731653,8.013639,5.4522943
8826641911fffff,41.66087866716784,-87.53224190953112,2,12.775803,7.9463773,13.218892,8.055697
8826641911fffff,41.66087866716784,-87.53224190953112,3,21.975449,12.340228,15.722776,12.295057
8826641911fffff,41.66087866716784,-87.53224190953112,4,19.076998,30.38404,19.94012,16.863909
8826641911fffff,41.66087866716784,-87.53224190953112,5,29.11405,40.19878,23.62889,20.717943
8826641911fffff,41.66087866716784,-87.53224190953112,6,34.524895,39.655117,25.13971,24.650002
8826641911fffff,41.66087866716784,-87.53224190953112,7,28.022205,38.443237,24.006031,21.552956
8826641911fffff,41.66087866716784,-87.53224190953112,8,20.751482,31.403246,21.057676,18.409224
8826641911fffff,41.66087866716784,-87.53224190953112,9,16.875591,17.327291,19.372631,15.154683
8826641911fffff,41.66087866716784,-87.53224190953112,10,12.09421,7.888806,15.421458,11.626178
8826641911fffff,41.66087866716784,-87.53224190953112,11,3.9184837,2.9852965,11.042332,7.844402
8826641911fffff,41.66087866716784,-87.53224190953112,12,3.5488555,2.465783,10.985245,7.686931
8826641913fffff,41.65339399684488,-87.5275372380518,1,3.4489794,4.865672,4.823601,4.2350144
8826641913fffff,41.65339399684488,-87.5275372380518,2,10.62833,7.777465,8.995926,8.198913
8826641913fffff,41.65339399684488,-87.5275372380518,3,16.725916,12.216222,10.798361,11.616909
8826641913fffff,41.65339399684488,-87.5275372380518,4,11.434838,18.88875,15.548922,15.991464
8826641913fffff,41.65339399684488,-87.5275372380518,5,23.450636,27.731617,18.25144,19.675901
8826641913fffff,41.65339399684488,-87.5275372380518,6,27.261494,26.408293,19.215408,19.079113
8826641913fffff,41.65339399684488,-87.5275372380518,7,22.767204,26.066303,18.524387,18.589573
8826641913fffff,41.65339399684488,-87.5275372380518,8,12.261758,19.679754,16.870169,15.268842
8826641913fffff,41.65339399684488,-87.5275372380518,9,8.821264,10.121562,15.320758,12.819126
8826641913fffff,41.65339399684488,-87.5275372380518,10,10.115379,7.835407,11.01153,9.323685
8826641913fffff,41.65339399684488,-87.5275372380518,11,2.6099906,3.796526,8.157468,4.5756545
8826641913fffff,41.65339399684488,-87.5275372380518,12,2.47358,3.2362123,8.452174,4.4821925
8826641915fffff,41.66193026036574,-87.54361929388163,1,6.186504,7.3171687,10.597721,11.1529
8826641915fffff,41.66193026036574,-87.54361929388163,2,15.220508,11.367624,16.946066,17.123487
8826641915fffff,41.66193026036574,-87.54361929388163,3,22.924267,17.137468,24.783325,22.815826
8826641915fffff,41.66193026036574,-87.54361929388163,4,29.158619,29.381624,30.110954,27.683922
8826641915fffff,41.66193026036574,-87.54361929388163,5,40.973564,38.788197,34.69573,31.889874
8826641915fffff,41.66193026036574,-87.54361929388163,6,46.59912,37.995014,36.15502,32.20857
8826641915fffff,41.66193026036574,-87.54361929388163,7,38.566166,38.374737,35.121685,30.56614
8826641915fffff,41.66193026036574,-87.54361929388163,8,31.928513,33.366478,31.44408,27.490343
8826641915fffff,41.66193026036574,-87.54361929388163,9,21.410433,20.277386,29.816202,23.149723
8826641915fffff,41.66193026036574,-87.54361929388163,10,14.972693,13.693708,21.030893,17.129263
8826641915fffff,41.66193026036574,-87.54361929388163,11,5.3544235,7.2872066,15.977895,10.6095915
8826641915fffff,41.66193026036574,-87.54361929388163,12,4.8370223,6.4052763,16.025557,10.452119
8826641917fffff,41.65444606894582,-87.53891280792259,1,11.191315,10.845453,8.495256,9.488643
8826641917fffff,41.65444606894582,-87.53891280792259,2,17.93937,11.801444,18.096611,15.307556
8826641917fffff,41.65444606894582,-87.53891280792259,3,22.09201,15.555359,24.455296,24.296328
8826641917fffff,41.65444606894582,-87.53891280792259,4,33.58412,25.5165,30.560114,27.847656
8826641917fffff,41.65444606894582,-87.53891280792259,5,37.731342,34.616558,35.423515,31.173557
8826641917fffff,41.65444606894582,-87.53891280792259,6,43.94408,33.739437,37.646305,32.05944
8826641917fffff,41.65444606894582,-87.53891280792259,7,38.038914,35.204124,36.14252,30.102934
8826641917fffff,41.65444606894582,-87.53891280792259,8,36.322704,30.829437,31.1552,29.81485
8826641917fffff,41.65444606894582,-87.53891280792259,9,22.425344,22.21932,30.253428,28.027025
8826641917fffff,41.65444606894582,-87.53891280792259,10,19.985426,13.285199,20.11934,18.519417
8826641917fffff,41.65444606894582,-87.53891280792259,11,11.75035,8.835369,14.291057,11.687044
8826641917fffff,41.65444606894582,-87.53891280792259,12,11.59865,6.924988,14.506406,11.29584
8826641919fffff,41.66731148698305,-87.52556904818918,1,2.0047827,4.5212097,6.003659,5.2330184
8826641919fffff,41.66731148698305,-87.52556904818918,2,9.917923,8.512995,9.5257225,7.800848
8826641919fffff,41.66731148698305,-87.52556904818918,3,17.156494,13.067716,13.818361,13.249032
8826641919fffff,41.66731148698305,-87.52556904818918,4,20.610994,30.437466,19.57542,19.049095
8826641919fffff,41.66731148698305,-87.52556904818918,5,32.73877,41.139122,25.28234,23.400455
8826641919fffff,41.66731148698305,-87.52556904818918,6,38.27948,40.15268,26.484753,26.18186
8826641919fffff,41.66731148698305,-87.52556904818918,7,32.566265,39.843025,25.862568,24.231766
8826641919fffff,41.66731148698305,-87.52556904818918,8,22.530914,32.368275,20.616995,19.95404
8826641919fffff,41.66731148698305,-87.52556904818918,9,13.208058,18.126472,18.402582,14.70502
8826641919fffff,41.66731148698305,-87.52556904818918,10,9.74069,9.336071,10.880879,10.72237
8826641919fffff,41.66731148698305,-87.52556904818918,11,1.4163659,3.6860409,8.290781,7.5646267
8826641919fffff,41.66731148698305,-87.52556904818918,12,1.273412,3.0799587,8.354738,7.4711657
882664191dfffff,41.66836373916999,-87.53694804800917,1,10.018503,9.743292,8.680943,6.929093
882664191dfffff,41.66836373916999,-87.53694804800917,2,17.528345,12.099081,13.357556,11.326533
882664191dfffff,41.66836373916999,-87.53694804800917,3,24.140678,16.540709,15.605897,15.919582
882664191dfffff,41.66836373916999,-87.53694804800917,4,22.688168,28.958687,19.62458,21.088573
882664191dfffff,41.66836373916999,-87.53694804800917,5,34.491447,40.8215,24.09899,25.273752
882664191dfffff,41.66836373916999,-87.53694804800917,6,37.636143,38.33478,25.485617,25.906507
882664191dfffff,41.66836373916999,-87.53694804800917,7,35.15502,39.563633,24.760538,24.309729
882664191dfffff,41.66836373916999,-87.53694804800917,8,26.976036,33.079014,21.879116,21.585419
882664191dfffff,41.66836373916999,-87.53694804800917,9,21.426119,18.925413,20.67877,18.603529
882664191dfffff,41.66836373916999,-87.53694804800917,10,18.448984,13.149876,16.158653,12.053491
882664191dfffff,41.66836373916999,-87.53694804800917,11,9.735088,8.542147,12.200743,7.1066256
882664191dfffff,41.66836373916999,-87.53694804800917,12,9.592134,7.28234,12.208033,6.3452053
8826641921fffff,41.67256136462669,-87.58246603271677,1,8.823578,11.520352,4.8557773,5.031064
8826641921fffff,41.67256136462669,-87.58246603271677,2,14.75809,17.162132,6.8973837,8.442786
8826641921fffff,41.67256136462669,-87.58246603271677,3,19.898355,20.926512,11.435914,14.842656
8826641921fffff,41.67256136462669,-87.58246603271677,4,23.748024,32.54592,16.716658,19.728168
8826641921fffff,41.67256136462669,-87.58246603271677,5,32.881535,38.96674,23.357698,22.360014
8826641921fffff,41.67256136462669,-87.58246603271677,6,38.557327,38.275238,24.090652,22.960007
8826641921fffff,41.67256136462669,-87.58246603271677,7,32.72029,37.65704,23.543255,21.073254
8826641921fffff,41.67256136462669,-87.58246603271677,8,26.18652,37.5059,18.762224,17.583916
8826641921fffff,41.67256136462669,-87.58246603271677,9,30.914444,32.950726,19.974245,17.741888
8826641921fffff,41.67256136462669,-87.58246603271677,10,18.987463,22.566963,10.600452,10.262033
8826641921fffff,41.67256136462669,-87.58246603271677,11,7.099078,9.71489,7.3615274,5.31073
8826641921fffff,41.67256136462669,-87.58246603271677,12,6.962667,8.525737,7.650524,5.2163124
8826641923fffff,41.665078212148856,-87.57775263647356,1,8.823578,11.520352,4.8557773,5.031064
8826641923fffff,41.665078212148856,-87.57775263647356,2,14.75809,17.162132,6.8973837,8.442786
8826641923fffff,41.665078212148856,-87.57775263647356,3,19.898355,20.926512,11.435914,14.842656
8826641923fffff,41.665078212148856,-87.57775263647356,4,23.748024,32.54592,16.716658,19.728168
8826641923fffff,41.665078212148856,-87.57775263647356,5,32.881535,38.96674,23.357698,22.360014
8826641923fffff,41.665078212148856,-87.57775263647356,6,38.557327,38.275238,24.090652,22.960007
8826641923fffff,41.665078212148856,-87.57775263647356,7,32.72029,37.65704,23.543255,21.073254
8826641923fffff,41.665078212148856,-87.57775263647356,8,26.18652,37.5059,18.762224,17.583916
8826641923fffff,41.665078212148856,-87.57775263647356,9,30.914444,32.950726,19.974245,17.741888
8826641923fffff,41.665078212148856,-87.57775263647356,10,18.987463,22.566963,10.600452,10.262033
8826641923fffff,41.665078212148856,-87.57775263647356,11,7.099078,9.71489,7.3615274,5.31073
8826641923fffff,41.665078212148856,-87.57775263647356,12,6.962667,8.525737,7.650524,5.2163124
8826641925fffff,41.67360792480196,-87.59384602078758,1,8.2861,12.322989,5.346204,5.9344854
8826641925fffff,41.67360792480196,-87.59384602078758,2,14.54137,18.18032,7.876472,8.91045
8826641925fffff,41.67360792480196,-87.59384602078758,3,19.89507,22.054443,12.546065,15.31032
8826641925fffff,41.67360792480196,-87.59384602078758,4,26.095886,36.286037,18.429663,20.84177
8826641925fffff,41.67360792480196,-87.59384602078758,5,35.181454,50.07411,24.837261,22.711203
8826641925fffff,41.67360792480196,-87.59384602078758,6,40.722164,49.769077,25.958918,25.493782
8826641925fffff,41.67360792480196,-87.59384602078758,7,35.02021,48.83505,25.336733,23.542513
8826641925fffff,41.67360792480196,-87.59384602078758,8,28.958887,41.316647,20.02762,20.377478
8826641925fffff,41.67360792480196,-87.59384602078758,9,33.532032,38.359818,20.883875,19.891104
8826641925fffff,41.67360792480196,-87.59384602078758,10,18.872778,23.55565,10.569155,12.850727
8826641925fffff,41.67360792480196,-87.59384602078758,11,7.1821976,10.588168,7.603087,8.30521
8826641925fffff,41.67360792480196,-87.59384602078758,12,7.0392427,9.399015,7.6899037,8.210793
8826641927fffff,41.66612525322902,-87.58913081087702,1,7.8373356,12.683313,6.6031613,5.7109265
8826641927fffff,41.66612525322902,-87.58913081087702,2,16.188936,19.10877,10.9255295,10.501644
8826641927fffff,41.66612525322902,-87.58913081087702,3,24.286936,25.374786,14.716039,16.927452
8826641927fffff,41.66612525322902,-87.58913081087702,4,35.72039,42.99657,19.538017,23.087387
8826641927fffff,41.66612525322902,-87.58913081087702,5,47.648872,59.85335,23.327847,26.101181
8826641927fffff,41.66612525322902,-87.58913081087702,6,50.170082,59.21145,24.172838,26.171759
8826641927fffff,41.66612525322902,-87.58913081087702,7,45.95477,58.58053,23.477001,24.443579
8826641927fffff,41.66612525322902,-87.58913081087702,8,37.294807,44.361294,20.673824,22.314087
8826641927fffff,41.66612525322902,-87.58913081087702,9,23.383722,27.168516,22.079119,20.487043
8826641927fffff,41.66612525322902,-87.58913081087702,10,17.573467,19.680212,13.718836,13.115662
8826641927fffff,41.66612525322902,-87.58913081087702,11,6.293196,11.119306,8.501551,5.5194073
8826641927fffff,41.66612525322902,-87.58913081087702,12,5.8891296,10.594272,8.635268,5.2659416
8826641929fffff,41.678997699082245,-87.57579929167248,1,9.679336,13.402143,6.0758123,7.2265353
8826641929fffff,41.678997699082245,-87.57579929167248,2,14.901859,18.680244,9.10522,11.412895
8826641929fffff,41.678997699082245,-87.57579929167248,3,20.305607,23.216244,14.193965,17.843548
8826641929fffff,41.678997699082245,-87.57579929167248,4,26.004961,31.269005,21.012222,22.850311
8826641929fffff,41.678997699082245,-87.57579929167248,5,32.63917,40.197834,26.507092,25.28739
8826641929fffff,41.678997699082245,-87.57579929167248,6,38.142963,39.55593,27.580666,25.002459
8826641929fffff,41.678997699082245,-87.57579929167248,7,32.053207,39.173576,26.679342,24.102047
8826641929fffff,41.678997699082245,-87.57579929167248,8,27.975103,36.514423,22.882336,21.732023
8826641929fffff,41.678997699082245,-87.57579929167248,9,32.925457,29.349127,22.660444,20.765175
8826641929fffff,41.678997699082245,-87.57579929167248,10,19.326149,22.035345,12.526994,15.845291
8826641929fffff,41.678997699082245,-87.57579929167248,11,8.273975,11.952353,8.649701,9.263394
8826641929fffff,41.678997699082245,-87.57579929167248,12,8.137564,11.038954,8.901692,8.951502
882664192bfffff,41.6715136659029,-87.57108624051082,1,7.97663,11.568573,5.0327797,4.1261015
882664192bfffff,41.6715136659029,-87.57108624051082,2,13.58281,16.878447,7.235122,7.83824
882664192bfffff,41.6715136659029,-87.57108624051082,3,18.827763,20.871817,9.611848,12.12619
882664192bfffff,41.6715136659029,-87.57108624051082,4,16.23574,30.904129,13.489902,16.383083
882664192bfffff,41.6715136659029,-87.57108624051082,5,25.36928,35.890617,16.48735,18.253853
882664192bfffff,41.6715136659029,-87.57108624051082,6,29.298775,35.248714,17.405087,18.79429
882664192bfffff,41.6715136659029,-87.57108624051082,7,25.117294,34.282345,16.71407,17.06611
882664192bfffff,41.6715136659029,-87.57108624051082,8,19.808992,35.197933,14.640084,15.270847
882664192bfffff,41.6715136659029,-87.57108624051082,9,29.163488,31.707129,16.330366,16.925531
882664192bfffff,41.6715136659029,-87.57108624051082,10,19.336351,21.891642,10.04281,10.401616
882664192bfffff,41.6715136659029,-87.57108624051082,11,6.550796,9.599773,6.6431494,4.404443
882664192bfffff,41.6715136659029,-87.57108624051082,12,6.414385,8.456388,6.9607143,4.310025
882664192dfffff,41.680044916946684,-87.58718089827994,1,6.8672695,12.37121,5.9205565,5.007822
882664192dfffff,41.680044916946684,-87.58718089827994,2,12.79421,17.896631,8.611565,7.768703
882664192dfffff,41.680044916946684,-87.58718089827994,3,18.924934,21.999748,11.1193495,12.056651
882664192dfffff,41.680044916946684,-87.58718089827994,4,19.466911,34.644234,15.218599,16.959482
882664192dfffff,41.680044916946684,-87.58718089827994,5,28.552485,46.997986,17.982595,18.067839
882664192dfffff,41.680044916946684,-87.58718089827994,6,32.34691,46.742554,19.289038,20.790861
882664192dfffff,41.680044916946684,-87.58718089827994,7,28.673512,45.460354,18.52323,18.998165
882664192dfffff,41.680044916946684,-87.58718089827994,8,23.883287,39.008686,15.92117,17.5272
882664192dfffff,41.680044916946684,-87.58718089827994,9,33.082996,37.116215,17.25568,18.53755
882664192dfffff,41.680044916946684,-87.58718089827994,10,19.068405,22.88033,10.408863,12.453108
882664192dfffff,41.680044916946684,-87.58718089827994,11,6.435039,10.473052,7.282062,7.3772216
882664192dfffff,41.680044916946684,-87.58718089827994,12,6.292086,9.329667,7.397445,7.282804
8826641931fffff,41.65654680054473,-87.56166454425207,1,6.1274347,5.0607686,6.576971,5.758856
8826641931fffff,41.65654680054473,-87.56166454425207,2,12.41579,8.702915,10.364422,10.0231
8826641931fffff,41.65654680054473,-87.56166454425207,3,17.913364,12.92019,14.319596,13.437852
8826641931fffff,41.65654680054473,-87.56166454425207,4,15.232979,18.451248,19.224318,17.803263
8826641931fffff,41.65654680054473,-87.56166454425207,5,29.706757,28.586504,21.215546,20.998121
8826641931fffff,41.65654680054473,-87.56166454425207,6,32.95228,26.496181,22.34169,21.203003
8826641931fffff,41.65654680054473,-87.56166454425207,7,28.89956,26.788647,22.061962,19.719162
8826641931fffff,41.65654680054473,-87.56166454425207,8,17.9908,20.27655,21.867401,17.01969
8826641931fffff,41.65654680054473,-87.56166454425207,9,14.095158,11.704191,19.696682,15.095156
8826641931fffff,41.65654680054473,-87.56166454425207,10,12.858148,9.450748,14.281601,11.006991
8826641931fffff,41.65654680054473,-87.56166454425207,11,4.643587,3.9916215,10.195572,5.906861
8826641931fffff,41.65654680054473,-87.56166454425207,12,4.3640137,3.44874,10.3635235,5.8124433
8826641933fffff,41.64906396913057,-87.55695589790945,1,5.2793136,5.937933,6.700325,7.4306784
8826641933fffff,41.64906396913057,-87.55695589790945,2,12.007521,9.580081,10.29447,11.403342
8826641933fffff,41.64906396913057,-87.55695589790945,3,17.495996,13.78913,13.719092,12.959715
8826641933fffff,41.64906396913057,-87.55695589790945,4,14.437752,18.79549,18.102856,16.570747
8826641933fffff,41.64906396913057,-87.55695589790945,5,28.943369,28.93074,19.853094,19.765606
8826641933fffff,41.64906396913057,-87.55695589790945,6,32.188896,26.840422,21.110678,19.970491
8826641933fffff,41.64906396913057,-87.55695589790945,7,28.136177,27.574951,20.83095,18.486647
8826641933fffff,41.64906396913057,-87.55695589790945,8,17.195576,21.062849,20.720959,15.52864
8826641933fffff,41.64906396913057,-87.55695589790945,9,13.474185,12.347033,18.55024,13.604112
8826641933fffff,41.64906396913057,-87.55695589790945,10,12.449877,10.769971,14.241202,10.487421
8826641933fffff,41.64906396913057,-87.55695589790945,11,3.795467,5.3108454,10.504898,5.937402
8826641933fffff,41.64906396913057,-87.55695589790945,12,3.36158,4.799351,10.47067,5.842984
8826641935fffff,41.657595459895774,-87.57304070892734,1,3.614477,2.7563324,4.4642816,4.972171
8826641935fffff,41.657595459895774,-87.57304070892734,2,10.3146925,6.59447,6.6596446,7.8319855
8826641935fffff,41.657595459895774,-87.57304070892734,3,16.06414,10.933239,11.1205225,13.280173
8826641935fffff,41.657595459895774,-87.57304070892734,4,17.563126,23.036871,16.47892,18.588219
8826641935fffff,41.657595459895774,-87.57304070892734,5,30.600458,33.48461,23.888853,22.959743
8826641935fffff,41.657595459895774,-87.57304070892734,6,36.276237,32.111687,24.621807,23.558561
8826641935fffff,41.657595459895774,-87.57304070892734,7,30.120827,32.117867,24.07441,21.672983
8826641935fffff,41.657595459895774,-87.57304070892734,8,18.735842,24.886162,18.30634,16.957624
8826641935fffff,41.657595459895774,-87.57304070892734,9,9.74341,11.869225,16.44626,12.958536
8826641935fffff,41.657595459895774,-87.57304070892734,10,9.504379,7.4361677,9.712452,8.412422
8826641935fffff,41.657595459895774,-87.57304070892734,11,1.8899777,1.8505241,6.919516,5.21272
8826641935fffff,41.657595459895774,-87.57304070892734,12,1.7535667,1.3915683,7.2085094,5.1183023
8826641937fffff,41.650113108249805,-87.56833024945544,1,3.614477,2.7563324,4.4642816,4.972171
8826641937fffff,41.650113108249805,-87.56833024945544,2,10.3146925,6.59447,6.6596446,7.8319855
8826641937fffff,41.650113108249805,-87.56833024945544,3,16.06414,10.933239,11.1205225,13.280173
8826641937fffff,41.650113108249805,-87.56833024945544,4,17.563126,23.036871,16.47892,18.588219
8826641937fffff,41.650113108249805,-87.56833024945544,5,30.600458,33.48461,23.888853,22.959743
8826641937fffff,41.650113108249805,-87.56833024945544,6,36.276237,32.111687,24.621807,23.558561
8826641937fffff,41.650113108249805,-87.56833024945544,7,30.120827,32.117867,24.07441,21.672983
8826641937fffff,41.650113108249805,-87.56833024945544,8,18.735842,24.886162,18.30634,16.957624
8826641937fffff,41.650113108249805,-87.56833024945544,9,9.74341,11.869225,16.44626,12.958536
8826641937fffff,41.650113108249805,-87.56833024945544,10,9.504379,7.4361677,9.712452,8.412422
8826641937fffff,41.650113108249805,-87.56833024945544,11,1.8899777,1.8505241,6.919516,5.21272
8826641937fffff,41.650113108249805,-87.56833024945544,12,1.7535667,1.3915683,7.2085094,5.1183023
8826641939fffff,41.66298071564414,-87.55499687708361,1,5.0810404,2.8357265,5.66162,5.5403037
8826641939fffff,41.66298071564414,-87.55499687708361,2,11.942075,5.622635,10.8586035,10.286176
8826641939fffff,41.66298071564414,-87.55499687708361,3,18.947151,11.453567,13.604263,16.09331
8826641939fffff,41.66298071564414,-87.55499687708361,4,12.25434,23.349747,17.424376,20.516277
8826641939fffff,41.66298071564414,-87.55499687708361,5,21.71536,32.052116,21.840805,22.466831
8826641939fffff,41.66298071564414,-87.55499687708361,6,27.198563,31.392946,22.35946,22.189491
8826641939fffff,41.66298071564414,-87.55499687708361,7,20.941265,30.407593,22.043861,21.478405
8826641939fffff,41.66298071564414,-87.55499687708361,8,14.830207,24.204422,18.678146,20.12698
8826641939fffff,41.66298071564414,-87.55499687708361,9,10.156952,13.167337,17.29633,16.486013
8826641939fffff,41.66298071564414,-87.55499687708361,10,12.983127,5.579751,14.13082,12.000546
8826641939fffff,41.66298071564414,-87.55499687708361,11,3.482289,1.9513319,9.338067,6.0200343
8826641939fffff,41.66298071564414,-87.55499687708361,12,2.976043,1.7303874,9.655633,5.9256167
882664193bfffff,41.65549700353697,-87.55028857695324,1,11.488283,10.366,9.947093,6.804418
882664193bfffff,41.65549700353697,-87.55028857695324,2,14.142736,11.859038,17.356024,11.345712
882664193bfffff,41.65549700353697,-87.55028857695324,3,16.835747,12.935688,20.815006,18.604715
882664193bfffff,41.65549700353697,-87.55028857695324,4,28.214441,19.924896,26.568796,24.793772
882664193bfffff,41.65549700353697,-87.55028857695324,5,30.766232,31.835228,30.114807,26.302917
882664193bfffff,41.65549700353697,-87.55028857695324,6,36.393005,30.37649,31.036627,26.191622
882664193bfffff,41.65549700353697,-87.55028857695324,7,30.101748,31.776148,29.977335,26.304338
882664193bfffff,41.65549700353697,-87.55028857695324,8,32.10351,25.610632,28.379545,26.079775
882664193bfffff,41.65549700353697,-87.55028857695324,9,18.764467,14.881987,27.225367,20.989712
882664193bfffff,41.65549700353697,-87.55028857695324,10,15.658098,13.528725,21.236935,13.744886
882664193bfffff,41.65549700353697,-87.55028857695324,11,10.088903,9.128262,14.361649,8.890689
882664193bfffff,41.65549700353697,-87.55028857695324,12,9.9121895,6.805978,14.380229,8.415953
882664193dfffff,41.66403003292958,-87.566374658245,1,11.351974,15.318238,8.193485,7.596783
882664193dfffff,41.66403003292958,-87.566374658245,2,16.39013,18.733093,9.571192,11.708106
882664193dfffff,41.66403003292958,-87.566374658245,3,19.236404,21.45737,12.41678,16.243832
882664193dfffff,41.66403003292958,-87.566374658245,4,18.106691,25.184683,14.548643,17.353653
882664193dfffff,41.66403003292958,-87.566374658245,5,28.147144,33.2819,17.34936,19.067865
882664193dfffff,41.66403003292958,-87.566374658245,6,31.683184,32.177647,18.25379,18.403795
882664193dfffff,41.66403003292958,-87.566374658245,7,27.839525,31.078737,17.562773,17.98154
882664193dfffff,41.66403003292958,-87.566374658245,8,21.861162,29.016163,15.647691,16.455578
882664193dfffff,41.66403003292958,-87.566374658245,9,31.363947,22.954006,17.347351,17.63626
882664193dfffff,41.66403003292958,-87.566374658245,10,21.560623,21.554926,12.145741,14.4856415
882664193dfffff,41.66403003292958,-87.566374658245,11,9.835578,12.887098,9.666033,7.4053884
882664193dfffff,41.66403003292958,-87.566374658245,12,9.5560055,11.985567,9.983599,7.310971
8826641941fffff,41.69725770320317,-87.54440101944057,1,20.494654,24.780344,11.879945,12.550309
8826641941fffff,41.69725770320317,-87.54440101944057,2,27.968065,25.894783,21.835257,19.13719
8826641941fffff,41.69725770320317,-87.54440101944057,3,30.2199,28.456356,28.175663,26.61336
8826641941fffff,41.69725770320317,-87.54440101944057,4,37.340385,37.33941,30.205498,27.227499
8826641941fffff,41.69725770320317,-87.54440101944057,5,52.310345,50.944878,28.945889,30.463696
8826641941fffff,41.69725770320317,-87.54440101944057,6,54.168896,47.78537,29.923368,31.550362
8826641941fffff,41.69725770320317,-87.54440101944057,7,51.24299,48.429085,29.664291,28.962671
8826641941fffff,41.69725770320317,-87.54440101944057,8,40.689472,40.46907,33.022823,29.732874
8826641941fffff,41.69725770320317,-87.54440101944057,9,39.564163,32.74744,31.186132,27.55203
8826641941fffff,41.69725770320317,-87.54440101944057,10,28.593342,29.543848,26.510134,23.65966
8826641941fffff,41.69725770320317,-87.54440101944057,11,19.293701,22.635544,16.22227,13.255377
8826641941fffff,41.69725770320317,-87.54440101944057,12,18.426376,19.754236,15.967166,12.986189
8826641943fffff,41.68977054799519,-87.53969082365246,1,17.128366,13.659129,14.594042,11.564162
8826641943fffff,41.68977054799519,-87.53969082365246,2,20.215424,15.29171,25.505909,19.667366
8826641943fffff,41.68977054799519,-87.53969082365246,3,25.409195,17.612246,30.51431,26.495787
8826641943fffff,41.68977054799519,-87.53969082365246,4,36.341072,27.707607,39.281704,32.366528
8826641943fffff,41.68977054799519,-87.53969082365246,5,41.959957,44.082256,44.060253,37.391014
8826641943fffff,41.68977054799519,-87.53969082365246,6,48.755833,40.929485,45.63795,38.172382
8826641943fffff,41.68977054799519,-87.53969082365246,7,42.8389,42.858635,44.131935,36.030045
8826641943fffff,41.68977054799519,-87.53969082365246,8,41.409977,32.964813,41.518806,34.9316
8826641943fffff,41.68977054799519,-87.53969082365246,9,29.13565,25.827185,41.005,31.692234
8826641943fffff,41.68977054799519,-87.53969082365246,10,23.240612,17.908537,28.98358,21.950775
8826641943fffff,41.68977054799519,-87.53969082365246,11,15.819708,12.79626,18.96008,12.796489
8826641943fffff,41.68977054799519,-87.53969082365246,12,14.954365,9.903454,18.398067,12.321753
8826641945fffff,41.69830803632626,-87.5557872843676,1,12.112697,17.913359,11.168007,7.304253
8826641945fffff,41.69830803632626,-87.5557872843676,2,16.357347,22.31569,16.855967,12.674404
8826641945fffff,41.69830803632626,-87.5557872843676,3,20.804235,26.79099,20.267876,20.908468
8826641945fffff,41.69830803632626,-87.5557872843676,4,24.937746,42.66204,24.545527,28.315119
8826641945fffff,41.69830803632626,-87.5557872843676,5,32.737682,53.27033,28.115154,28.949558
8826641945fffff,41.69830803632626,-87.5557872843676,6,38.12048,52.54933,29.002821,30.06452
8826641945fffff,41.69830803632626,-87.5557872843676,7,33.666832,52.589993,28.234083,28.667364
8826641945fffff,41.69830803632626,-87.5557872843676,8,33.357464,50.152843,28.2564,27.864159
8826641945fffff,41.69830803632626,-87.5557872843676,9,26.43343,41.91006,29.862986,26.204763
8826641945fffff,41.69830803632626,-87.5557872843676,10,21.945805,24.943727,22.705757,14.814648
8826641945fffff,41.69830803632626,-87.5557872843676,11,11.107381,14.859216,14.670596,8.355645
8826641945fffff,41.69830803632626,-87.5557872843676,12,10.8386345,12.279813,14.445021,7.6943946
8826641947fffff,41.69082136143006,-87.55107527166436,1,12.482471,15.749862,7.3024983,7.225899
8826641947fffff,41.69082136143006,-87.55107527166436,2,18.022964,19.050947,9.726886,10.452286
8826641947fffff,41.69082136143006,-87.55107527166436,3,20.375492,21.32664,12.271138,15.270203
8826641947fffff,41.69082136143006,-87.55107527166436,4,15.390264,30.77744,14.950448,16.338167
8826641947fffff,41.69082136143006,-87.55107527166436,5,26.2,36.20079,17.29032,18.022707
8826641947fffff,41.69082136143006,-87.55107527166436,6,29.463335,35.42224,18.391573,19.36407
8826641947fffff,41.69082136143006,-87.55107527166436,7,26.204493,33.99763,17.48424,16.18729
8826641947fffff,41.69082136143006,-87.55107527166436,8,18.662333,31.074236,16.013283,14.928042
8826641947fffff,41.69082136143006,-87.55107527166436,9,26.223555,25.359339,17.626802,15.364903
8826641947fffff,41.69082136143006,-87.55107527166436,10,19.950531,20.966068,12.447228,12.30945
8826641947fffff,41.69082136143006,-87.55107527166436,11,10.839767,13.318721,8.523882,6.48324
8826641947fffff,41.69082136143006,-87.55107527166436,12,10.560195,12.347174,8.554031,6.2920055
8826641949fffff,41.70369426586222,-87.53772480143438,1,14.587152,17.569027,11.118776,10.979449
8826641949fffff,41.70369426586222,-87.53772480143438,2,18.91628,18.984646,20.530018,16.232834
8826641949fffff,41.70369426586222,-87.53772480143438,3,20.967184,18.299013,24.339014,21.190279
8826641949fffff,41.70369426586222,-87.53772480143438,4,27.75361,25.433401,26.546543,24.139465
8826641949fffff,41.70369426586222,-87.53772480143438,5,35.058052,36.59573,30.921183,25.212847
8826641949fffff,41.70369426586222,-87.53772480143438,6,39.568386,35.43509,31.160772,24.586544
8826641949fffff,41.70369426586222,-87.53772480143438,7,34.33089,37.30217,31.081018,25.216246
8826641949fffff,41.70369426586222,-87.53772480143438,8,31.732813,32.840973,26.993141,26.432693
8826641949fffff,41.70369426586222,-87.53772480143438,9,19.47181,22.941797,26.114195,21.17141
8826641949fffff,41.70369426586222,-87.53772480143438,10,21.506182,21.317417,22.853275,18.696688
8826641949fffff,41.70369426586222,-87.53772480143438,11,13.388397,16.552868,15.690656,12.364299
8826641949fffff,41.70369426586222,-87.53772480143438,12,13.308464,14.581139,15.389098,11.6489315
882664194bfffff,41.69620623025786,-87.53301495360675,1,12.027378,10.942809,15.171766,10.700596
882664194bfffff,41.69620623025786,-87.53301495360675,2,14.671192,13.098984,22.690046,14.880316
882664194bfffff,41.69620623025786,-87.53301495360675,3,17.776127,15.511614,29.297073,21.911991
882664194bfffff,41.69620623025786,-87.53301495360675,4,30.511532,21.130405,35.88416,25.836231
882664194bfffff,41.69620623025786,-87.53301495360675,5,33.061108,32.297615,39.58444,29.131262
882664194bfffff,41.69620623025786,-87.53301495360675,6,39.3185,32.329857,40.687828,28.597853
882664194bfffff,41.69620623025786,-87.53301495360675,7,31.119055,33.83986,40.003082,28.35107
882664194bfffff,41.69620623025786,-87.53301495360675,8,31.999786,27.607899,38.15721,26.882883
882664194bfffff,41.69620623025786,-87.53301495360675,9,19.65429,15.965848,37.265972,23.046276
882664194bfffff,41.69620623025786,-87.53301495360675,10,15.349752,15.167847,25.971523,16.859198
882664194bfffff,41.69620623025786,-87.53301495360675,11,10.980871,9.851768,19.277918,12.377506
882664194bfffff,41.69620623025786,-87.53301495360675,12,10.829172,8.299597,19.04983,12.334392
882664194dfffff,41.70474525854198,-87.54911268491844,1,15.072884,16.110722,11.169911,12.286114
882664194dfffff,41.70474525854198,-87.54911268491844,2,21.155264,18.205463,16.370611,19.785368
882664194dfffff,41.70474525854198,-87.54911268491844,3,28.091516,24.967688,22.557793,25.247921
882664194dfffff,41.70474525854198,-87.54911268491844,4,34.531345,37.96653,27.554907,29.51142
882664194dfffff,41.70474525854198,-87.54911268491844,5,47.853565,53.865284,31.805477,33.773067
882664194dfffff,41.70474525854198,-87.54911268491844,6,52.50353,50.841328,32.718372,33.823936
882664194dfffff,41.70474525854198,-87.54911268491844,7,47.45722,53.369358,31.926645,31.692347
882664194dfffff,41.70474525854198,-87.54911268491844,8,36.34013,42.56334,30.993063,32.21622
882664194dfffff,41.70474525854198,-87.54911268491844,9,26.815987,31.01381,29.443733,30.068676
882664194dfffff,41.70474525854198,-87.54911268491844,10,21.828106,22.087252,20.538584,21.284954
882664194dfffff,41.70474525854198,-87.54911268491844,11,12.944533,15.661187,15.537165,12.175329
882664194dfffff,41.70474525854198,-87.54911268491844,12,12.1129465,13.757193,15.332496,11.76571
8826641955fffff,41.68228379330082,-87.53498209693021,1,5.6234922,11.465359,10.34928,12.387394
8826641955fffff,41.68228379330082,-87.53498209693021,2,12.682032,14.748978,19.503395,15.398654
8826641955fffff,41.68228379330082,-87.53498209693021,3,19.238567,18.394491,26.033405,23.086859
8826641955fffff,41.68228379330082,-87.53498209693021,4,32.11834,39.61821,34.668564,29.775206
8826641955fffff,41.68228379330082,-87.53498209693021,5,41.828545,49.658485,41.135574,34.886517
8826641955fffff,41.68228379330082,-87.53498209693021,6,48.291473,50.10091,43.094982,36.58352
8826641955fffff,41.68228379330082,-87.53498209693021,7,41.08374,49.172413,40.2512,32.864334
8826641955fffff,41.68228379330082,-87.53498209693021,8,35.18923,43.43048,34.52237,30.641644
8826641955fffff,41.68228379330082,-87.53498209693021,9,17.029903,23.080265,31.905924,24.57109
8826641955fffff,41.68228379330082,-87.53498209693021,10,12.4469185,15.57108,21.382383,17.619057
8826641955fffff,41.68228379330082,-87.53498209693021,11,4.583665,10.087394,12.286142,13.064968
8826641955fffff,41.68228379330082,-87.53498209693021,12,4.430191,9.099768,12.321516,12.590232
8826641957fffff,41.674797439502655,-87.53027483865021,1,2.699093,4.8605313,5.736214,5.168681
8826641957fffff,41.674797439502655,-87.53027483865021,2,10.832871,8.777501,10.125154,8.311225
8826641957fffff,41.674797439502655,-87.53027483865021,3,17.838451,14.686365,14.220454,13.841146
8826641957fffff,41.674797439502655,-87.53027483865021,4,21.305334,24.327595,20.435722,19.368244
8826641957fffff,41.674797439502655,-87.53027483865021,5,33.433098,34.35094,26.205822,23.911037
8826641957fffff,41.674797439502655,-87.53027483865021,6,38.973812,33.3645,27.232393,25.55639
8826641957fffff,41.674797439502655,-87.53027483865021,7,33.469696,33.1505,26.610209,24.843761
8826641957fffff,41.674797439502655,-87.53027483865021,8,23.434357,25.951057,21.651228,20.391283
8826641957fffff,41.674797439502655,-87.53027483865021,9,14.441721,15.477086,19.094906,15.362751
8826641957fffff,41.674797439502655,-87.53027483865021,10,10.864739,9.293233,11.472239,11.350844
8826641957fffff,41.674797439502655,-87.53027483865021,11,2.3197768,4.121023,8.638738,7.6017027
8826641957fffff,41.674797439502655,-87.53027483865021,12,2.1768243,3.790696,8.702695,7.5082417
882664195dfffff,41.68871859514832,-87.52830657504286,1,8.320032,7.0102663,15.287744,12.159073
882664195dfffff,41.68871859514832,-87.52830657504286,2,15.075743,12.159244,23.414673,19.62294
882664195dfffff,41.68871859514832,-87.52830657504286,3,23.930855,19.143696,26.296215,27.51516
882664195dfffff,41.68871859514832,-87.52830657504286,4,27.372921,32.37033,30.952105,34.09956
882664195dfffff,41.68871859514832,-87.52830657504286,5,31.716621,52.81203,30.890083,35.679073
882664195dfffff,41.68871859514832,-87.52830657504286,6,37.16721,52.551983,32.77482,35.502254
882664195dfffff,41.68871859514832,-87.52830657504286,7,30.836103,51.86764,31.116415,34.877144
882664195dfffff,41.68871859514832,-87.52830657504286,8,28.485338,36.00334,30.94323,35.29089
882664195dfffff,41.68871859514832,-87.52830657504286,9,20.918009,21.184416,29.767578,28.988552
882664195dfffff,41.68871859514832,-87.52830657504286,10,15.279091,15.640149,24.145208,21.607239
882664195dfffff,41.68871859514832,-87.52830657504286,11,7.5083303,7.495124,17.996027,14.397381
882664195dfffff,41.68871859514832,-87.52830657504286,12,6.9696226,6.519176,17.843977,13.902407
8826641961fffff,41.69291956976968,-87.57384476232016,1,13.4622135,17.97143,10.028935,10.664392
8826641961fffff,41.69291956976968,-87.57384476232016,2,18.348866,21.120184,12.154327,14.779201
8826641961fffff,41.69291956976968,-87.57384476232016,3,21.458624,23.010622,15.550124,19.556408
8826641961fffff,41.69291956976968,-87.57384476232016,4,22.417799,30.85197,18.877592,20.991089
8826641961fffff,41.69291956976968,-87.57384476232016,5,29.28699,39.25945,20.530584,22.61965
8826641961fffff,41.69291956976968,-87.57384476232016,6,32.651016,38.155205,21.788944,22.206705
8826641961fffff,41.69291956976968,-87.57384476232016,7,28.873043,37.34174,20.743998,21.533327
8826641961fffff,41.69291956976968,-87.57384476232016,8,26.02231,34.96887,19.654037,20.159359
8826641961fffff,41.69291956976968,-87.57384476232016,9,35.25511,28.637972,19.91041,20.48859
8826641961fffff,41.69291956976968,-87.57384476232016,10,23.714272,24.520252,14.482432,19.210274
8826641961fffff,41.69291956976968,-87.57384476232016,11,12.264956,15.895955,11.157269,12.128772
8826641961fffff,41.69291956976968,-87.57384476232016,12,11.985384,14.994424,11.43783,11.816878
8826641963fffff,41.685434256148845,-87.56913058705746,1,7.6291027,13.45297,7.257635,7.79922
8826641963fffff,41.685434256148845,-87.56913058705746,2,16.409012,17.670588,12.290693,11.380919
8826641963fffff,41.685434256148845,-87.56913058705746,3,25.493118,25.176456,18.678068,20.226841
8826641963fffff,41.685434256148845,-87.56913058705746,4,53.17557,61.621334,25.15167,26.363586
8826641963fffff,41.685434256148845,-87.56913058705746,5,72.63571,87.853455,31.544378,26.900185
8826641963fffff,41.685434256148845,-87.56913058705746,6,76.87969,87.54843,32.670853,27.901161
8826641963fffff,41.685434256148845,-87.56913058705746,7,71.05905,86.614426,32.043842,27.263176
8826641963fffff,41.685434256148845,-87.56913058705746,8,53.476967,64.535835,26.005545,26.239775
8826641963fffff,41.685434256148845,-87.56913058705746,9,29.78162,35.249477,26.576815,24.315062
8826641963fffff,41.685434256148845,-87.56913058705746,10,14.633981,19.174585,14.260919,15.661681
8826641963fffff,41.685434256148845,-87.56913058705746,11,6.3220043,11.170867,9.514518,9.701626
8826641963fffff,41.685434256148845,-87.56913058705746,12,5.911395,10.600065,9.252951,9.44816
8826641965fffff,41.6939669645281,-87.58522980317638,1,10.992518,16.378351,8.548315,9.016641
8826641965fffff,41.6939669645281,-87.58522980317638,2,16.60781,19.89885,11.202184,11.496738
8826641965fffff,41.6939669645281,-87.58522980317638,3,19.802645,22.37312,13.292626,16.720535
8826641965fffff,41.6939669645281,-87.58522980317638,4,19.905113,26.537481,15.872684,18.306757
8826641965fffff,41.6939669645281,-87.58522980317638,5,31.49879,41.843624,18.74657,20.138573
8826641965fffff,41.6939669645281,-87.58522980317638,6,34.627045,41.12585,19.970364,21.581457
8826641965fffff,41.6939669645281,-87.58522980317638,7,30.722822,39.806763,19.367931,20.820518
8826641965fffff,41.6939669645281,-87.58522980317638,8,22.629972,27.000582,16.343973,19.52196
8826641965fffff,41.6939669645281,-87.58522980317638,9,29.405075,20.77482,18.103819,18.528776
8826641965fffff,41.6939669645281,-87.58522980317638,10,18.574265,19.252155,12.586193,16.10702
8826641965fffff,41.6939669645281,-87.58522980317638,11,9.861657,14.113509,10.060021,10.916304
8826641965fffff,41.6939669645281,-87.58522980317638,12,9.718702,13.211978,9.887991,10.540413
8826641967fffff,41.68648213208494,-87.58051381235315,1,10.921184,13.054293,8.2192745,6.4002213
8826641967fffff,41.68648213208494,-87.58051381235315,2,16.876911,18.843948,11.675417,10.883784
8826641967fffff,41.68648213208494,-87.58051381235315,3,23.975176,21.859644,16.586304,18.159832
8826641967fffff,41.68648213208494,-87.58051381235315,4,27.969652,40.298363,23.062658,23.116919
8826641967fffff,41.68648213208494,-87.58051381235315,5,30.293581,45.526993,28.781662,25.21466
8826641967fffff,41.68648213208494,-87.58051381235315,6,37.632957,45.36758,29.491968,26.221447
8826641967fffff,41.68648213208494,-87.58051381235315,7,30.026018,44.474403,28.92667,24.08357
8826641967fffff,41.68648213208494,-87.58051381235315,8,32.102486,45.51545,24.684532,21.390305
8826641967fffff,41.68648213208494,-87.58051381235315,9,33.35573,41.61625,24.453262,20.836393
8826641967fffff,41.68648213208494,-87.58051381235315,10,23.753332,24.899523,15.63647,14.758149
8826641967fffff,41.68648213208494,-87.58051381235315,11,9.515823,11.856648,11.117853,8.648475
8826641967fffff,41.68648213208494,-87.58051381235315,12,9.152738,10.617884,11.369845,8.509418
8826641969fffff,41.69935722955362,-87.5671737474937,1,8.031714,8.696249,10.9485655,5.609811
8826641969fffff,41.69935722955362,-87.5671737474937,2,12.75468,14.234571,12.849592,12.738128
8826641969fffff,41.69935722955362,-87.5671737474937,3,20.140402,18.32236,16.598091,17.45883
8826641969fffff,41.69935722955362,-87.5671737474937,4,17.946157,29.050896,20.135504,21.646194
8826641969fffff,41.69935722955362,-87.5671737474937,5,24.782816,34.69008,22.83637,23.829054
8826641969fffff,41.69935722955362,-87.5671737474937,6,28.212976,35.12092,23.808474,24.631777
8826641969fffff,41.69935722955362,-87.5671737474937,7,22.4988,33.511185,22.813284,22.448126
8826641969fffff,41.69935722955362,-87.5671737474937,8,22.847197,33.510677,21.012018,20.026525
8826641969fffff,41.69935722955362,-87.5671737474937,9,28.429808,31.454296,23.08943,21.35564
8826641969fffff,41.69935722955362,-87.5671737474937,10,21.57755,19.984583,15.4572,14.629333
8826641969fffff,41.69935722955362,-87.5671737474937,11,6.515321,7.173902,12.737809,6.9725432
8826641969fffff,41.69935722955362,-87.5671737474937,12,6.009074,6.222763,12.83769,6.8781257
882664196bfffff,41.691871035379314,-87.56245991818486,1,12.276515,12.5345,7.5737686,8.01532
882664196bfffff,41.691871035379314,-87.56245991818486,2,17.262238,19.12974,11.65173,12.251296
882664196bfffff,41.691871035379314,-87.56245991818486,3,22.148426,25.71183,16.139032,18.627787
882664196bfffff,41.691871035379314,-87.56245991818486,4,35.1831,29.795177,23.760595,24.691935
882664196bfffff,41.691871035379314,-87.56245991818486,5,47.658688,39.363163,30.1378,26.70665
882664196bfffff,41.691871035379314,-87.56245991818486,6,52.79378,37.506676,31.776121,27.003588
882664196bfffff,41.691871035379314,-87.56245991818486,7,46.483505,39.19631,30.992804,25.580229
882664196bfffff,41.691871035379314,-87.56245991818486,8,39.341843,33.556767,27.326946,23.556828
882664196bfffff,41.691871035379314,-87.56245991818486,9,35.122406,24.956059,28.636986,21.892582
882664196bfffff,41.691871035379314,-87.56245991818486,10,20.729628,20.204859,16.511492,12.631029
882664196bfffff,41.691871035379314,-87.56245991818486,11,10.87053,11.199891,12.137132,7.88488
882664196bfffff,41.691871035379314,-87.56245991818486,12,10.752589,9.522669,11.903896,7.5383162
882664196dfffff,41.70040528281205,-87.5785604079246,1,10.255509,13.863529,8.397762,7.100494
882664196dfffff,41.70040528281205,-87.5785604079246,2,14.538714,19.129637,11.581666,12.068776
882664196dfffff,41.70040528281205,-87.5785604079246,3,20.047146,22.298428,16.361376,16.63156
882664196dfffff,41.70040528281205,-87.5785604079246,4,22.353617,29.863802,21.532446,20.66902
882664196dfffff,41.70040528281205,-87.5785604079246,5,29.550352,38.19881,20.131361,21.402973
882664196dfffff,41.70040528281205,-87.5785604079246,6,32.449562,36.879223,21.172352,20.747269
882664196dfffff,41.70040528281205,-87.5785604079246,7,28.636831,36.52394,21.055342,20.316648
882664196dfffff,41.70040528281205,-87.5785604079246,8,26.04505,35.4483,23.09489,19.574665
882664196dfffff,41.70040528281205,-87.5785604079246,9,35.126293,29.158901,22.472609,20.42654
882664196dfffff,41.70040528281205,-87.5785604079246,10,20.92214,23.098366,15.310024,16.226734
882664196dfffff,41.70040528281205,-87.5785604079246,11,8.911998,12.030904,11.14072,9.136028
882664196dfffff,41.70040528281205,-87.5785604079246,12,8.632426,10.909268,11.421282,8.824137
88266419e9fffff,41.64696227922357,-87.53420778876483,1,8.0733795,10.525905,9.33881,9.299241
88266419e9fffff,41.64696227922357,-87.53420778876483,2,17.94738,16.182848,16.525795,15.719361
88266419e9fffff,41.64696227922357,-87.53420778876483,3,26.000841,22.452364,21.757029,20.67153
88266419e9fffff,41.64696227922357,-87.53420778876483,4,28.968592,40.400574,27.301485,25.714022
88266419e9fffff,41.64696227922357,-87.53420778876483,5,41.14934,52.89282,32.500324,30.377632
88266419e9fffff,41.64696227922357,-87.53420778876483,6,47.236988,51.753906,33.260544,32.227566
88266419e9fffff,41.64696227922357,-87.53420778876483,7,40.46591,51.199177,32.746017,29.195024
88266419e9fffff,41.64696227922357,-87.53420778876483,8,31.618284,41.785675,29.534935,27.075842
88266419e9fffff,41.64696227922357,-87.53420778876483,9,24.877382,25.467312,28.747068,25.485802
88266419e9fffff,41.64696227922357,-87.53420778876483,10,18.458067,17.572584,22.030573,19.459139
88266419e9fffff,41.64696227922357,-87.53420778876483,11,7.413195,10.703479,15.141917,10.437986
88266419e9fffff,41.64696227922357,-87.53420778876483,12,6.741394,8.390641,15.287009,10.280514
88266419edfffff,41.64801369276402,-87.54558174404879,1,9.240511,7.9732776,9.725855,9.48704
88266419edfffff,41.64801369276402,-87.54558174404879,2,14.64621,9.644801,15.5301485,12.793603
88266419edfffff,41.64801369276402,-87.54558174404879,3,19.119162,13.670474,17.590813,19.473337
88266419edfffff,41.64801369276402,-87.54558174404879,4,17.199522,26.749388,22.65009,22.840881
88266419edfffff,41.64801369276402,-87.54558174404879,5,18.506386,34.103893,27.771288,25.300781
88266419edfffff,41.64801369276402,-87.54558174404879,6,23.155458,32.939415,29.571693,26.2598
88266419edfffff,41.64801369276402,-87.54558174404879,7,17.897585,33.59891,27.934708,24.329176
88266419edfffff,41.64801369276402,-87.54558174404879,8,19.93597,29.0631,23.565914,24.185352
88266419edfffff,41.64801369276402,-87.54558174404879,9,14.623825,18.59365,23.141544,20.49359
88266419edfffff,41.64801369276402,-87.54558174404879,10,16.595652,10.597507,17.180227,14.9317665
88266419edfffff,41.64801369276402,-87.54558174404879,11,8.10906,7.4752946,13.532265,10.578962
88266419edfffff,41.64801369276402,-87.54558174404879,12,7.831464,6.161558,13.769383,10.187758
8826641b21fffff,41.71762036498768,-87.53575758637443,1,14.620268,12.116315,9.634403,10.613998
8826641b21fffff,41.71762036498768,-87.53575758637443,2,19.231846,14.596968,16.358488,16.760193
8826641b21fffff,41.71762036498768,-87.53575758637443,3,28.320505,20.377867,20.417295,23.944742
8826641b21fffff,41.71762036498768,-87.53575758637443,4,38.66029,35.299515,23.716063,26.89433
8826641b21fffff,41.71762036498768,-87.53575758637443,5,37.875946,54.311325,26.134407,27.638195
8826641b21fffff,41.71762036498768,-87.53575758637443,6,40.621784,53.338116,27.236032,26.634785
8826641b21fffff,41.71762036498768,-87.53575758637443,7,37.288677,54.08506,26.362085,26.389364
8826641b21fffff,41.71762036498768,-87.53575758637443,8,42.654213,40.537033,24.584887,27.361032
8826641b21fffff,41.71762036498768,-87.53575758637443,9,28.519943,25.419199,23.331425,23.221684
8826641b21fffff,41.71762036498768,-87.53575758637443,10,22.892595,18.226637,17.459143,18.045126
8826641b21fffff,41.71762036498768,-87.53575758637443,11,13.463932,11.239653,12.684715,11.402403
8826641b21fffff,41.71762036498768,-87.53575758637443,12,13.019564,9.146766,12.717407,10.852151
8826641b23fffff,41.71013104895908,-87.53104661695856,1,13.182758,15.408006,13.723798,9.77338
8826641b23fffff,41.71013104895908,-87.53104661695856,2,20.43633,18.400791,21.738138,15.718765
8826641b23fffff,41.71013104895908,-87.53104661695856,3,26.396475,22.206444,25.892714,22.01155
8826641b23fffff,41.71013104895908,-87.53104661695856,4,36.75783,40.274944,29.265472,27.86521
8826641b23fffff,41.71013104895908,-87.53104661695856,5,45.90711,62.07598,34.0509,29.821817
8826641b23fffff,41.71013104895908,-87.53104661695856,6,50.20585,61.97366,34.463367,31.441242
8826641b23fffff,41.71013104895908,-87.53104661695856,7,44.59834,61.91401,31.893951,27.928093
8826641b23fffff,41.71013104895908,-87.53104661695856,8,39.83981,45.982357,29.535177,28.3489
8826641b23fffff,41.71013104895908,-87.53104661695856,9,25.109642,27.969225,27.902454,22.511333
8826641b23fffff,41.71013104895908,-87.53104661695856,10,20.226648,21.054575,24.301987,16.909653
8826641b23fffff,41.71013104895908,-87.53104661695856,11,11.400719,14.283326,15.544283,10.298426
8826641b23fffff,41.71013104895908,-87.53104661695856,12,10.95635,11.596391,15.334919,9.641238
8826641b25fffff,41.71867153702368,-87.54714890737786,1,9.90876,17.012358,14.839239,10.958105
8826641b25fffff,41.71867153702368,-87.54714890737786,2,15.295387,20.81249,25.04974,19.16501
8826641b25fffff,41.71867153702368,-87.54714890737786,3,23.936989,25.849188,30.535805,25.483543
8826641b25fffff,41.71867153702368,-87.54714890737786,4,37.332973,45.078613,37.614502,31.152159
8826641b25fffff,41.71867153702368,-87.54714890737786,5,45.584038,61.872517,43.190243,34.688057
8826641b25fffff,41.71867153702368,-87.54714890737786,6,52.446835,60.038418,43.9512,35.794556
8826641b25fffff,41.71867153702368,-87.54714890737786,7,45.633297,60.19649,42.34921,33.25715
8826641b25fffff,41.71867153702368,-87.54714890737786,8,40.19608,50.01782,40.270493,32.644196
8826641b25fffff,41.71867153702368,-87.54714890737786,9,27.726515,32.89214,39.150677,29.383837
8826641b25fffff,41.71867153702368,-87.54714890737786,10,15.406023,23.109009,29.050982,20.721771
8826641b25fffff,41.71867153702368,-87.54714890737786,11,8.337427,16.684402,18.0326,11.360417
8826641b25fffff,41.71867153702368,-87.54714890737786,12,7.3711967,13.856786,17.580742,11.017586
8826641b27fffff,41.71118270157854,-87.54243611914993,1,14.906754,21.314522,15.650694,12.632107
8826641b27fffff,41.71118270157854,-87.54243611914993,2,21.217615,22.674044,21.054636,20.260788
8826641b27fffff,41.71118270157854,-87.54243611914993,3,28.891401,28.152075,29.033995,24.336407
8826641b27fffff,41.71118270157854,-87.54243611914993,4,37.17324,49.518005,34.75324,27.470652
8826641b27fffff,41.71118270157854,-87.54243611914993,5,49.702686,65.586716,36.23458,32.747494
8826641b27fffff,41.71118270157854,-87.54243611914993,6,53.444683,64.98367,36.285275,33.60984
8826641b27fffff,41.71118270157854,-87.54243611914993,7,47.722977,63.691814,35.517384,30.917706
8826641b27fffff,41.71118270157854,-87.54243611914993,8,39.94469,50.738712,36.915497,28.684278
8826641b27fffff,41.71118270157854,-87.54243611914993,9,31.463476,35.89197,35.067307,26.945866
8826641b27fffff,41.71118270157854,-87.54243611914993,10,21.397202,24.72512,26.024965,23.351961
8826641b27fffff,41.71118270157854,-87.54243611914993,11,13.450886,20.075361,19.367537,13.927261
8826641b27fffff,41.71118270157854,-87.54243611914993,12,12.256006,17.424173,19.344385,13.732229
8826641b29fffff,41.72405824832092,-87.5290770859041,1,9.924244,10.275488,8.883166,9.238812
8826641b29fffff,41.72405824832092,-87.5290770859041,2,19.269346,16.476788,15.125886,15.807355
8826641b29fffff,41.72405824832092,-87.5290770859041,3,26.72613,23.178984,20.756548,20.970697
8826641b29fffff,41.72405824832092,-87.5290770859041,4,31.031992,36.5581,26.69391,25.75885
8826641b29fffff,41.72405824832092,-87.5290770859041,5,43.930172,49.65776,32.92885,30.183311
8826641b29fffff,41.72405824832092,-87.5290770859041,6,49.74301,49.419884,33.53867,30.85412
8826641b29fffff,41.72405824832092,-87.5290770859041,7,43.269238,48.732613,33.024147,29.059057
8826641b29fffff,41.72405824832092,-87.5290770859041,8,34.0059,38.83336,29.80863,26.795927
8826641b29fffff,41.72405824832092,-87.5290770859041,9,27.60554,25.278627,28.389359,25.631523
8826641b29fffff,41.72405824832092,-87.5290770859041,10,19.85049,18.430172,21.329933,19.480873
8826641b29fffff,41.72405824832092,-87.5290770859041,11,8.5866585,11.027587,14.961531,10.43591
8826641b29fffff,41.72405824832092,-87.5290770859041,12,7.7716966,8.968511,15.129482,10.341493
8826641b2dfffff,41.72511008072611,-87.54047002650093,1,15.445963,13.95792,19.83127,12.114572
8826641b2dfffff,41.72511008072611,-87.54047002650093,2,23.87233,20.047207,25.709217,22.270483
8826641b2dfffff,41.72511008072611,-87.54047002650093,3,35.306488,24.938463,31.200487,28.46533
8826641b2dfffff,41.72511008072611,-87.54047002650093,4,52.48619,37.934032,36.733864,35.763107
8826641b2dfffff,41.72511008072611,-87.54047002650093,5,59.529053,60.37189,40.090843,39.604767
8826641b2dfffff,41.72511008072611,-87.54047002650093,6,61.157993,59.313988,41.5556,39.194878
8826641b2dfffff,41.72511008072611,-87.54047002650093,7,56.641266,60.334904,39.729584,37.81196
8826641b2dfffff,41.72511008072611,-87.54047002650093,8,56.06443,44.127922,38.15158,35.64855
8826641b2dfffff,41.72511008072611,-87.54047002650093,9,38.05543,27.541971,36.98176,31.65254
8826641b2dfffff,41.72511008072611,-87.54047002650093,10,25.196247,24.615078,27.86418,22.554567
8826641b2dfffff,41.72511008072611,-87.54047002650093,11,14.070869,14.336982,22.820211,13.50317
8826641b2dfffff,41.72511008072611,-87.54047002650093,12,13.550634,12.015995,22.348028,12.825745
8826641b35fffff,41.70264213302354,-87.52633711762863,1,19.0974,13.989364,16.56172,11.065713
8826641b35fffff,41.70264213302354,-87.52633711762863,2,23.777885,17.907293,25.33555,17.266039
8826641b35fffff,41.70264213302354,-87.52633711762863,3,36.902084,25.953562,30.330774,24.10235
8826641b35fffff,41.70264213302354,-87.52633711762863,4,42.307465,31.805347,35.891136,29.06517
8826641b35fffff,41.70264213302354,-87.52633711762863,5,54.016582,57.480305,42.807613,32.71996
8826641b35fffff,41.70264213302354,-87.52633711762863,6,60.582386,56.214634,43.68283,34.10857
8826641b35fffff,41.70264213302354,-87.52633711762863,7,53.2455,55.415184,41.512306,30.94849
8826641b35fffff,41.70264213302354,-87.52633711762863,8,41.758648,33.53326,38.78119,30.300623
8826641b35fffff,41.70264213302354,-87.52633711762863,9,31.752924,26.403923,36.873657,27.292673
8826641b35fffff,41.70264213302354,-87.52633711762863,10,23.430311,19.711214,28.759315,18.004402
8826641b35fffff,41.70264213302354,-87.52633711762863,11,16.185804,12.636369,19.179565,11.051317
8826641b35fffff,41.70264213302354,-87.52633711762863,12,14.8598995,9.649289,18.558765,10.5244055
8826641b65fffff,41.73903983956094,-87.53850274041257,1,6.389512,11.110605,9.953415,10.952459
8826641b65fffff,41.73903983956094,-87.53850274041257,2,14.996229,19.256607,16.473627,18.07435
8826641b65fffff,41.73903983956094,-87.53850274041257,3,23.598007,25.382715,21.86175,22.765497
8826641b65fffff,41.73903983956094,-87.53850274041257,4,32.578968,46.277336,28.927172,28.012945
8826641b65fffff,41.73903983956094,-87.53850274041257,5,44.362705,59.38068,33.448914,33.03726
8826641b65fffff,41.73903983956094,-87.53850274041257,6,46.973007,59.59197,34.91246,33.80619
8826641b65fffff,41.73903983956094,-87.53850274041257,7,41.538277,58.765686,33.48349,32.18262
8826641b65fffff,41.73903983956094,-87.53850274041257,8,35.332085,48.183235,31.116938,29.455168
8826641b65fffff,41.73903983956094,-87.53850274041257,9,27.217848,33.91534,29.619244,27.54587
8826641b65fffff,41.73903983956094,-87.53850274041257,10,15.660799,21.8433,22.001307,23.05389
8826641b65fffff,41.73903983956094,-87.53850274041257,11,5.3526154,12.559752,15.183242,13.890408
8826641b65fffff,41.73903983956094,-87.53850274041257,12,4.537654,10.500674,15.636166,13.75135
8826641b67fffff,41.73154884428728,-87.53378917739131,1,10.011398,8.1620455,7.6229286,9.443357
8826641b67fffff,41.73154884428728,-87.53378917739131,2,16.104214,8.762355,10.914005,13.596026
8826641b67fffff,41.73154884428728,-87.53378917739131,3,20.45523,11.689371,15.319492,15.485147
8826641b67fffff,41.73154884428728,-87.53378917739131,4,16.427355,23.35226,17.822626,16.73211
8826641b67fffff,41.73154884428728,-87.53378917739131,5,26.898975,31.428875,20.013317,19.447416
8826641b67fffff,41.73154884428728,-87.53378917739131,6,31.997892,29.773705,20.452566,19.395767
8826641b67fffff,41.73154884428728,-87.53378917739131,7,26.325754,29.5824,20.995388,17.76767
8826641b67fffff,41.73154884428728,-87.53378917739131,8,18.314268,24.943056,20.561226,15.358873
8826641b67fffff,41.73154884428728,-87.53378917739131,9,14.296973,13.511898,18.16158,13.47958
8826641b67fffff,41.73154884428728,-87.53378917739131,10,15.007579,10.619867,15.403639,12.199758
8826641b67fffff,41.73154884428728,-87.53378917739131,11,8.317731,7.3247614,11.807147,7.124889
8826641b67fffff,41.73154884428728,-87.53378917739131,12,7.836496,6.8450813,11.804578,6.934613
8826641b6dfffff,41.74547970267516,-87.53181957340244,1,4.743001,3.458598,6.9535284,5.471556
8826641b6dfffff,41.74547970267516,-87.53181957340244,2,12.143371,7.617109,11.60712,9.104832
8826641b6dfffff,41.74547970267516,-87.53181957340244,3,19.254414,13.380388,18.071192,15.783195
8826641b6dfffff,41.74547970267516,-87.53181957340244,4,23.947878,26.225407,23.157455,21.685717
8826641b6dfffff,41.74547970267516,-87.53181957340244,5,33.201435,34.91032,28.551277,25.487324
8826641b6dfffff,41.74547970267516,-87.53181957340244,6,40.577732,33.682926,29.15788,26.875711
8826641b6dfffff,41.74547970267516,-87.53181957340244,7,33.09178,33.68155,29.67106,26.474302
8826641b6dfffff,41.74547970267516,-87.53181957340244,8,26.21728,28.668947,25.68546,22.356028
8826641b6dfffff,41.74547970267516,-87.53181957340244,9,16.413088,16.656044,22.852266,17.199492
8826641b6dfffff,41.74547970267516,-87.53181957340244,10,12.144836,9.053747,15.26884,12.159932
8826641b6dfffff,41.74547970267516,-87.53181957340244,11,4.217425,2.9712343,11.379914,8.115975
8826641b6dfffff,41.74547970267516,-87.53181957340244,12,3.8477962,2.356488,11.466731,8.022512
8826645201fffff,41.796225775833896,-87.778833644732,1,18.950684,17.922802,12.137981,6.98678
8826645201fffff,41.796225775833896,-87.778833644732,2,23.496939,22.17834,17.404016,12.8120775
8826645201fffff,41.796225775833896,-87.778833644732,3,31.689762,22.787796,20.553734,20.004421
8826645201fffff,41.796225775833896,-87.778833644732,4,28.062666,22.072775,26.096952,26.158867
8826645201fffff,41.796225775833896,-87.778833644732,5,38.55202,39.17213,29.127153,26.50685
8826645201fffff,41.796225775833896,-87.778833644732,6,45.096043,38.943165,30.787989,26.916409
8826645201fffff,41.796225775833896,-87.778833644732,7,36.681858,38.487926,28.994513,26.557383
8826645201fffff,41.796225775833896,-87.778833644732,8,31.36668,27.839127,30.731382,25.887442
8826645201fffff,41.796225775833896,-87.778833644732,9,33.82874,24.14701,31.817326,21.196564
8826645201fffff,41.796225775833896,-87.778833644732,10,28.396982,28.94061,23.37102,14.707338
8826645201fffff,41.796225775833896,-87.778833644732,11,14.482144,13.623257,15.8562765,9.313173
8826645201fffff,41.796225775833896,-87.778833644732,12,13.9707575,10.848437,16.378746,9.355184
8826645203fffff,41.78874203870028,-87.77407814018883,1,13.087621,17.176304,13.617091,10.633447
8826645203fffff,41.78874203870028,-87.77407814018883,2,20.871878,18.332272,20.077372,18.471964
8826645203fffff,41.78874203870028,-87.77407814018883,3,28.008982,24.624924,25.210543,25.090551
8826645203fffff,41.78874203870028,-87.77407814018883,4,31.780542,32.617264,31.08317,30.285954
8826645203fffff,41.78874203870028,-87.77407814018883,5,40.020115,45.34786,34.931736,33.269684
8826645203fffff,41.78874203870028,-87.77407814018883,6,46.95756,43.565544,35.402775,34.479515
8826645203fffff,41.78874203870028,-87.77407814018883,7,39.76363,44.255966,34.205986,31.841417
8826645203fffff,41.78874203870028,-87.77407814018883,8,32.763767,36.360188,32.60757,33.17346
8826645203fffff,41.78874203870028,-87.77407814018883,9,23.205385,26.359264,31.317354,29.957066
8826645203fffff,41.78874203870028,-87.77407814018883,10,20.56382,20.846645,22.604294,21.491777
8826645203fffff,41.78874203870028,-87.77407814018883,11,11.388755,16.35545,17.53953,11.544086
8826645203fffff,41.78874203870028,-87.77407814018883,12,10.330493,13.693898,17.467588,11.288586
8826645205fffff,41.79725248242352,-87.79024293224079,1,14.571937,13.664525,14.777733,12.297208
8826645205fffff,41.79725248242352,-87.79024293224079,2,19.135996,17.189264,16.351685,19.009924
8826645205fffff,41.79725248242352,-87.79024293224079,3,23.965775,19.848877,22.021292,21.310349
8826645205fffff,41.79725248242352,-87.79024293224079,4,24.124825,25.832644,23.873552,21.84678
8826645205fffff,41.79725248242352,-87.79024293224079,5,35.451946,33.394825,24.962868,25.145338
8826645205fffff,41.79725248242352,-87.79024293224079,6,37.799404,32.653175,25.220877,25.599194
8826645205fffff,41.79725248242352,-87.79024293224079,7,33.437218,32.15613,25.2748,23.17988
8826645205fffff,41.79725248242352,-87.79024293224079,8,29.807644,26.731544,24.493803,22.287716
8826645205fffff,41.79725248242352,-87.79024293224079,9,34.019493,22.663542,25.405153,21.759138
8826645205fffff,41.79725248242352,-87.79024293224079,10,24.96539,17.294626,18.577774,19.594002
8826645205fffff,41.79725248242352,-87.79024293224079,11,13.43418,12.119764,16.780628,10.809465
8826645205fffff,41.79725248242352,-87.79024293224079,12,12.952947,10.681337,16.537514,10.618231
8826645207fffff,41.78976923617244,-87.78548561116105,1,13.8839445,16.70236,16.91471,10.135408
8826645207fffff,41.78976923617244,-87.78548561116105,2,18.214664,19.81305,24.446886,17.374334
8826645207fffff,41.78976923617244,-87.78548561116105,3,25.574783,23.291674,27.38208,23.34643
8826645207fffff,41.78976923617244,-87.78548561116105,4,30.003775,31.496502,31.186117,27.622902
8826645207fffff,41.78976923617244,-87.78548561116105,5,36.08815,53.321716,34.87744,29.299578
8826645207fffff,41.78976923617244,-87.78548561116105,6,41.791813,50.64749,35.94738,31.342163
8826645207fffff,41.78976923617244,-87.78548561116105,7,34.994003,51.710197,33.78813,29.294167
8826645207fffff,41.78976923617244,-87.78548561116105,8,30.751663,33.724644,33.903778,29.339724
8826645207fffff,41.78976923617244,-87.78548561116105,9,24.360878,28.308048,32.820953,26.46382
8826645207fffff,41.78976923617244,-87.78548561116105,10,18.92664,22.569645,27.474041,19.793928
8826645207fffff,41.78976923617244,-87.78548561116105,11,12.357678,15.704945,18.624035,12.437545
8826645207fffff,41.78976923617244,-87.78548561116105,12,11.132644,13.123303,18.30767,11.957504
882664520bfffff,41.79519792378492,-87.76742453849852,1,16.190928,22.932549,10.801787,7.681897
882664520bfffff,41.79519792378492,-87.76742453849852,2,20.401773,25.75288,16.444357,10.641824
882664520bfffff,41.79519792378492,-87.76742453849852,3,23.430058,26.152063,25.324087,18.39196
882664520bfffff,41.79519792378492,-87.76742453849852,4,35.65875,35.68148,33.61858,22.424633
882664520bfffff,41.79519792378492,-87.76742453849852,5,50.91465,48.491566,42.257706,25.491272
882664520bfffff,41.79519792378492,-87.76742453849852,6,60.052517,45.915184,43.1525,26.147179
882664520bfffff,41.79519792378492,-87.76742453849852,7,51.147156,45.925327,40.445503,23.77346
882664520bfffff,41.79519792378492,-87.76742453849852,8,42.064854,42.60979,34.149895,21.984587
882664520bfffff,41.79519792378492,-87.76742453849852,9,34.102463,41.18128,36.07166,20.082443
882664520bfffff,41.79519792378492,-87.76742453849852,10,26.822233,29.802343,18.61863,12.394753
882664520bfffff,41.79519792378492,-87.76742453849852,11,12.655959,17.836006,12.992326,8.478502
882664520bfffff,41.79519792378492,-87.76742453849852,12,11.698583,15.566372,13.186952,8.394319
8826645211fffff,41.78022985937471,-87.75791864543032,1,4.55536,1.0155023,2.5444782,4.985709
8826645211fffff,41.78022985937471,-87.75791864543032,2,2.666807,-0.42403445,4.108484,5.1725645
8826645211fffff,41.78022985937471,-87.75791864543032,3,2.827912,-0.83813137,4.5528197,6.69942
8826645211fffff,41.78022985937471,-87.75791864543032,4,3.9208653,-1.8225617,3.7785819,6.1248455
8826645211fffff,41.78022985937471,-87.75791864543032,5,4.9155493,-0.35402197,5.398902,6.764826
8826645211fffff,41.78022985937471,-87.75791864543032,6,5.00607,0.15891579,6.0799475,7.4371824
8826645211fffff,41.78022985937471,-87.75791864543032,7,4.1840477,0.9586873,5.9076314,7.4913807
8826645211fffff,41.78022985937471,-87.75791864543032,8,3.8396037,0.2401667,4.7220745,7.789662
8826645211fffff,41.78022985937471,-87.75791864543032,9,0.16510653,2.9055955,4.610375,7.91797
8826645211fffff,41.78022985937471,-87.75791864543032,10,4.9180865,0.3264521,4.717171,6.6498823
8826645211fffff,41.78022985937471,-87.75791864543032,11,4.2816525,1.4627484,3.073349,5.887661
8826645211fffff,41.78022985937471,-87.75791864543032,12,4.133533,1.3804058,3.210333,5.726111
8826645215fffff,41.78125869200441,-87.76932411837223,1,11.458741,10.705839,19.133099,8.2813225
8826645215fffff,41.78125869200441,-87.76932411837223,2,16.908993,14.715146,23.891323,14.889515
8826645215fffff,41.78125869200441,-87.76932411837223,3,23.137598,18.471714,27.87839,20.434658
8826645215fffff,41.78125869200441,-87.76932411837223,4,30.81976,35.144634,31.181097,23.546003
8826645215fffff,41.78125869200441,-87.76932411837223,5,43.781746,49.59357,38.026997,27.870577
8826645215fffff,41.78125869200441,-87.76932411837223,6,46.775276,48.3858,39.43281,29.893295
8826645215fffff,41.78125869200441,-87.76932411837223,7,40.68471,49.163914,37.78206,26.632996
8826645215fffff,41.78125869200441,-87.76932411837223,8,34.891983,38.87245,34.49328,23.838312
8826645215fffff,41.78125869200441,-87.76932411837223,9,25.039677,20.983103,34.416546,22.257696
8826645215fffff,41.78125869200441,-87.76932411837223,10,19.724895,17.054016,27.558794,15.4488945
8826645215fffff,41.78125869200441,-87.76932411837223,11,9.727006,10.781152,22.142086,8.634873
8826645215fffff,41.78125869200441,-87.76932411837223,12,8.668746,8.309678,21.80058,8.295838
8826645219fffff,41.78668420867295,-87.7512637439299,1,4.129804,1.6192644,5.2451057,3.2326746
8826645219fffff,41.78668420867295,-87.7512637439299,2,4.992201,1.7939836,6.805855,3.0152857
8826645219fffff,41.78668420867295,-87.7512637439299,3,5.9582376,1.2281572,7.175233,2.922076
8826645219fffff,41.78668420867295,-87.7512637439299,4,11.5809765,3.848014,11.767401,4.718504
8826645219fffff,41.78668420867295,-87.7512637439299,5,11.512736,6.978662,10.384659,5.0779533
8826645219fffff,41.78668420867295,-87.7512637439299,6,12.299867,7.492961,10.643334,6.2132573
8826645219fffff,41.78668420867295,-87.7512637439299,7,12.105693,7.257157,10.378795,5.049286
8826645219fffff,41.78668420867295,-87.7512637439299,8,12.752618,4.6589904,12.940872,6.144464
8826645219fffff,41.78668420867295,-87.7512637439299,9,8.5440235,2.4690402,10.419825,5.3222237
8826645219fffff,41.78668420867295,-87.7512637439299,10,5.805652,2.1206572,7.9621625,4.242488
8826645219fffff,41.78668420867295,-87.7512637439299,11,4.658567,1.9071815,5.2947955,2.9178774
8826645219fffff,41.78668420867295,-87.7512637439299,12,4.6109242,1.7647923,5.1156955,2.4255772
882664521bfffff,41.77919988217172,-87.74651335530268,1,6.0620604,1.0806067,5.174194,5.5005
882664521bfffff,41.77919988217172,-87.74651335530268,2,4.299537,0.063558474,6.4604144,5.8928256
882664521bfffff,41.77919988217172,-87.74651335530268,3,3.9351473,-1.3551214,6.14918,6.4083686
882664521bfffff,41.77919988217172,-87.74651335530268,4,4.7714334,-2.3555322,8.3764515,5.805288
882664521bfffff,41.77919988217172,-87.74651335530268,5,5.9184093,0.38870585,7.5290813,6.9456415
882664521bfffff,41.77919988217172,-87.74651335530268,6,6.35729,1.0824509,8.405589,8.250014
882664521bfffff,41.77919988217172,-87.74651335530268,7,5.9388304,1.4593197,7.874724,7.171976
882664521bfffff,41.77919988217172,-87.74651335530268,8,6.0814185,-0.4576493,8.443646,7.7170887
882664521bfffff,41.77919988217172,-87.74651335530268,9,0.82920784,0.97164434,6.392647,7.6001883
882664521bfffff,41.77919988217172,-87.74651335530268,10,6.0341682,0.7899281,5.882802,7.4678288
882664521bfffff,41.77919988217172,-87.74651335530268,11,5.600216,1.387127,4.935471,5.411594
882664521bfffff,41.77919988217172,-87.74651335530268,12,5.393175,1.2843776,4.788113,4.919295
882664521dfffff,41.78771369617779,-87.76267085081179,1,16.526922,22.464756,13.052385,11.632607
882664521dfffff,41.78771369617779,-87.76267085081179,2,23.812988,21.228912,20.813246,18.049751
882664521dfffff,41.78771369617779,-87.76267085081179,3,28.481247,28.350983,29.385574,24.542593
882664521dfffff,41.78771369617779,-87.76267085081179,4,30.313065,38.205708,32.62267,27.199106
882664521dfffff,41.78771369617779,-87.76267085081179,5,43.85875,55.165848,32.342136,31.151094
882664521dfffff,41.78771369617779,-87.76267085081179,6,48.495796,52.730114,32.29975,32.117775
882664521dfffff,41.78771369617779,-87.76267085081179,7,43.484486,52.30758,31.863312,28.898531
882664521dfffff,41.78771369617779,-87.76267085081179,8,32.816353,39.765392,34.552963,29.698317
882664521dfffff,41.78771369617779,-87.76267085081179,9,25.873213,28.24574,32.564835,26.993095
882664521dfffff,41.78771369617779,-87.76267085081179,10,23.396286,23.159256,23.956205,20.917763
882664521dfffff,41.78771369617779,-87.76267085081179,11,14.61464,20.056017,16.466116,11.21131
882664521dfffff,41.78771369617779,-87.76267085081179,12,13.646441,17.307314,16.323793,11.020076
882664522bfffff,41.79079528852658,-87.79689326282838,1,9.258771,8.160524,13.637421,10.464896
882664522bfffff,41.79079528852658,-87.79689326282838,2,14.902169,9.996473,17.99894,16.817297
882664522bfffff,41.79079528852658,-87.79689326282838,3,19.830591,14.789299,24.105274,22.99713
882664522bfffff,41.79079528852658,-87.79689326282838,4,34.384953,33.829044,28.078068,29.379894
882664522bfffff,41.79079528852658,-87.79689326282838,5,48.077003,48.906788,32.096855,30.728909
882664522bfffff,41.79079528852658,-87.79689326282838,6,53.109314,47.962837,31.717594,30.679047
882664522bfffff,41.79079528852658,-87.79689326282838,7,47.800583,48.37154,31.339735,28.374414
882664522bfffff,41.79079528852658,-87.79689326282838,8,37.605408,38.816456,29.469362,29.816605
882664522bfffff,41.79079528852658,-87.79689326282838,9,21.745977,19.864147,27.167353,23.624113
882664522bfffff,41.79079528852658,-87.79689326282838,10,17.675966,12.408135,20.610027,17.344347
882664522bfffff,41.79079528852658,-87.79689326282838,11,8.057208,7.4898634,16.00904,11.06232
882664522bfffff,41.79079528852658,-87.79689326282838,12,7.607499,5.703869,15.918396,10.666418
8826645231fffff,41.77583094810959,-87.78737943831302,1,9.26149,9.561801,11.235939,10.393269
8826645231fffff,41.77583094810959,-87.78737943831302,2,13.739107,12.382664,20.08659,15.135694
8826645231fffff,41.77583094810959,-87.78737943831302,3,17.277166,14.3327875,22.98812,22.242079
8826645231fffff,41.77583094810959,-87.78737943831302,4,27.580135,30.863068,28.303394,27.997818
8826645231fffff,41.77583094810959,-87.78737943831302,5,32.946068,42.362804,33.506973,30.578453
8826645231fffff,41.77583094810959,-87.78737943831302,6,38.130302,41.536953,35.087376,31.537472
8826645231fffff,41.77583094810959,-87.78737943831302,7,32.312122,42.601696,33.295223,29.704647
8826645231fffff,41.77583094810959,-87.78737943831302,8,30.732538,35.66878,30.286901,30.104746
8826645231fffff,41.77583094810959,-87.78737943831302,9,17.656351,20.32633,29.543058,24.755997
8826645231fffff,41.77583094810959,-87.78737943831302,10,14.545019,12.461702,23.103453,17.914534
8826645231fffff,41.77583094810959,-87.78737943831302,11,7.9416237,8.424734,14.870651,11.635626
8826645231fffff,41.77583094810959,-87.78737943831302,12,7.7899227,6.726905,14.934596,11.16089
8826645235fffff,41.77685683757954,-87.79878363924529,1,10.050417,9.602528,10.741855,7.964069
8826645235fffff,41.77685683757954,-87.79878363924529,2,15.297686,13.458456,15.884873,12.786027
8826645235fffff,41.77685683757954,-87.79878363924529,3,20.739985,16.51583,19.506514,18.304049
8826645235fffff,41.77685683757954,-87.79878363924529,4,28.579145,32.84996,25.35,24.669254
8826645235fffff,41.77685683757954,-87.79878363924529,5,38.327583,45.351376,30.957422,28.568184
8826645235fffff,41.77685683757954,-87.79878363924529,6,43.93055,43.244785,32.011898,27.40865
8826645235fffff,41.77685683757954,-87.79878363924529,7,37.326157,44.68126,31.771872,27.78767
8826645235fffff,41.77685683757954,-87.79878363924529,8,30.29746,37.493027,29.336693,24.658314
8826645235fffff,41.77685683757954,-87.79878363924529,9,20.971457,20.209942,27.704794,20.651997
8826645235fffff,41.77685683757954,-87.79878363924529,10,15.536483,15.794818,20.940842,13.358313
8826645235fffff,41.77685683757954,-87.79878363924529,11,8.408902,9.57197,15.811878,8.470505
8826645235fffff,41.77685683757954,-87.79878363924529,12,8.064288,8.127876,15.652563,8.041365
8826645239fffff,41.78228637999277,-87.78072977322887,1,13.23883,10.491932,16.346561,10.201149
8826645239fffff,41.78228637999277,-87.78072977322887,2,17.138163,13.855991,24.117874,18.514397
8826645239fffff,41.78228637999277,-87.78072977322887,3,23.667465,19.029634,27.825716,25.118252
8826645239fffff,41.78228637999277,-87.78072977322887,4,28.52784,27.512693,32.81637,31.167885
8826645239fffff,41.78228637999277,-87.78072977322887,5,37.340782,40.681824,37.272808,34.143166
8826645239fffff,41.78228637999277,-87.78072977322887,6,42.809036,38.82896,38.54251,34.850746
8826645239fffff,41.78228637999277,-87.78072977322887,7,36.72647,40.02905,37.593998,32.62167
8826645239fffff,41.78228637999277,-87.78072977322887,8,32.76977,31.86407,35.294544,32.752823
8826645239fffff,41.78228637999277,-87.78072977322887,9,23.403624,19.332067,33.899334,27.4846
8826645239fffff,41.78228637999277,-87.78072977322887,10,19.989405,16.15813,26.999807,19.878386
8826645239fffff,41.78228637999277,-87.78072977322887,11,11.169677,10.35419,19.618782,10.761443
8826645239fffff,41.78228637999277,-87.78072977322887,12,10.825063,8.553416,19.391605,10.422412
882664523bfffff,41.77480391427163,-87.77597541781626,1,9.089007,11.662424,16.472088,10.709801
882664523bfffff,41.77480391427163,-87.77597541781626,2,14.174684,13.735349,24.430042,17.92944
882664523bfffff,41.77480391427163,-87.77597541781626,3,18.567963,19.771189,28.173094,24.61509
882664523bfffff,41.77480391427163,-87.77597541781626,4,24.233126,30.222603,34.486267,30.866203
882664523bfffff,41.77480391427163,-87.77597541781626,5,31.709747,43.026196,39.621178,35.007153
882664523bfffff,41.77480391427163,-87.77597541781626,6,37.74681,42.175426,41.75058,36.037674
882664523bfffff,41.77480391427163,-87.77597541781626,7,31.22502,43.610256,39.948017,34.233803
882664523bfffff,41.77480391427163,-87.77597541781626,8,26.79139,35.042145,36.583237,32.918118
882664523bfffff,41.77480391427163,-87.77597541781626,9,16.026476,20.57202,35.316017,27.420504
882664523bfffff,41.77480391427163,-87.77597541781626,10,15.152972,15.308958,26.43403,20.855993
882664523bfffff,41.77480391427163,-87.77597541781626,11,8.295888,11.363597,20.052307,12.465216
882664523bfffff,41.77480391427163,-87.77597541781626,12,7.9512734,9.674425,19.920334,12.122045
882664523dfffff,41.78331292327196,-87.79213560910061,1,19.97917,19.748156,11.875025,12.322729
882664523dfffff,41.78331292327196,-87.79213560910061,2,27.311634,21.193523,19.556768,18.452152
882664523dfffff,41.78331292327196,-87.79213560910061,3,33.18749,26.340134,26.680946,24.079662
882664523dfffff,41.78331292327196,-87.79213560910061,4,35.48925,40.485157,30.250572,26.707085
882664523dfffff,41.78331292327196,-87.79213560910061,5,46.855785,57.153225,32.986134,31.451015
882664523dfffff,41.78331292327196,-87.79213560910061,6,53.443245,55.38049,33.106075,33.145287
882664523dfffff,41.78331292327196,-87.79213560910061,7,46.514725,53.76945,32.206818,29.353153
882664523dfffff,41.78331292327196,-87.79213560910061,8,37.770554,40.22303,33.209133,28.151447
882664523dfffff,41.78331292327196,-87.79213560910061,9,29.486984,29.593811,31.223242,25.865625
882664523dfffff,41.78331292327196,-87.79213560910061,10,26.541588,21.538929,24.574316,20.770506
882664523dfffff,41.78331292327196,-87.79213560910061,11,17.81689,17.766598,16.133142,12.288183
882664523dfffff,41.78331292327196,-87.79213560910061,12,17.102816,15.850346,16.0443,12.033894
8826645251fffff,41.80062438205676,-87.74935840856482,1,11.383109,15.871567,12.460389,11.522866
8826645251fffff,41.80062438205676,-87.74935840856482,2,19.526495,18.193901,20.414429,17.55372
8826645251fffff,41.80062438205676,-87.74935840856482,3,24.172539,24.090498,24.96936,23.381268
8826645251fffff,41.80062438205676,-87.74935840856482,4,36.16848,40.670387,29.419401,28.884224
8826645251fffff,41.80062438205676,-87.74935840856482,5,48.928246,53.93433,36.12223,30.659813
8826645251fffff,41.80062438205676,-87.74935840856482,6,53.786797,53.092014,38.1632,31.4318
8826645251fffff,41.80062438205676,-87.74935840856482,7,50.02438,55.064392,37.06343,29.983076
8826645251fffff,41.80062438205676,-87.74935840856482,8,41.972855,47.901592,32.51608,30.137735
8826645251fffff,41.80062438205676,-87.74935840856482,9,27.291477,28.033438,30.722588,24.47495
8826645251fffff,41.80062438205676,-87.74935840856482,10,20.62569,20.52333,24.63577,18.354519
8826645251fffff,41.80062438205676,-87.74935840856482,11,11.5747175,15.692296,16.742928,11.497262
8826645251fffff,41.80062438205676,-87.74935840856482,12,11.17953,13.892658,16.306404,11.067165
8826645253fffff,41.79313878358059,-87.74460687345906,1,11.467208,10.451789,10.654674,7.8699565
8826645253fffff,41.79313878358059,-87.74460687345906,2,18.689018,14.141672,15.756956,13.353287
8826645253fffff,41.79313878358059,-87.74460687345906,3,23.879719,17.349443,20.616444,18.261408
8826645253fffff,41.79313878358059,-87.74460687345906,4,34.91028,37.606586,25.634363,24.478483
8826645253fffff,41.79313878358059,-87.74460687345906,5,49.280903,51.225567,32.467777,27.11308
8826645253fffff,41.79313878358059,-87.74460687345906,6,52.825806,49.478893,33.325855,27.297838
8826645253fffff,41.79313878358059,-87.74460687345906,7,47.383873,50.477493,32.640453,26.006851
8826645253fffff,41.79313878358059,-87.74460687345906,8,40.981575,43.53676,29.911327,24.97369
8826645253fffff,41.79313878358059,-87.74460687345906,9,25.571291,20.345734,27.736788,20.09858
8826645253fffff,41.79313878358059,-87.74460687345906,10,19.960829,16.578613,21.328367,13.949474
8826645253fffff,41.79313878358059,-87.74460687345906,11,10.391206,10.343267,14.211008,7.7976556
8826645253fffff,41.79313878358059,-87.74460687345906,12,10.046592,8.537808,13.976585,7.1373653
8826645257fffff,41.79416892634444,-87.75601561444077,1,10.96935,15.219594,11.1711445,10.4254265
8826645257fffff,41.79416892634444,-87.75601561444077,2,18.103416,17.009466,18.756584,14.731903
8826645257fffff,41.79416892634444,-87.75601561444077,3,23.425455,21.026882,23.384718,21.850805
8826645257fffff,41.79416892634444,-87.75601561444077,4,35.698696,35.039597,28.59558,27.07033
8826645257fffff,41.79416892634444,-87.75601561444077,5,49.70994,47.910004,33.05191,29.792278
8826645257fffff,41.79416892634444,-87.75601561444077,6,54.63786,46.819893,33.61981,30.826426
8826645257fffff,41.79416892634444,-87.75601561444077,7,48.791553,47.46206,32.385212,27.221447
8826645257fffff,41.79416892634444,-87.75601561444077,8,39.891586,40.099262,29.524559,28.086094
8826645257fffff,41.79416892634444,-87.75601561444077,9,21.50771,25.703094,28.278229,22.661177
8826645257fffff,41.79416892634444,-87.75601561444077,10,19.856823,17.273819,21.51523,16.448315
8826645257fffff,41.79416892634444,-87.75601561444077,11,9.183295,13.398171,14.102069,10.406563
8826645257fffff,41.79416892634444,-87.75601561444077,12,8.859481,10.821801,14.199113,10.067531
8826645259fffff,41.80708006286687,-87.74269923248931,1,10.198821,12.6228285,13.7536335,11.483092
8826645259fffff,41.80708006286687,-87.74269923248931,2,17.123468,14.640057,21.27671,17.69015
8826645259fffff,41.80708006286687,-87.74269923248931,3,22.634813,19.100143,25.8205,24.112041
8826645259fffff,41.80708006286687,-87.74269923248931,4,32.987892,34.47866,30.434109,28.680687
8826645259fffff,41.80708006286687,-87.74269923248931,5,43.230885,47.137802,37.422123,30.69359
8826645259fffff,41.80708006286687,-87.74269923248931,6,49.001064,44.976124,38.421276,31.153797
8826645259fffff,41.80708006286687,-87.74269923248931,7,42.770718,47.147823,37.346294,29.819784
8826645259fffff,41.80708006286687,-87.74269923248931,8,37.464268,40.157017,32.413708,30.639557
8826645259fffff,41.80708006286687,-87.74269923248931,9,21.333765,23.460331,30.138496,25.09004
8826645259fffff,41.80708006286687,-87.74269923248931,10,19.439903,16.984596,24.122274,19.89141
8826645259fffff,41.80708006286687,-87.74269923248931,11,8.895392,12.757349,17.053303,11.848394
8826645259fffff,41.80708006286687,-87.74269923248931,12,8.470696,10.496628,16.648449,11.418298
882664525bfffff,41.79959358364989,-87.73794803332366,1,9.246163,9.008835,16.55689,7.7974086
882664525bfffff,41.79959358364989,-87.73794803332366,2,16.821795,11.397607,21.27222,13.483347
882664525bfffff,41.79959358364989,-87.73794803332366,3,22.29956,15.371391,24.624624,17.983826
882664525bfffff,41.79959358364989,-87.73794803332366,4,34.676632,34.17389,30.037718,24.35634
882664525bfffff,41.79959358364989,-87.73794803332366,5,49.802204,49.22694,35.999287,28.269218
882664525bfffff,41.79959358364989,-87.73794803332366,6,52.442528,49.15442,37.61237,30.722425
882664525bfffff,41.79959358364989,-87.73794803332366,7,47.722744,50.082653,36.533062,26.590046
882664525bfffff,41.79959358364989,-87.73794803332366,8,40.750114,40.85552,32.14313,25.095076
882664525bfffff,41.79959358364989,-87.73794803332366,9,25.991222,19.243458,30.467484,20.680042
882664525bfffff,41.79959358364989,-87.73794803332366,10,21.165833,14.366477,23.620075,14.015292
882664525bfffff,41.79959358364989,-87.73794803332366,11,8.237914,8.811829,19.262615,8.325606
882664525bfffff,41.79959358364989,-87.73794803332366,12,7.884987,6.9253035,19.115683,7.9865727
8826645283fffff,41.73636683267826,-87.74083108958926,1,9.610831,9.250277,10.086976,11.135199
8826645283fffff,41.73636683267826,-87.74083108958926,2,17.684698,13.855156,14.839077,15.473022
8826645283fffff,41.73636683267826,-87.74083108958926,3,25.29552,19.050573,19.371862,21.316315
8826645283fffff,41.73636683267826,-87.74083108958926,4,41.22486,44.080265,26.343327,29.821545
8826645283fffff,41.73636683267826,-87.74083108958926,5,58.639515,56.456062,34.12184,33.327965
8826645283fffff,41.73636683267826,-87.74083108958926,6,64.38575,55.31021,33.88361,33.804844
8826645283fffff,41.73636683267826,-87.74083108958926,7,57.820625,56.007065,33.587074,32.103165
8826645283fffff,41.73636683267826,-87.74083108958926,8,44.35806,49.02492,29.885178,29.765715
8826645283fffff,41.73636683267826,-87.74083108958926,9,27.217125,22.234344,27.743944,24.031668
8826645283fffff,41.73636683267826,-87.74083108958926,10,17.990881,15.572619,20.180477,16.797794
8826645283fffff,41.73636683267826,-87.74083108958926,11,8.144829,8.739289,14.074544,12.239247
8826645283fffff,41.73636683267826,-87.74083108958926,12,7.695119,7.6516795,14.160257,11.810105
8826645289fffff,41.75029842793667,-87.7389246344047,1,7.284605,7.780462,9.388446,7.760503
8826645289fffff,41.75029842793667,-87.7389246344047,2,13.182758,11.005718,13.112425,11.494459
8826645289fffff,41.75029842793667,-87.7389246344047,3,17.248451,13.773096,15.223207,16.038015
8826645289fffff,41.75029842793667,-87.7389246344047,4,29.42041,25.216835,21.340857,21.140629
8826645289fffff,41.75029842793667,-87.7389246344047,5,45.320446,37.68212,26.602835,24.24603
8826645289fffff,41.75029842793667,-87.7389246344047,6,48.125454,36.242794,27.06092,23.131504
8826645289fffff,41.75029842793667,-87.7389246344047,7,45.06655,37.569073,26.307646,23.29029
8826645289fffff,41.75029842793667,-87.7389246344047,8,32.884956,31.306303,23.172731,21.702349
8826645289fffff,41.75029842793667,-87.7389246344047,9,20.767336,13.303189,21.137125,16.88874
8826645289fffff,41.75029842793667,-87.7389246344047,10,14.357068,12.67063,16.147654,12.440689
8826645289fffff,41.75029842793667,-87.7389246344047,11,6.1693716,6.963479,13.251525,8.148437
8826645289fffff,41.75029842793667,-87.7389246344047,12,6.098184,5.4345746,13.291874,7.804571
882664528bfffff,41.74281655095234,-87.73417983113792,1,9.556211,15.200292,12.060013,11.605825
882664528bfffff,41.74281655095234,-87.73417983113792,2,18.343224,20.709002,18.293161,16.21862
882664528bfffff,41.74281655095234,-87.73417983113792,3,27.730885,26.391016,23.803196,20.919548
882664528bfffff,41.74281655095234,-87.73417983113792,4,37.37,47.400272,31.088156,25.71164
882664528bfffff,41.74281655095234,-87.73417983113792,5,48.229786,61.651386,38.034107,33.356766
882664528bfffff,41.74281655095234,-87.73417983113792,6,52.349953,62.034058,39.265743,34.178238
882664528bfffff,41.74281655095234,-87.73417983113792,7,50.24959,60.578594,38.18534,31.078745
882664528bfffff,41.74281655095234,-87.73417983113792,8,41.34976,47.96141,34.831333,27.605682
882664528bfffff,41.74281655095234,-87.73417983113792,9,33.111645,26.47304,33.833694,25.331566
882664528bfffff,41.74281655095234,-87.73417983113792,10,20.495146,20.977568,23.47505,19.54792
882664528bfffff,41.74281655095234,-87.73417983113792,11,10.509213,14.432416,15.717941,12.875862
882664528bfffff,41.74281655095234,-87.73417983113792,12,9.694253,12.22805,15.535593,12.653273
882664529dfffff,41.73533506708996,-87.72943650641388,1,6.7601476,11.062376,12.082223,8.300543
882664529dfffff,41.73533506708996,-87.72943650641388,2,11.676415,13.432897,17.52679,13.427067
882664529dfffff,41.73533506708996,-87.72943650641388,3,16.814405,19.060287,21.59403,20.320845
882664529dfffff,41.73533506708996,-87.72943650641388,4,21.510923,36.4026,26.03717,27.019585
882664529dfffff,41.73533506708996,-87.72943650641388,5,30.879856,48.79131,30.55661,29.050667
882664529dfffff,41.73533506708996,-87.72943650641388,6,36.737637,47.7674,31.505552,28.269938
882664529dfffff,41.73533506708996,-87.72943650641388,7,30.666098,49.284935,30.80019,28.369495
882664529dfffff,41.73533506708996,-87.72943650641388,8,26.125593,42.41789,28.527128,27.522022
882664529dfffff,41.73533506708996,-87.72943650641388,9,14.526598,22.095776,26.962818,22.25868
882664529dfffff,41.73533506708996,-87.72943650641388,10,13.122939,15.829105,21.52576,14.578031
882664529dfffff,41.73533506708996,-87.72943650641388,11,5.7877126,10.92256,16.21578,8.879518
882664529dfffff,41.73533506708996,-87.72943650641388,12,5.4430985,9.196113,16.053951,8.450377
88266452c1fffff,41.76423240422674,-87.73701702118825,1,6.577163,13.751123,9.249131,9.120943
88266452c1fffff,41.76423240422674,-87.73701702118825,2,14.172703,14.659546,11.601273,11.630935
88266452c1fffff,41.76423240422674,-87.73701702118825,3,17.413996,16.408617,15.412744,14.334028
88266452c1fffff,41.76423240422674,-87.73701702118825,4,18.52464,29.171543,19.589859,16.588987
88266452c1fffff,41.76423240422674,-87.73701702118825,5,33.18737,39.08215,21.349087,19.734474
88266452c1fffff,41.76423240422674,-87.73701702118825,6,36.09857,37.65545,23.16481,19.511814
88266452c1fffff,41.76423240422674,-87.73701702118825,7,32.70773,37.811306,22.71251,18.037424
88266452c1fffff,41.76423240422674,-87.73701702118825,8,22.0988,32.825356,23.335857,15.582234
88266452c1fffff,41.76423240422674,-87.73701702118825,9,15.292975,15.800074,20.41208,11.500284
88266452c1fffff,41.76423240422674,-87.73701702118825,10,14.614994,17.452177,17.235193,11.063572
88266452c1fffff,41.76423240422674,-87.73701702118825,11,5.113867,12.513134,12.418176,7.364272
88266452c1fffff,41.76423240422674,-87.73701702118825,12,4.6799784,11.698633,12.089477,7.175739
88266452c3fffff,41.7567492535558,-87.73227107444637,1,9.772603,10.407485,10.961179,11.727225
88266452c3fffff,41.7567492535558,-87.73227107444637,2,16.853786,12.471425,17.6936,16.146242
88266452c3fffff,41.7567492535558,-87.73227107444637,3,23.053469,15.375994,23.049473,21.319807
88266452c3fffff,41.7567492535558,-87.73227107444637,4,37.16748,30.37445,27.404093,26.63905
88266452c3fffff,41.7567492535558,-87.73227107444637,5,48.76231,42.871185,34.544323,29.841553
88266452c3fffff,41.7567492535558,-87.73227107444637,6,54.14822,41.912037,36.311535,31.3558
88266452c3fffff,41.7567492535558,-87.73227107444637,7,48.530956,42.948467,35.28854,27.897417
88266452c3fffff,41.7567492535558,-87.73227107444637,8,41.323578,37.50329,30.209854,26.979717
88266452c3fffff,41.7567492535558,-87.73227107444637,9,28.249071,18.601618,28.494461,21.699327
88266452c3fffff,41.7567492535558,-87.73227107444637,10,18.2712,16.101727,22.521292,16.683126
88266452c3fffff,41.7567492535558,-87.73227107444637,11,8.579844,10.085687,15.502998,11.558201
88266452c3fffff,41.7567492535558,-87.73227107444637,12,8.155146,7.890175,14.90316,11.031289
88266452c9fffff,41.7706843365967,-87.73036115816836,1,15.089957,14.961684,15.3293295,12.621543
88266452c9fffff,41.7706843365967,-87.73036115816836,2,21.985216,15.40686,19.449041,19.58309
88266452c9fffff,41.7706843365967,-87.73036115816836,3,29.91773,20.453093,25.352137,22.41779
88266452c9fffff,41.7706843365967,-87.73036115816836,4,29.034044,35.20636,28.228865,23.386639
88266452c9fffff,41.7706843365967,-87.73036115816836,5,42.95318,51.45314,31.277552,28.906647
88266452c9fffff,41.7706843365967,-87.73036115816836,6,45.016895,51.350372,31.16167,29.629057
88266452c9fffff,41.7706843365967,-87.73036115816836,7,40.431465,51.39037,31.326017,27.004671
88266452c9fffff,41.7706843365967,-87.73036115816836,8,31.477959,38.52157,30.948414,23.61357
88266452c9fffff,41.7706843365967,-87.73036115816836,9,30.346975,21.648664,29.493828,22.41353
88266452c9fffff,41.7706843365967,-87.73036115816836,10,21.53739,18.892529,23.684303,19.100737
88266452c9fffff,41.7706843365967,-87.73036115816836,11,13.240748,14.453147,18.363031,10.31444
88266452c9fffff,41.7706843365967,-87.73036115816836,12,12.045865,11.729169,18.112314,10.039675
88266452cbfffff,41.76320030503894,-87.72561554765446,1,13.115548,16.529814,13.830308,14.878677
88266452cbfffff,41.76320030503894,-87.72561554765446,2,19.6165,18.958918,19.485184,21.913198
88266452cbfffff,41.76320030503894,-87.72561554765446,3,25.495564,24.31229,25.264174,27.345728
88266452cbfffff,41.76320030503894,-87.72561554765446,4,36.219864,35.34792,30.49389,33.73653
88266452cbfffff,41.76320030503894,-87.72561554765446,5,47.655167,52.795994,33.95169,34.843536
88266452cbfffff,41.76320030503894,-87.72561554765446,6,52.445038,52.51357,34.56966,35.066513
88266452cbfffff,41.76320030503894,-87.72561554765446,7,47.018314,54.059086,34.601494,34.161007
88266452cbfffff,41.76320030503894,-87.72561554765446,8,41.131535,44.246002,33.500786,34.533516
88266452cbfffff,41.76320030503894,-87.72561554765446,9,27.748194,28.611233,30.479788,29.595472
88266452cbfffff,41.76320030503894,-87.72561554765446,10,21.442812,22.554186,24.249973,23.105146
88266452cbfffff,41.76320030503894,-87.72561554765446,11,11.894393,15.339055,17.14443,15.796118
88266452cbfffff,41.76320030503894,-87.72561554765446,12,11.642344,13.203546,16.982313,15.231684
88266452cdfffff,41.77171594722748,-87.7417644479313,1,14.137179,14.742762,10.132469,8.0317745
88266452cdfffff,41.77171594722748,-87.7417644479313,2,17.609577,17.751059,16.78014,13.095337
88266452cdfffff,41.77171594722748,-87.7417644479313,3,23.722944,23.338326,20.635292,19.975874
88266452cdfffff,41.77171594722748,-87.7417644479313,4,21.781824,30.264051,22.910873,21.861588
88266452cdfffff,41.77171594722748,-87.7417644479313,5,26.193243,36.824158,23.762936,21.844316
88266452cdfffff,41.77171594722748,-87.7417644479313,6,31.285076,34.811615,25.509422,22.021048
88266452cdfffff,41.77171594722748,-87.7417644479313,7,26.07829,35.07328,25.089783,20.417671
88266452cdfffff,41.77171594722748,-87.7417644479313,8,25.333773,35.833096,23.260492,21.87391
88266452cdfffff,41.77171594722748,-87.7417644479313,9,33.004658,38.886074,23.98391,20.314741
88266452cdfffff,41.77171594722748,-87.7417644479313,10,26.449236,24.787214,18.38775,14.296901
88266452cdfffff,41.77171594722748,-87.7417644479313,11,11.13706,11.9623785,13.930485,7.4797516
88266452cdfffff,41.77171594722748,-87.7417644479313,12,10.792446,9.708353,13.859694,7.0363717
88266452d1fffff,41.74823342039619,-87.71612876473789,1,19.65918,15.7168,15.282006,12.377916
88266452d1fffff,41.74823342039619,-87.71612876473789,2,22.901388,18.770044,25.65849,19.996395
88266452d1fffff,41.74823342039619,-87.71612876473789,3,29.825466,23.697279,30.225319,26.80779
88266452d1fffff,41.74823342039619,-87.71612876473789,4,34.06061,35.75054,35.809113,31.36916
88266452d1fffff,41.74823342039619,-87.71612876473789,5,44.230446,52.931927,41.62509,35.738636
88266452d1fffff,41.74823342039619,-87.71612876473789,6,50.78234,49.990917,43.130714,36.818916
88266452d1fffff,41.74823342039619,-87.71612876473789,7,44.481064,51.672485,41.413628,33.92663
88266452d1fffff,41.74823342039619,-87.71612876473789,8,39.622795,39.89671,38.275826,32.423145
88266452d1fffff,41.74823342039619,-87.71612876473789,9,26.257174,30.37366,37.166355,29.323978
88266452d1fffff,41.74823342039619,-87.71612876473789,10,25.08434,20.596622,28.921368,20.481503
88266452d1fffff,41.74823342039619,-87.71612876473789,11,17.591465,14.675169,18.648216,11.934096
88266452d1fffff,41.74823342039619,-87.71612876473789,12,16.634087,12.186092,18.269142,11.407185
88266452d3fffff,41.74075056808287,-87.71138759108185,1,11.144639,19.328102,14.32192,13.343865
88266452d3fffff,41.74075056808287,-87.71138759108185,2,18.65142,22.544662,19.76497,21.460032
88266452d3fffff,41.74075056808287,-87.71138759108185,3,23.601183,26.870792,24.489458,24.513163
88266452d3fffff,41.74075056808287,-87.71138759108185,4,36.715473,44.076576,29.301283,25.076841
88266452d3fffff,41.74075056808287,-87.71138759108185,5,48.258114,56.767105,31.92272,28.449406
88266452d3fffff,41.74075056808287,-87.71138759108185,6,50.69549,56.387493,33.149563,29.239544
88266452d3fffff,41.74075056808287,-87.71138759108185,7,48.90198,56.35487,32.567226,27.244978
88266452d3fffff,41.74075056808287,-87.71138759108185,8,41.09835,47.33812,32.391655,25.969614
88266452d3fffff,41.74075056808287,-87.71138759108185,9,32.655186,32.745758,30.446976,23.720707
88266452d3fffff,41.74075056808287,-87.71138759108185,10,20.753326,25.99274,26.010548,23.635862
88266452d3fffff,41.74075056808287,-87.71138759108185,11,11.870911,19.393208,19.298473,13.654944
88266452d3fffff,41.74075056808287,-87.71138759108185,12,10.496702,16.593185,18.908749,13.459914
88266452d5fffff,41.74926649560077,-87.72752660707876,1,12.362187,14.968247,15.423205,9.987757
88266452d5fffff,41.74926649560077,-87.72752660707876,2,16.841404,17.03385,22.941818,17.160206
88266452d5fffff,41.74926649560077,-87.72752660707876,3,24.678375,20.717167,28.141487,22.506903
88266452d5fffff,41.74926649560077,-87.72752660707876,4,37.89345,38.399727,32.849407,26.385658
88266452d5fffff,41.74926649560077,-87.72752660707876,5,48.73691,53.639008,38.478085,31.112862
88266452d5fffff,41.74926649560077,-87.72752660707876,6,53.58575,52.495277,39.84392,31.87631
88266452d5fffff,41.74926649560077,-87.72752660707876,7,46.192932,53.852665,38.442364,29.619568
88266452d5fffff,41.74926649560077,-87.72752660707876,8,39.47295,43.961674,35.557842,27.026007
88266452d5fffff,41.74926649560077,-87.72752660707876,9,28.765005,28.613718,34.17112,24.595951
88266452d5fffff,41.74926649560077,-87.72752660707876,10,16.29138,19.43576,25.824608,17.14912
88266452d5fffff,41.74926649560077,-87.72752660707876,11,10.032735,14.879728,18.838741,9.5370655
88266452d5fffff,41.74926649560077,-87.72752660707876,12,8.974473,11.936375,18.378334,9.134978
88266452d7fffff,41.74178413074749,-87.72278361845886,1,12.803467,12.777689,13.840378,12.772699
88266452d7fffff,41.74178413074749,-87.72278361845886,2,17.631233,13.365771,21.102034,20.073843
88266452d7fffff,41.74178413074749,-87.72278361845886,3,21.683237,15.334239,24.3128,25.63704
88266452d7fffff,41.74178413074749,-87.72278361845886,4,31.602875,22.803755,28.602648,27.91854
88266452d7fffff,41.74178413074749,-87.72278361845886,5,34.63553,31.69096,30.139042,30.30939
88266452d7fffff,41.74178413074749,-87.72278361845886,6,38.679207,31.909185,31.419744,30.736956
88266452d7fffff,41.74178413074749,-87.72278361845886,7,35.077015,33.640892,30.359137,29.337784
88266452d7fffff,41.74178413074749,-87.72278361845886,8,34.27266,28.642876,29.296972,29.974068
88266452d7fffff,41.74178413074749,-87.72278361845886,9,26.702978,19.552868,28.062357,27.286566
88266452d7fffff,41.74178413074749,-87.72278361845886,10,20.021572,15.728573,21.972313,22.378088
88266452d7fffff,41.74178413074749,-87.72278361845886,11,11.82856,11.998974,17.8406,15.132954
88266452d7fffff,41.74178413074749,-87.72278361845886,12,11.676861,9.653897,17.88995,14.670551
88266452d9fffff,41.75468293558918,-87.70947194455913,1,16.230173,15.846825,14.250007,13.728242
88266452d9fffff,41.75468293558918,-87.70947194455913,2,22.240355,15.363005,18.769936,22.04586
88266452d9fffff,41.75468293558918,-87.70947194455913,3,29.49121,21.538494,25.623905,24.265583
88266452d9fffff,41.75468293558918,-87.70947194455913,4,31.05612,36.026573,29.1139,24.488085
88266452d9fffff,41.75468293558918,-87.70947194455913,5,45.77239,51.14894,31.357288,29.091923
88266452d9fffff,41.75468293558918,-87.70947194455913,6,47.56485,51.23626,31.679615,30.338785
88266452d9fffff,41.75468293558918,-87.70947194455913,7,43.592712,51.276257,31.268675,27.560022
88266452d9fffff,41.75468293558918,-87.70947194455913,8,35.256584,39.13697,31.620106,25.08346
88266452d9fffff,41.75468293558918,-87.70947194455913,9,27.8297,24.283169,29.698568,24.131
88266452d9fffff,41.75468293558918,-87.70947194455913,10,23.357283,18.643854,22.767113,21.343784
88266452d9fffff,41.75468293558918,-87.70947194455913,11,14.085048,15.376789,17.563988,12.096452
88266452d9fffff,41.75468293558918,-87.70947194455913,12,12.710837,12.756992,17.450848,11.905217
88266452dbfffff,41.74719920239208,-87.70473110827956,1,12.295562,13.117821,12.821023,11.240267
88266452dbfffff,41.74719920239208,-87.70473110827956,2,17.072021,16.115208,19.184473,20.292446
88266452dbfffff,41.74719920239208,-87.70473110827956,3,20.646948,18.417946,21.839464,25.345243
88266452dbfffff,41.74719920239208,-87.70473110827956,4,23.36652,22.035883,25.911173,28.275288
88266452dbfffff,41.74719920239208,-87.70473110827956,5,32.402596,33.34274,29.451336,30.881413
88266452dbfffff,41.74719920239208,-87.70473110827956,6,36.70174,32.3778,30.796192,30.630022
88266452dbfffff,41.74719920239208,-87.70473110827956,7,33.059353,33.873585,29.48494,30.101713
88266452dbfffff,41.74719920239208,-87.70473110827956,8,30.500374,27.569004,29.027613,29.424664
88266452dbfffff,41.74719920239208,-87.70473110827956,9,22.599865,16.359169,28.166082,25.327139
88266452dbfffff,41.74719920239208,-87.70473110827956,10,21.004642,17.47293,22.6754,21.862726
88266452dbfffff,41.74719920239208,-87.70473110827956,11,11.56269,11.722155,16.358213,12.362183
88266452dbfffff,41.74719920239208,-87.70473110827956,12,11.318957,10.188989,16.024063,12.022309
88266452ddfffff,41.7557166661768,-87.72087141671989,1,10.324517,8.4487915,9.178683,9.103054
88266452ddfffff,41.7557166661768,-87.72087141671989,2,15.549556,9.729753,15.429785,13.631518
88266452ddfffff,41.7557166661768,-87.72087141671989,3,21.313347,14.181426,17.53642,18.745691
88266452ddfffff,41.7557166661768,-87.72087141671989,4,19.971468,18.83184,21.035866,22.027645
88266452ddfffff,41.7557166661768,-87.72087141671989,5,27.107298,26.1955,25.891262,23.779232
88266452ddfffff,41.7557166661768,-87.72087141671989,6,30.811909,25.690699,27.855577,24.111391
88266452ddfffff,41.7557166661768,-87.72087141671989,7,27.594992,27.149708,26.705719,22.807627
88266452ddfffff,41.7557166661768,-87.72087141671989,8,24.157099,23.030743,23.08087,22.956882
88266452ddfffff,41.7557166661768,-87.72087141671989,9,19.88431,14.782159,22.025145,19.404783
88266452ddfffff,41.7557166661768,-87.72087141671989,10,19.288158,11.382926,17.099188,13.990366
88266452ddfffff,41.7557166661768,-87.72087141671989,11,9.333983,8.059044,13.334639,8.969281
88266452ddfffff,41.7557166661768,-87.72087141671989,12,8.989369,6.409468,13.0617485,8.622719
8826645601fffff,41.68422239810229,-87.63270927132183,1,14.64542,13.886578,14.530122,12.755901
8826645601fffff,41.68422239810229,-87.63270927132183,2,21.086222,17.971743,23.11406,20.847263
8826645601fffff,41.68422239810229,-87.63270927132183,3,29.278748,25.448757,30.608433,29.743095
8826645601fffff,41.68422239810229,-87.63270927132183,4,40.650726,35.59505,39.28881,34.51301
8826645601fffff,41.68422239810229,-87.63270927132183,5,48.357254,48.961266,45.47661,38.10324
8826645601fffff,41.68422239810229,-87.63270927132183,6,56.421555,47.844025,47.88795,38.924618
8826645601fffff,41.68422239810229,-87.63270927132183,7,48.667095,49.1515,45.751015,36.34938
8826645601fffff,41.68422239810229,-87.63270927132183,8,45.136955,39.890575,41.029358,36.640984
8826645601fffff,41.68422239810229,-87.63270927132183,9,30.256313,30.881859,40.79382,34.728043
8826645601fffff,41.68422239810229,-87.63270927132183,10,23.864391,20.938704,26.290462,22.85448
8826645601fffff,41.68422239810229,-87.63270927132183,11,13.467016,13.566543,19.286633,14.294369
8826645601fffff,41.68422239810229,-87.63270927132183,12,12.50079,11.096048,19.149712,13.903165
8826645603fffff,41.67674077331315,-87.62798715126056,1,19.127289,22.460442,15.9873495,11.909268
8826645603fffff,41.67674077331315,-87.62798715126056,2,23.539732,25.98903,23.745804,18.580406
8826645603fffff,41.67674077331315,-87.62798715126056,3,31.037436,30.743647,28.642426,26.61537
8826645603fffff,41.67674077331315,-87.62798715126056,4,38.67593,41.525356,32.772865,29.663048
8826645603fffff,41.67674077331315,-87.62798715126056,5,44.215076,53.163055,36.08214,31.28854
8826645603fffff,41.67674077331315,-87.62798715126056,6,50.95356,51.24473,36.94231,32.107155
8826645603fffff,41.67674077331315,-87.62798715126056,7,44.451,50.90167,35.769573,28.98778
8826645603fffff,41.67674077331315,-87.62798715126056,8,43.10186,46.104897,32.894722,31.090538
8826645603fffff,41.67674077331315,-87.62798715126056,9,39.871284,44.862617,34.023922,29.313498
8826645603fffff,41.67674077331315,-87.62798715126056,10,30.1863,31.987976,25.65817,20.65457
8826645603fffff,41.67674077331315,-87.62798715126056,11,15.688658,19.547703,18.990671,12.259969
8826645603fffff,41.67674077331315,-87.62798715126056,12,14.722435,16.158686,18.711216,11.81279
8826645605fffff,41.68526392045586,-87.64409184676826,1,5.9817696,13.694433,17.200197,12.246259
8826645605fffff,41.68526392045586,-87.64409184676826,2,12.831706,17.827944,23.577156,20.535463
8826645605fffff,41.68526392045586,-87.64409184676826,3,20.257195,22.713829,30.291552,28.777372
8826645605fffff,41.68526392045586,-87.64409184676826,4,37.0633,41.593243,31.279175,33.579453
8826645605fffff,41.68526392045586,-87.64409184676826,5,47.154053,64.59132,37.463768,37.897987
8826645605fffff,41.68526392045586,-87.64409184676826,6,51.510197,64.96324,37.663944,40.576797
8826645605fffff,41.68526392045586,-87.64409184676826,7,46.17556,63.370422,37.75395,38.17073
8826645605fffff,41.68526392045586,-87.64409184676826,8,38.45336,44.95483,31.997095,36.156353
8826645605fffff,41.68526392045586,-87.64409184676826,9,19.833765,25.88323,30.217207,29.842493
8826645605fffff,41.68526392045586,-87.64409184676826,10,13.628011,20.59288,25.882996,23.478924
8826645605fffff,41.68526392045586,-87.64409184676826,11,4.5496006,13.67524,19.74928,14.781515
8826645605fffff,41.68526392045586,-87.64409184676826,12,3.9492824,11.078402,19.384773,14.053131
8826645607fffff,41.67778277857222,-87.63936791386166,1,14.075566,17.56026,13.740459,13.7540865
8826645607fffff,41.67778277857222,-87.63936791386166,2,21.302298,21.631157,20.611048,18.824018
8826645607fffff,41.67778277857222,-87.63936791386166,3,25.02123,24.194103,24.276505,25.422523
8826645607fffff,41.67778277857222,-87.63936791386166,4,37.824272,37.787735,28.853056,30.00539
8826645607fffff,41.67778277857222,-87.63936791386166,5,48.306774,50.10502,33.39097,30.548927
8826645607fffff,41.67778277857222,-87.63936791386166,6,49.883846,47.604866,35.809914,31.01067
8826645607fffff,41.67778277857222,-87.63936791386166,7,48.345146,49.061733,34.057182,29.620867
8826645607fffff,41.67778277857222,-87.63936791386166,8,40.740414,43.960716,31.550732,30.872295
8826645607fffff,41.67778277857222,-87.63936791386166,9,41.895718,26.644445,32.557003,26.494911
8826645607fffff,41.67778277857222,-87.63936791386166,10,23.651941,25.515087,25.466547,20.870779
8826645607fffff,41.67778277857222,-87.63936791386166,11,9.08151,16.002317,17.529446,14.207688
8826645607fffff,41.67778277857222,-87.63936791386166,12,9.055601,13.627105,16.974483,13.646347
8826645609fffff,41.69066224215572,-87.62604866597398,1,8.056262,13.109195,13.585513,10.487376
8826645609fffff,41.69066224215572,-87.62604866597398,2,10.664109,14.343784,21.814062,16.653402
8826645609fffff,41.69066224215572,-87.62604866597398,3,13.862531,14.641179,26.299564,22.203358
8826645609fffff,41.69066224215572,-87.62604866597398,4,24.95261,25.998657,31.087692,26.333038
8826645609fffff,41.69066224215572,-87.62604866597398,5,29.341824,36.00078,34.777134,33.26131
8826645609fffff,41.69066224215572,-87.62604866597398,6,35.534805,35.85805,34.913498,35.70675
8826645609fffff,41.69066224215572,-87.62604866597398,7,30.308418,35.463497,33.272243,32.44477
8826645609fffff,41.69066224215572,-87.62604866597398,8,26.826729,29.558823,31.08373,27.838255
8826645609fffff,41.69066224215572,-87.62604866597398,9,16.4711,21.58254,30.189672,24.467295
8826645609fffff,41.69066224215572,-87.62604866597398,10,11.739537,15.546044,22.485981,18.491865
8826645609fffff,41.69066224215572,-87.62604866597398,11,7.205018,12.345571,15.832471,11.893139
8826645609fffff,41.69066224215572,-87.62604866597398,12,7.23431,10.694537,15.610802,11.550308
882664560bfffff,41.683179736502936,-87.62132688785628,1,15.568324,16.449646,14.586108,10.718453
882664560bfffff,41.683179736502936,-87.62132688785628,2,18.064184,17.232958,23.713158,17.337852
882664560bfffff,41.683179736502936,-87.62132688785628,3,21.71273,19.9115,28.005308,23.407923
882664560bfffff,41.683179736502936,-87.62132688785628,4,33.308342,31.797483,33.03056,25.973202
882664560bfffff,41.683179736502936,-87.62132688785628,5,39.609848,47.933197,37.43698,31.026941
882664560bfffff,41.683179736502936,-87.62132688785628,6,46.943336,45.03427,38.593346,32.157227
882664560bfffff,41.683179736502936,-87.62132688785628,7,40.302204,45.645607,36.937836,29.81894
882664560bfffff,41.683179736502936,-87.62132688785628,8,36.174538,36.13665,35.17957,27.858547
882664560bfffff,41.683179736502936,-87.62132688785628,9,23.953327,28.069008,34.413536,24.296291
882664560bfffff,41.683179736502936,-87.62132688785628,10,19.404,18.967297,26.530779,19.107464
882664560bfffff,41.683179736502936,-87.62132688785628,11,14.033952,15.014239,17.577908,11.883208
882664560bfffff,41.683179736502936,-87.62132688785628,12,13.168603,12.090044,17.634472,11.525528
882664560dfffff,41.69170442089436,-87.63743286301987,1,20.766714,21.287405,18.424652,11.837452
882664560dfffff,41.69170442089436,-87.63743286301987,2,25.320204,24.186174,26.81441,21.110788
882664560dfffff,41.69170442089436,-87.63743286301987,3,34.41613,27.172735,30.978958,27.661484
882664560dfffff,41.69170442089436,-87.63743286301987,4,41.191746,34.262657,36.809013,34.647236
882664560dfffff,41.69170442089436,-87.63743286301987,5,41.928177,55.778744,39.550743,36.764595
882664560dfffff,41.69170442089436,-87.63743286301987,6,47.521275,54.18805,40.407024,37.544518
882664560dfffff,41.69170442089436,-87.63743286301987,7,41.386185,54.60129,37.521835,34.8673
882664560dfffff,41.69170442089436,-87.63743286301987,8,41.129177,37.59377,36.64651,35.94592
882664560dfffff,41.69170442089436,-87.63743286301987,9,37.848587,36.163677,36.204735,30.582296
882664560dfffff,41.69170442089436,-87.63743286301987,10,26.075544,27.570417,27.904146,22.534073
882664560dfffff,41.69170442089436,-87.63743286301987,11,18.469254,20.285124,21.537,13.668532
882664560dfffff,41.69170442089436,-87.63743286301987,12,17.243095,17.661892,21.172613,13.305463
8826645611fffff,41.66821592068191,-87.61188774463903,1,5.1688952,8.223778,10.236871,10.656933
8826645611fffff,41.66821592068191,-87.61188774463903,2,12.615946,9.194004,11.847352,12.383354
8826645611fffff,41.66821592068191,-87.61188774463903,3,18.516665,11.727474,16.238453,15.007391
8826645611fffff,41.66821592068191,-87.61188774463903,4,16.511015,21.363585,18.838812,19.702406
8826645611fffff,41.66821592068191,-87.61188774463903,5,22.14223,31.80622,24.471354,23.892298
8826645611fffff,41.66821592068191,-87.61188774463903,6,27.707458,30.446377,25.868612,25.40949
8826645611fffff,41.66821592068191,-87.61188774463903,7,21.247812,29.413198,25.521101,23.349277
8826645611fffff,41.66821592068191,-87.61188774463903,8,19.06397,21.241274,20.551136,19.050617
8826645611fffff,41.66821592068191,-87.61188774463903,9,13.800261,12.779102,18.901876,13.52472
8826645611fffff,41.66821592068191,-87.61188774463903,10,13.087751,10.042528,14.966592,12.101036
8826645611fffff,41.66821592068191,-87.61188774463903,11,3.9881594,7.2856297,13.369653,9.488306
8826645611fffff,41.66821592068191,-87.61188774463903,12,3.824537,6.8759704,13.082251,9.112416
8826645613fffff,41.660734611279786,-87.60717037829289,1,5.5369453,8.763529,8.575704,5.6410494
8826645613fffff,41.660734611279786,-87.60717037829289,2,11.337418,12.68738,13.273074,9.526728
8826645613fffff,41.660734611279786,-87.60717037829289,3,17.458519,17.547453,16.981283,16.60557
8826645613fffff,41.660734611279786,-87.60717037829289,4,26.393585,24.88062,22.748686,23.469881
8826645613fffff,41.660734611279786,-87.60717037829289,5,35.160843,37.25411,27.457073,27.74395
8826645613fffff,41.660734611279786,-87.60717037829289,6,41.00811,37.47466,28.260038,29.916935
8826645613fffff,41.660734611279786,-87.60717037829289,7,34.42813,36.97557,28.02131,28.16568
8826645613fffff,41.660734611279786,-87.60717037829289,8,30.798733,28.080046,24.289785,24.540264
8826645613fffff,41.660734611279786,-87.60717037829289,9,19.465834,16.085224,22.557028,20.373734
8826645613fffff,41.660734611279786,-87.60717037829289,10,13.118941,11.666742,16.129477,12.38873
8826645613fffff,41.660734611279786,-87.60717037829289,11,4.2279735,7.214924,12.167547,7.180521
8826645613fffff,41.660734611279786,-87.60717037829289,12,4.140219,6.5250025,12.313251,7.0025706
8826645615fffff,41.6692595469102,-87.62326650221252,1,5.0076494,12.918558,10.458922,7.258436
8826645615fffff,41.6692595469102,-87.62326650221252,2,10.381148,14.204844,18.076094,11.394575
8826645615fffff,41.6692595469102,-87.62326650221252,3,15.975785,17.021032,22.56718,18.89997
8826645615fffff,41.6692595469102,-87.62326650221252,4,32.236607,33.189884,27.586622,19.931986
8826645615fffff,41.6692595469102,-87.62326650221252,5,41.63658,43.792152,33.47038,24.042788
8826645615fffff,41.6692595469102,-87.62326650221252,6,46.917557,44.06286,34.564545,26.335249
8826645615fffff,41.6692595469102,-87.62326650221252,7,41.254368,43.29961,33.460552,24.461811
8826645615fffff,41.6692595469102,-87.62326650221252,8,33.289978,35.79116,27.38936,21.775738
8826645615fffff,41.6692595469102,-87.62326650221252,9,17.409693,18.774986,26.678534,19.956715
8826645615fffff,41.6692595469102,-87.62326650221252,10,10.68909,14.5828285,19.264446,14.619662
8826645615fffff,41.6692595469102,-87.62326650221252,11,4.467224,11.931016,14.083905,9.209807
8826645615fffff,41.6692595469102,-87.62326650221252,12,3.681986,9.61174,13.791165,8.987218
8826645617fffff,41.66177871927656,-87.61854732355455,1,8.397292,13.539392,8.538541,6.5757594
8826645617fffff,41.66177871927656,-87.61854732355455,2,10.830619,16.57256,12.626686,10.037143
8826645617fffff,41.66177871927656,-87.61854732355455,3,16.41143,17.321955,16.249405,16.772043
8826645617fffff,41.66177871927656,-87.61854732355455,4,14.109287,19.83119,19.263224,17.709257
8826645617fffff,41.66177871927656,-87.61854732355455,5,15.779072,23.784735,21.885427,18.989325
8826645617fffff,41.66177871927656,-87.61854732355455,6,21.454027,23.369345,22.462692,20.52685
8826645617fffff,41.66177871927656,-87.61854732355455,7,15.313911,22.119925,22.025255,18.658245
8826645617fffff,41.66177871927656,-87.61854732355455,8,17.072596,21.948664,19.348509,17.382862
8826645617fffff,41.66177871927656,-87.61854732355455,9,22.084671,25.003073,21.495033,17.897717
8826645617fffff,41.66177871927656,-87.61854732355455,10,17.307358,20.486383,14.346349,10.774248
8826645617fffff,41.66177871927656,-87.61854732355455,11,5.2437224,10.589888,11.319007,7.5201063
8826645617fffff,41.66177871927656,-87.61854732355455,12,5.0801,8.814833,11.253811,7.1735415
8826645619fffff,41.67465334635623,-87.60522620383045,1,7.9794807,7.6582427,9.369977,7.2051497
8826645619fffff,41.67465334635623,-87.60522620383045,2,15.801091,9.034952,11.061965,9.376825
8826645619fffff,41.67465334635623,-87.60522620383045,3,18.960417,12.13,14.186471,13.42182
8826645619fffff,41.67465334635623,-87.60522620383045,4,13.743607,21.069706,17.06939,17.830343
8826645619fffff,41.67465334635623,-87.60522620383045,5,20.552258,29.978436,22.693308,21.715609
8826645619fffff,41.67465334635623,-87.60522620383045,6,24.007359,27.749626,23.01441,23.24677
8826645619fffff,41.67465334635623,-87.60522620383045,7,20.507175,27.288378,22.905058,21.07527
8826645619fffff,41.67465334635623,-87.60522620383045,8,15.296099,21.978094,18.568928,17.3126
8826645619fffff,41.67465334635623,-87.60522620383045,9,15.735072,12.5707,17.390879,13.054716
8826645619fffff,41.67465334635623,-87.60522620383045,10,15.264487,11.019175,13.833479,11.11523
8826645619fffff,41.67465334635623,-87.60522620383045,11,6.82057,6.1425967,11.129636,7.8437524
8826645619fffff,41.67465334635623,-87.60522620383045,12,6.5409975,5.9712625,11.024567,7.4678626
882664561bfffff,41.66717115609749,-87.60050918056301,1,5.169332,5.096812,7.403661,4.600265
882664561bfffff,41.66717115609749,-87.60050918056301,2,13.403361,8.750736,9.478843,7.7972093
882664561bfffff,41.66717115609749,-87.60050918056301,3,18.72503,12.764388,13.261537,11.550669
882664561bfffff,41.66717115609749,-87.60050918056301,4,14.5738735,16.927994,17.706347,19.433594
882664561bfffff,41.66717115609749,-87.60050918056301,5,21.350418,25.625605,23.673927,23.347883
882664561bfffff,41.66717115609749,-87.60050918056301,6,25.487856,23.859133,23.923174,25.065022
882664561bfffff,41.66717115609749,-87.60050918056301,7,20.958305,23.397886,23.65045,23.100405
882664561bfffff,41.66717115609749,-87.60050918056301,8,15.542477,17.02313,19.468475,19.071665
882664561bfffff,41.66717115609749,-87.60050918056301,9,15.344506,10.333741,18.299812,14.803245
882664561bfffff,41.66717115609749,-87.60050918056301,10,13.4855585,8.917071,12.330947,9.691426
882664561bfffff,41.66717115609749,-87.60050918056301,11,4.1367316,4.043504,9.816456,5.8530874
882664561bfffff,41.66717115609749,-87.60050918056301,12,3.8571584,3.8721695,9.849189,5.75867
882664561dfffff,41.67569762921728,-87.61660658095245,1,10.266958,16.464342,9.687419,6.8733435
882664561dfffff,41.67569762921728,-87.61660658095245,2,15.06345,22.280432,13.718303,12.155526
882664561dfffff,41.67569762921728,-87.61660658095245,3,19.534464,24.069838,17.538536,19.286367
882664561dfffff,41.67569762921728,-87.61660658095245,4,19.87483,30.648441,20.431849,22.335087
882664561dfffff,41.67569762921728,-87.61660658095245,5,24.516867,37.193264,22.425098,22.85935
882664561dfffff,41.67569762921728,-87.61660658095245,6,30.132814,37.702545,22.699413,24.610832
882664561dfffff,41.67569762921728,-87.61660658095245,7,24.646412,36.28377,22.106604,22.57037
882664561dfffff,41.67569762921728,-87.61660658095245,8,25.151396,35.08156,20.837233,21.845455
882664561dfffff,41.67569762921728,-87.61660658095245,9,24.869705,35.11019,23.287964,22.901293
882664561dfffff,41.67569762921728,-87.61660658095245,10,20.081818,27.87772,16.020657,13.379617
882664561dfffff,41.67569762921728,-87.61660658095245,11,6.620295,12.220046,11.436147,7.8244824
882664561dfffff,41.67569762921728,-87.61660658095245,12,6.532541,10.341896,11.715168,7.4779177
8826645621fffff,41.679863372294776,-87.66213001237003,1,7.563036,10.273174,12.772957,9.291416
8826645621fffff,41.679863372294776,-87.66213001237003,2,14.016703,14.425767,19.221016,13.37808
8826645621fffff,41.679863372294776,-87.66213001237003,3,19.010834,15.422766,22.855268,18.114843
8826645621fffff,41.679863372294776,-87.66213001237003,4,33.207905,31.418901,26.574064,21.800354
8826645621fffff,41.679863372294776,-87.66213001237003,5,43.468327,44.0704,33.81885,25.117
8826645621fffff,41.679863372294776,-87.66213001237003,6,47.96445,42.39186,34.7214,25.971716
8826645621fffff,41.679863372294776,-87.66213001237003,7,44.351597,42.88988,33.40999,23.375206
8826645621fffff,41.679863372294776,-87.66213001237003,8,37.782463,36.23743,28.271149,22.351942
8826645621fffff,41.679863372294776,-87.66213001237003,9,24.625126,18.435492,27.435278,17.588543
8826645621fffff,41.679863372294776,-87.66213001237003,10,16.363771,16.302668,22.752138,14.43107
8826645621fffff,41.679863372294776,-87.66213001237003,11,7.727726,9.904561,16.537464,9.578672
8826645621fffff,41.679863372294776,-87.66213001237003,12,7.4501286,7.488063,15.851907,9.047963
8826645623fffff,41.6723835947423,-87.6574039269908,1,9.853918,15.148083,9.182077,7.841801
8826645623fffff,41.6723835947423,-87.6574039269908,2,16.739523,18.889921,11.828786,10.619933
8826645623fffff,41.6723835947423,-87.6574039269908,3,19.153593,19.94829,15.41148,16.088732
8826645623fffff,41.6723835947423,-87.6574039269908,4,19.419668,32.233654,18.809801,18.493502
8826645623fffff,41.6723835947423,-87.6574039269908,5,31.383835,42.773758,21.9533,20.49415
8826645623fffff,41.6723835947423,-87.6574039269908,6,34.878498,40.904087,23.198483,20.69947
8826645623fffff,41.6723835947423,-87.6574039269908,7,31.050451,39.41878,22.29115,18.76015
8826645623fffff,41.6723835947423,-87.6574039269908,8,23.332731,35.07716,22.96514,16.990452
8826645623fffff,41.6723835947423,-87.6574039269908,9,27.404821,21.247492,24.177927,15.93843
8826645623fffff,41.6723835947423,-87.6574039269908,10,21.948593,21.391579,18.184875,13.04011
8826645623fffff,41.6723835947423,-87.6574039269908,11,8.191732,12.7149105,11.459147,7.7429214
8826645623fffff,41.6723835947423,-87.6574039269908,12,7.9121604,11.506057,11.280303,7.5543857
8826645625fffff,41.68090196061639,-87.67351134649064,1,12.296026,16.892223,11.638075,11.003537
8826645625fffff,41.68090196061639,-87.67351134649064,2,20.640497,21.28547,19.111479,17.453672
8826645625fffff,41.68090196061639,-87.67351134649064,3,29.218914,29.585165,26.16286,24.015034
8826645625fffff,41.68090196061639,-87.67351134649064,4,35.982147,52.6968,34.785965,29.708153
8826645625fffff,41.68090196061639,-87.67351134649064,5,43.15545,68.13207,38.720295,35.76882
8826645625fffff,41.68090196061639,-87.67351134649064,6,50.059643,67.74337,39.380573,36.74888
8826645625fffff,41.68090196061639,-87.67351134649064,7,43.56375,66.46687,38.60735,33.49236
8826645625fffff,41.68090196061639,-87.67351134649064,8,38.670963,54.45399,36.425297,32.525368
8826645625fffff,41.68090196061639,-87.67351134649064,9,29.60191,37.35556,35.198376,29.046658
8826645625fffff,41.68090196061639,-87.67351134649064,10,21.178339,23.275648,23.33897,22.865042
8826645625fffff,41.68090196061639,-87.67351134649064,11,10.94301,16.922783,16.041138,13.470412
8826645625fffff,41.68090196061639,-87.67351134649064,12,10.12805,14.966816,16.305399,13.331355
8826645629fffff,41.68630430349236,-87.65547461330192,1,7.331034,7.7802787,5.557601,5.033815
8826645629fffff,41.68630430349236,-87.65547461330192,2,10.208942,7.852672,10.030582,9.652267
8826645629fffff,41.68630430349236,-87.65547461330192,3,12.748299,8.955085,13.5120125,15.919292
8826645629fffff,41.68630430349236,-87.65547461330192,4,12.81046,15.070597,15.409785,16.791786
8826645629fffff,41.68630430349236,-87.65547461330192,5,15.7942915,21.883905,18.691893,20.502424
8826645629fffff,41.68630430349236,-87.65547461330192,6,21.014387,23.035099,19.134916,23.581854
8826645629fffff,41.68630430349236,-87.65547461330192,7,15.830934,22.629147,18.895247,20.787624
8826645629fffff,41.68630430349236,-87.65547461330192,8,14.598317,17.909657,16.070896,18.307137
8826645629fffff,41.68630430349236,-87.65547461330192,9,8.660546,12.702692,14.622986,15.148667
8826645629fffff,41.68630430349236,-87.65547461330192,10,11.52113,7.980952,11.328037,10.449546
8826645629fffff,41.68630430349236,-87.65547461330192,11,5.924203,6.3539085,8.500978,5.561438
8826645629fffff,41.68630430349236,-87.65547461330192,12,5.680469,4.483136,8.414503,5.118058
882664562bfffff,41.67882364492313,-87.65074886786259,1,16.032793,17.523241,14.45771,10.968219
882664562bfffff,41.67882364492313,-87.65074886786259,2,21.952942,24.45558,20.890453,19.227268
882664562bfffff,41.67882364492313,-87.65074886786259,3,31.073612,29.78606,26.687746,26.30793
882664562bfffff,41.67882364492313,-87.65074886786259,4,41.70642,41.317097,35.202465,31.718464
882664562bfffff,41.67882364492313,-87.65074886786259,5,50.561085,54.88809,38.003098,34.308548
882664562bfffff,41.67882364492313,-87.65074886786259,6,55.51924,52.846184,38.961723,34.73443
882664562bfffff,41.67882364492313,-87.65074886786259,7,49.363865,53.863132,38.277496,31.89114
882664562bfffff,41.67882364492313,-87.65074886786259,8,46.925697,45.358566,36.448715,33.405342
882664562bfffff,41.67882364492313,-87.65074886786259,9,40.738644,40.270496,37.336624,33.23459
882664562bfffff,41.67882364492313,-87.65074886786259,10,28.021465,26.345106,24.366308,22.027115
882664562bfffff,41.67882364492313,-87.65074886786259,11,15.121441,16.954447,18.42779,12.247526
882664562bfffff,41.67882364492313,-87.65074886786259,12,14.155218,13.551484,18.319437,11.856322
882664562dfffff,41.687343547140834,-87.6668575700291,1,15.165458,16.4466,11.896051,5.981106
882664562dfffff,41.687343547140834,-87.6668575700291,2,19.311148,18.110933,19.342722,11.033034
882664562dfffff,41.687343547140834,-87.6668575700291,3,22.54313,19.096987,23.924227,18.112358
882664562dfffff,41.687343547140834,-87.6668575700291,4,30.30813,31.117804,29.14411,21.932747
882664562dfffff,41.687343547140834,-87.6668575700291,5,40.27627,45.92903,36.185463,24.206127
882664562dfffff,41.687343547140834,-87.6668575700291,6,45.84748,43.14514,37.277977,25.034803
882664562dfffff,41.687343547140834,-87.6668575700291,7,39.221397,44.272476,35.636654,23.543875
882664562dfffff,41.687343547140834,-87.6668575700291,8,33.05714,36.65,31.904716,23.43804
882664562dfffff,41.687343547140834,-87.6668575700291,9,24.0312,26.762474,29.39232,20.106398
882664562dfffff,41.687343547140834,-87.6668575700291,10,19.697151,19.04688,22.757135,13.35153
882664562dfffff,41.687343547140834,-87.6668575700291,11,13.020282,15.2793,15.202178,7.419541
882664562dfffff,41.687343547140834,-87.6668575700291,12,12.0629015,12.860028,15.175032,7.0174503
8826645631fffff,41.66386352114154,-87.64130179193442,1,5.517041,4.1385627,7.460786,5.297635
8826645631fffff,41.66386352114154,-87.64130179193442,2,10.4426155,5.890705,9.783871,7.8938713
8826645631fffff,41.66386352114154,-87.64130179193442,3,16.627838,8.908182,13.178334,12.319552
8826645631fffff,41.66386352114154,-87.64130179193442,4,20.894812,17.828148,17.104073,17.797989
8826645631fffff,41.66386352114154,-87.64130179193442,5,26.24975,22.707542,21.977013,20.377409
8826645631fffff,41.66386352114154,-87.64130179193442,6,31.706116,22.621931,22.551434,22.275562
8826645631fffff,41.66386352114154,-87.64130179193442,7,23.307167,21.969055,21.985401,20.194054
8826645631fffff,41.66386352114154,-87.64130179193442,8,23.264402,19.32257,18.903156,17.596586
8826645631fffff,41.66386352114154,-87.64130179193442,9,13.510077,12.527392,18.331339,12.968601
8826645631fffff,41.66386352114154,-87.64130179193442,10,12.930847,6.8420587,12.574316,8.431173
8826645631fffff,41.66386352114154,-87.64130179193442,11,4.328316,3.4832401,11.138169,6.694732
8826645631fffff,41.66386352114154,-87.64130179193442,12,4.139681,2.5709107,11.275153,6.6003146
8826645639fffff,41.67030203471065,-87.63464545239081,1,8.364797,19.059422,14.242528,14.469146
8826645639fffff,41.67030203471065,-87.63464545239081,2,15.694953,21.475391,22.21648,21.469755
8826645639fffff,41.67030203471065,-87.63464545239081,3,21.693937,27.518425,27.914728,28.069717
8826645639fffff,41.67030203471065,-87.63464545239081,4,28.96779,43.939487,30.678438,30.061514
8826645639fffff,41.67030203471065,-87.63464545239081,5,39.874992,55.709705,36.07591,33.30186
8826645639fffff,41.67030203471065,-87.63464545239081,6,44.69269,55.249065,37.07881,34.76001
8826645639fffff,41.67030203471065,-87.63464545239081,7,38.703712,54.08152,36.73273,33.130455
8826645639fffff,41.67030203471065,-87.63464545239081,8,32.20817,44.44747,32.605217,31.685137
8826645639fffff,41.67030203471065,-87.63464545239081,9,24.830557,33.13283,31.82045,30.514439
8826645639fffff,41.67030203471065,-87.63464545239081,10,17.575924,24.530697,28.01493,25.810207
8826645639fffff,41.67030203471065,-87.63464545239081,11,7.0787106,19.156885,19.897848,17.156212
8826645639fffff,41.67030203471065,-87.63464545239081,12,6.064822,16.624044,19.499903,16.776522
882664563bfffff,41.66282168925434,-87.62992446173249,1,4.710143,12.864112,10.695604,10.422418
882664563bfffff,41.66282168925434,-87.62992446173249,2,12.311532,14.252737,16.971733,14.042906
882664563bfffff,41.66282168925434,-87.62992446173249,3,16.234625,18.410826,20.858278,19.530916
882664563bfffff,41.66282168925434,-87.62992446173249,4,15.372879,30.760311,23.539951,23.97669
882664563bfffff,41.66282168925434,-87.62992446173249,5,21.862772,41.165497,26.967484,27.327797
882664563bfffff,41.66282168925434,-87.62992446173249,6,27.650404,40.13253,27.687412,29.173912
882664563bfffff,41.66282168925434,-87.62992446173249,7,21.371822,39.556763,27.892849,27.746819
882664563bfffff,41.66282168925434,-87.62992446173249,8,15.900482,31.066362,24.728065,24.91229
882664563bfffff,41.66282168925434,-87.62992446173249,9,13.341018,18.356401,23.299627,21.143406
882664563bfffff,41.66282168925434,-87.62992446173249,10,10.865232,15.22652,20.13012,16.973318
882664563bfffff,41.66282168925434,-87.62992446173249,11,3.9561026,11.961216,14.663097,10.514444
882664563bfffff,41.66282168925434,-87.62992446173249,12,3.6558597,11.118983,14.620405,10.337451
882664563dfffff,41.67134338401176,-87.6460245942812,1,10.03461,15.285604,10.934073,10.807695
882664563dfffff,41.67134338401176,-87.6460245942812,2,16.307657,21.810087,17.193619,15.755684
882664563dfffff,41.67134338401176,-87.6460245942812,3,21.397917,28.021076,20.003208,23.217394
882664563dfffff,41.67134338401176,-87.6460245942812,4,27.98296,37.45555,28.480429,33.381073
882664563dfffff,41.67134338401176,-87.6460245942812,5,41.421124,50.874104,32.42321,34.851837
882664563dfffff,41.67134338401176,-87.6460245942812,6,45.152824,47.796642,34.205147,34.910683
882664563dfffff,41.67134338401176,-87.6460245942812,7,40.56285,49.675537,33.27822,33.923763
882664563dfffff,41.67134338401176,-87.6460245942812,8,31.642878,42.12424,32.50711,32.88593
882664563dfffff,41.67134338401176,-87.6460245942812,9,30.861135,27.835922,33.29941,29.30117
882664563dfffff,41.67134338401176,-87.6460245942812,10,16.678835,22.25582,23.206055,17.202202
882664563dfffff,41.67134338401176,-87.6460245942812,11,8.530495,13.786947,15.358049,10.913367
882664563dfffff,41.67134338401176,-87.6460245942812,12,8.412551,12.055114,14.944389,10.569502
8826645641fffff,41.70458609470287,-87.62410900480823,1,14.304501,13.895799,13.59057,9.384514
8826645641fffff,41.70458609470287,-87.62410900480823,2,17.635218,14.894102,21.320864,16.036026
8826645641fffff,41.70458609470287,-87.62410900480823,3,19.34589,14.114808,25.355726,21.787485
8826645641fffff,41.70458609470287,-87.62410900480823,4,32.534252,22.667421,28.98576,25.458696
8826645641fffff,41.70458609470287,-87.62410900480823,5,38.481686,35.774654,33.492393,26.329279
8826645641fffff,41.70458609470287,-87.62410900480823,6,43.519203,34.607624,34.632725,27.897882
8826645641fffff,41.70458609470287,-87.62410900480823,7,38.14988,35.52618,33.237404,25.49039
8826645641fffff,41.70458609470287,-87.62410900480823,8,36.147964,28.529202,31.858133,26.741146
8826645641fffff,41.70458609470287,-87.62410900480823,9,24.137833,17.346775,30.697296,21.819397
8826645641fffff,41.70458609470287,-87.62410900480823,10,18.968233,16.905367,24.95026,17.829813
8826645641fffff,41.70458609470287,-87.62410900480823,11,12.817144,12.449612,16.502329,11.380783
8826645641fffff,41.70458609470287,-87.62410900480823,12,12.64043,9.550993,16.293242,10.908931
8826645643fffff,41.69710231028596,-87.61938609713019,1,9.658285,17.83686,17.48408,12.540638
8826645643fffff,41.69710231028596,-87.61938609713019,2,13.768049,21.967937,25.42501,19.394993
8826645643fffff,41.69710231028596,-87.61938609713019,3,21.380827,24.080822,31.206772,27.6009
8826645643fffff,41.69710231028596,-87.61938609713019,4,33.58205,41.196377,35.645,30.09382
8826645643fffff,41.69710231028596,-87.61938609713019,5,40.08187,51.55879,41.45727,35.960033
8826645643fffff,41.69710231028596,-87.61938609713019,6,46.51917,51.78126,41.824326,38.927914
8826645643fffff,41.69710231028596,-87.61938609713019,7,40.265087,49.559456,40.941113,35.81217
8826645643fffff,41.69710231028596,-87.61938609713019,8,36.80249,45.32262,36.377205,32.22405
8826645643fffff,41.69710231028596,-87.61938609713019,9,36.86065,36.441257,37.398983,29.738792
8826645643fffff,41.69710231028596,-87.61938609713019,10,17.683214,25.413244,27.931524,22.230484
8826645643fffff,41.69710231028596,-87.61938609713019,11,4.4304304,15.036398,19.988155,14.217609
8826645643fffff,41.69710231028596,-87.61938609713019,12,3.4642007,12.103601,19.417824,13.874779
8826645645fffff,41.70562844702892,-87.6354966383463,1,13.479765,13.376717,14.637765,10.329404
8826645645fffff,41.70562844702892,-87.6354966383463,2,17.6137,13.8542,21.611393,17.64526
8826645645fffff,41.70562844702892,-87.6354966383463,3,22.333668,16.788599,24.78577,22.686756
8826645645fffff,41.70562844702892,-87.6354966383463,4,25.672583,22.668827,27.802746,25.298576
8826645645fffff,41.70562844702892,-87.6354966383463,5,27.397339,31.31048,29.952885,26.95786
8826645645fffff,41.70562844702892,-87.6354966383463,6,32.610123,29.677246,31.009344,28.16569
8826645645fffff,41.70562844702892,-87.6354966383463,7,26.938877,30.877327,30.234438,25.338581
8826645645fffff,41.70562844702892,-87.6354966383463,8,27.220049,25.952034,28.385399,25.747992
8826645645fffff,41.70562844702892,-87.6354966383463,9,21.030342,19.465967,27.524353,21.69123
8826645645fffff,41.70562844702892,-87.6354966383463,10,18.721119,16.612268,22.616312,18.28073
8826645645fffff,41.70562844702892,-87.6354966383463,11,11.89756,13.402701,17.81037,11.222149
8826645645fffff,41.70562844702892,-87.6354966383463,12,11.6449795,11.484357,17.898474,10.833828
8826645647fffff,41.698145145792246,-87.6307719159293,1,17.009592,17.754826,15.011468,15.11684
8826645647fffff,41.698145145792246,-87.6307719159293,2,23.204042,16.465351,22.985703,22.926115
8826645647fffff,41.698145145792246,-87.6307719159293,3,29.771334,24.09096,29.473904,26.721556
8826645647fffff,41.698145145792246,-87.6307719159293,4,34.42601,42.60976,31.438114,29.349468
8826645647fffff,41.698145145792246,-87.6307719159293,5,47.51385,58.153763,34.33958,33.001648
8826645647fffff,41.698145145792246,-87.6307719159293,6,53.466625,57.340046,34.806965,33.90582
8826645647fffff,41.698145145792246,-87.6307719159293,7,46.61294,57.29898,34.124126,31.210371
8826645647fffff,41.698145145792246,-87.6307719159293,8,36.068436,44.79184,33.3728,30.542606
8826645647fffff,41.698145145792246,-87.6307719159293,9,27.963573,30.757307,31.075628,28.077858
8826645647fffff,41.698145145792246,-87.6307719159293,10,22.315619,19.481703,27.155224,22.699734
8826645647fffff,41.698145145792246,-87.6307719159293,11,14.536536,17.033628,19.051477,13.153429
8826645647fffff,41.698145145792246,-87.6307719159293,12,13.1623335,14.413824,18.979465,12.899141
8826645649fffff,41.71102726717927,-87.6174441289682,1,10.991421,16.080343,15.138644,10.669625
8826645649fffff,41.71102726717927,-87.6174441289682,2,16.191818,17.746317,21.601671,17.11003
8826645649fffff,41.71102726717927,-87.6174441289682,3,22.457644,21.444014,27.125134,23.21357
8826645649fffff,41.71102726717927,-87.6174441289682,4,36.397717,41.10898,29.949451,23.240202
8826645649fffff,41.71102726717927,-87.6174441289682,5,46.600925,57.193195,35.08971,27.164576
8826645649fffff,41.71102726717927,-87.6174441289682,6,51.611008,57.60795,35.081375,30.001043
8826645649fffff,41.71102726717927,-87.6174441289682,7,48.974712,56.96106,34.723984,27.157885
8826645649fffff,41.71102726717927,-87.6174441289682,8,39.647728,45.380795,31.781149,25.514084
8826645649fffff,41.71102726717927,-87.6174441289682,9,24.212208,28.714548,31.156507,23.546946
8826645649fffff,41.71102726717927,-87.6174441289682,10,19.620802,19.089699,23.373877,18.869122
8826645649fffff,41.71102726717927,-87.6174441289682,11,10.816918,15.875612,17.445436,11.617552
8826645649fffff,41.71102726717927,-87.6174441289682,12,10.031683,13.484473,16.699245,11.086842
882664564bfffff,41.703542602046255,-87.61272156410239,1,7.029027,9.409232,11.319454,10.316845
882664564bfffff,41.703542602046255,-87.61272156410239,2,11.525605,11.673944,16.382456,16.860056
882664564bfffff,41.703542602046255,-87.61272156410239,3,18.680922,17.615585,18.96488,22.462059
882664564bfffff,41.703542602046255,-87.61272156410239,4,22.181541,23.368128,21.17711,26.081749
882664564bfffff,41.703542602046255,-87.61272156410239,5,26.693613,30.776869,25.839483,28.673717
882664564bfffff,41.703542602046255,-87.61272156410239,6,32.357613,30.57508,26.612286,30.709345
882664564bfffff,41.703542602046255,-87.61272156410239,7,26.185976,30.3402,25.946201,28.122868
882664564bfffff,41.703542602046255,-87.61272156410239,8,25.044132,24.903912,23.165127,27.673092
882664564bfffff,41.703542602046255,-87.61272156410239,9,17.378492,16.09636,21.845047,25.036911
882664564bfffff,41.703542602046255,-87.61272156410239,10,13.861688,13.082035,19.32449,16.750599
882664564bfffff,41.703542602046255,-87.61272156410239,11,5.414388,9.064125,14.35552,10.803202
882664564bfffff,41.703542602046255,-87.61272156410239,12,5.250766,8.449228,14.001585,10.547701
882664564dfffff,41.71207027670061,-87.62883338514897,1,12.190289,15.828021,13.43468,13.36984
882664564dfffff,41.71207027670061,-87.62883338514897,2,18.03763,15.237799,16.46261,21.584093
882664564dfffff,41.71207027670061,-87.62883338514897,3,24.966585,21.334904,21.923075,24.006605
882664564dfffff,41.71207027670061,-87.62883338514897,4,30.140135,38.354126,25.959696,27.837252
882664564dfffff,41.71207027670061,-87.62883338514897,5,40.954933,52.88012,32.15296,32.68338
882664564dfffff,41.71207027670061,-87.62883338514897,6,43.33305,52.65563,32.307632,35.035034
882664564dfffff,41.71207027670061,-87.62883338514897,7,38.494537,51.947643,31.822714,32.28071
882664564dfffff,41.71207027670061,-87.62883338514897,8,31.260471,38.66139,28.266922,28.84146
882664564dfffff,41.71207027670061,-87.62883338514897,9,22.414732,24.957819,26.70943,25.442623
882664564dfffff,41.71207027670061,-87.62883338514897,10,17.299597,17.8374,20.184977,21.213722
882664564dfffff,41.71207027670061,-87.62883338514897,11,10.10458,15.371702,16.264303,12.755431
882664564dfffff,41.71207027670061,-87.62883338514897,12,8.911362,12.90335,16.057064,12.5011425
8826645651fffff,41.688574465999736,-87.60328085046334,1,9.660365,10.42079,9.344149,8.804783
8826645651fffff,41.688574465999736,-87.60328085046334,2,16.789976,12.235456,12.800168,13.71919
8826645651fffff,41.688574465999736,-87.60328085046334,3,25.35979,18.122158,17.65647,20.435514
8826645651fffff,41.688574465999736,-87.60328085046334,4,35.885715,34.393238,20.436167,23.408043
8826645651fffff,41.688574465999736,-87.60328085046334,5,47.638702,54.40993,25.731644,27.975021
8826645651fffff,41.688574465999736,-87.60328085046334,6,50.08252,53.394485,27.130548,27.945728
8826645651fffff,41.688574465999736,-87.60328085046334,7,44.432415,52.357372,26.043724,25.925863
8826645651fffff,41.688574465999736,-87.60328085046334,8,41.806538,37.929142,22.804722,21.665407
8826645651fffff,41.688574465999736,-87.60328085046334,9,22.477242,20.130325,21.702168,19.053095
8826645651fffff,41.688574465999736,-87.60328085046334,10,20.407633,15.931623,17.069666,14.142672
8826645651fffff,41.688574465999736,-87.60328085046334,11,7.5524664,9.666386,12.520843,8.11294
8826645651fffff,41.688574465999736,-87.60328085046334,12,6.7785645,8.956751,12.569215,7.892712
8826645653fffff,41.68109099585317,-87.59856270044192,1,8.316962,11.33487,5.8814936,4.2372417
8826645653fffff,41.68109099585317,-87.59856270044192,2,14.003097,16.872028,8.083836,7.9157767
8826645653fffff,41.68109099585317,-87.59856270044192,3,19.24805,20.874655,10.597723,12.4515085
8826645653fffff,41.68109099585317,-87.59856270044192,4,16.512861,30.368338,14.283379,16.344967
8826645653fffff,41.68109099585317,-87.59856270044192,5,25.881365,35.95,17.280827,18.215736
8826645653fffff,41.68109099585317,-87.59856270044192,6,29.417404,35.308098,18.198563,18.756174
8826645653fffff,41.68109099585317,-87.59856270044192,7,25.538822,34.209187,17.507545,17.027994
8826645653fffff,41.68109099585317,-87.59856270044192,8,19.995562,34.66214,15.433565,15.23273
8826645653fffff,41.68109099585317,-87.59856270044192,9,29.350058,31.405123,17.123842,17.03967
8826645653fffff,41.68109099585317,-87.59856270044192,10,19.66608,21.885223,10.891523,10.479151
8826645653fffff,41.68109099585317,-87.59856270044192,11,6.8005676,9.36607,7.491862,4.515583
8826645653fffff,41.68109099585317,-87.59856270044192,12,6.520994,8.4645405,7.8094273,4.4211655
8826645655fffff,41.68961892383362,-87.61466466149051,1,8.132064,13.940491,13.13492,9.304779
8826645655fffff,41.68961892383362,-87.61466466149051,2,12.62756,16.568525,20.461475,14.486705
8826645655fffff,41.68961892383362,-87.61466466149051,3,20.726149,17.769035,26.374836,21.252869
8826645655fffff,41.68961892383362,-87.61466466149051,4,25.825045,27.271498,30.674229,24.178112
8826645655fffff,41.68961892383362,-87.61466466149051,5,31.844887,47.793045,35.313793,28.564999
8826645655fffff,41.68961892383362,-87.61466466149051,6,39.78912,46.15248,35.74163,31.84267
8826645655fffff,41.68961892383362,-87.61466466149051,7,34.052505,43.63608,34.646896,29.056227
8826645655fffff,41.68961892383362,-87.61466466149051,8,26.925406,27.237389,31.878723,27.260517
8826645655fffff,41.68961892383362,-87.61466466149051,9,20.029003,21.458887,30.85435,23.97963
8826645655fffff,41.68961892383362,-87.61466466149051,10,14.128561,16.538612,21.905441,17.601673
8826645655fffff,41.68961892383362,-87.61466466149051,11,7.964585,11.553838,15.392628,12.252283
8826645655fffff,41.68961892383362,-87.61466466149051,12,7.0125756,9.458393,15.360918,11.777547
8826645657fffff,41.68213593572928,-87.60994469726516,1,11.153176,12.429422,11.5086975,8.592811
8826645657fffff,41.68213593572928,-87.60994469726516,2,17.866362,16.373333,14.436935,13.786842
8826645657fffff,41.68213593572928,-87.60994469726516,3,25.263391,23.702085,19.662058,18.08824
8826645657fffff,41.68213593572928,-87.60994469726516,4,28.874836,36.08095,28.271597,27.637222
8826645657fffff,41.68213593572928,-87.60994469726516,5,37.502876,54.531845,34.997906,35.02502
8826645657fffff,41.68213593572928,-87.60994469726516,6,44.6457,52.231873,35.22492,37.267414
8826645657fffff,41.68213593572928,-87.60994469726516,7,37.597897,52.98722,35.315342,34.092026
8826645657fffff,41.68213593572928,-87.60994469726516,8,30.767538,37.71916,30.185654,28.74172
8826645657fffff,41.68213593572928,-87.60994469726516,9,26.232822,23.842957,28.938658,24.490005
8826645657fffff,41.68213593572928,-87.60994469726516,10,17.896496,18.884342,17.84181,15.745888
8826645657fffff,41.68213593572928,-87.60994469726516,11,8.813884,12.119262,14.4362755,8.3446045
8826645657fffff,41.68213593572928,-87.60994469726516,12,7.8095083,9.907428,14.2668295,8.252886
8826645659fffff,41.69501321958188,-87.59661503985951,1,5.804616,13.259468,12.03906,11.235472
8826645659fffff,41.69501321958188,-87.59661503985951,2,13.640238,20.73874,18.18273,16.230217
8826645659fffff,41.69501321958188,-87.59661503985951,3,20.281736,25.707129,23.632298,22.47721
8826645659fffff,41.69501321958188,-87.59661503985951,4,40.43243,42.722004,30.381739,26.960527
8826645659fffff,41.69501321958188,-87.59661503985951,5,51.21524,55.480007,39.61057,30.031927
8826645659fffff,41.69501321958188,-87.59661503985951,6,54.083134,55.529278,40.67676,30.969112
8826645659fffff,41.69501321958188,-87.59661503985951,7,49.22482,55.65876,39.00254,28.667824
8826645659fffff,41.69501321958188,-87.59661503985951,8,47.871086,49.638885,34.094242,27.842476
8826645659fffff,41.69501321958188,-87.59661503985951,9,36.8106,30.21315,34.395123,27.537909
8826645659fffff,41.69501321958188,-87.59661503985951,10,19.972683,21.532738,23.748104,18.49999
8826645659fffff,41.69501321958188,-87.59661503985951,11,5.1988506,12.593092,15.594549,11.895102
8826645659fffff,41.69501321958188,-87.59661503985951,12,4.937952,10.520597,15.12638,11.420365
882664565bfffff,41.6875288687261,-87.59189723378633,1,7.6217475,13.069587,6.039138,4.82073
882664565bfffff,41.6875288687261,-87.59189723378633,2,13.805057,18.852114,9.51764,7.762646
882664565bfffff,41.6875288687261,-87.59189723378633,3,19.442032,22.595478,11.828088,12.438594
882664565bfffff,41.6875288687261,-87.59189723378633,4,18.10447,33.922295,16.584467,16.95892
882664565bfffff,41.6875288687261,-87.59189723378633,5,28.631283,46.11773,19.41166,18.542316
882664565bfffff,41.6875288687261,-87.59189723378633,6,32.4257,45.862297,20.640533,21.26534
882664565bfffff,41.6875288687261,-87.59189723378633,7,28.061438,44.580097,19.87473,19.472643
882664565bfffff,41.6875288687261,-87.59189723378633,8,21.03546,34.752064,17.27266,17.959957
882664565bfffff,41.6875288687261,-87.59189723378633,9,28.351387,30.41076,18.607176,17.860823
882664565bfffff,41.6875288687261,-87.59189723378633,10,16.271763,20.301126,11.300558,12.158759
882664565bfffff,41.6875288687261,-87.59189723378633,11,6.4986506,11.171429,7.688663,7.190132
882664565bfffff,41.6875288687261,-87.59189723378633,12,6.355697,10.028045,7.804048,7.0957127
882664565dfffff,41.69605833485856,-87.60800047147552,1,12.391902,9.699989,14.708765,13.314933
882664565dfffff,41.69605833485856,-87.60800047147552,2,19.168299,14.64405,20.90224,21.443977
882664565dfffff,41.69605833485856,-87.60800047147552,3,26.928087,17.363493,25.277742,28.627424
882664565dfffff,41.69605833485856,-87.60800047147552,4,28.471317,24.118725,25.56791,33.95866
882664565dfffff,41.69605833485856,-87.60800047147552,5,27.662483,37.298336,27.911379,33.10579
882664565dfffff,41.69605833485856,-87.60800047147552,6,30.397852,37.42292,28.769878,32.751957
882664565dfffff,41.69605833485856,-87.60800047147552,7,25.177341,36.865837,28.000137,32.139484
882664565dfffff,41.69605833485856,-87.60800047147552,8,30.473627,25.760563,26.187798,33.88946
882664565dfffff,41.69605833485856,-87.60800047147552,9,27.562721,22.690556,27.2231,28.132921
882664565dfffff,41.69605833485856,-87.60800047147552,10,24.645945,17.935074,22.63061,21.51364
882664565dfffff,41.69605833485856,-87.60800047147552,11,11.920156,9.773714,17.059984,14.303614
882664565dfffff,41.69605833485856,-87.60800047147552,12,11.487754,7.728178,16.626625,13.940546
8826645661fffff,41.7002273967554,-87.65354412938328,1,20.657621,25.356178,15.031507,14.532781
8826645661fffff,41.7002273967554,-87.65354412938328,2,26.922888,25.811905,24.036182,22.152683
8826645661fffff,41.7002273967554,-87.65354412938328,3,32.27942,30.420055,32.465416,28.428226
8826645661fffff,41.7002273967554,-87.65354412938328,4,40.000885,49.37337,37.3559,31.833471
8826645661fffff,41.7002273967554,-87.65354412938328,5,48.034866,66.52176,37.56439,36.273808
8826645661fffff,41.7002273967554,-87.65354412938328,6,54.1977,63.95632,37.284534,36.81027
8826645661fffff,41.7002273967554,-87.65354412938328,7,48.030636,63.13801,37.327553,33.647537
8826645661fffff,41.7002273967554,-87.65354412938328,8,42.938454,50.697426,38.409225,33.924366
8826645661fffff,41.7002273967554,-87.65354412938328,9,34.362675,40.06215,36.637806,30.775497
8826645661fffff,41.7002273967554,-87.65354412938328,10,26.777578,27.788486,28.05243,26.552187
8826645661fffff,41.7002273967554,-87.65354412938328,11,19.032795,23.20944,19.346222,16.503424
8826645661fffff,41.7002273967554,-87.65354412938328,12,17.938797,20.737999,19.220383,16.123722
8826645663fffff,41.69274545997812,-87.64881725173416,1,16.004723,16.287817,15.995775,12.916373
8826645663fffff,41.69274545997812,-87.64881725173416,2,20.902529,20.001318,22.71817,20.520245
8826645663fffff,41.69274545997812,-87.64881725173416,3,29.749058,23.79717,25.700317,26.804766
8826645663fffff,41.69274545997812,-87.64881725173416,4,31.838799,32.572197,28.32181,30.62336
8826645663fffff,41.69274545997812,-87.64881725173416,5,33.283978,53.42173,30.346298,32.041233
8826645663fffff,41.69274545997812,-87.64881725173416,6,37.472675,52.989197,31.692272,32.545147
8826645663fffff,41.69274545997812,-87.64881725173416,7,32.61002,54.134964,29.985037,30.696873
8826645663fffff,41.69274545997812,-87.64881725173416,8,34.850594,38.268517,28.12423,30.979969
8826645663fffff,41.69274545997812,-87.64881725173416,9,29.724882,28.998178,26.921267,26.474663
8826645663fffff,41.69274545997812,-87.64881725173416,10,22.02125,23.75617,23.411276,20.633121
8826645663fffff,41.69274545997812,-87.64881725173416,11,14.648319,15.915139,18.836748,13.783199
8826645663fffff,41.69274545997812,-87.64881725173416,12,14.059196,12.447556,18.3192,13.23225
8826645665fffff,41.70126681206995,-87.66493052224916,1,17.375242,23.032375,16.539103,12.860083
8826645665fffff,41.70126681206995,-87.66493052224916,2,25.945957,24.786613,24.251055,18.36299
8826645665fffff,41.70126681206995,-87.66493052224916,3,32.421764,31.793137,31.172205,24.149525
8826645665fffff,41.70126681206995,-87.66493052224916,4,36.87261,48.323406,36.180798,27.115156
8826645665fffff,41.70126681206995,-87.66493052224916,5,43.632645,64.034424,39.76087,32.474686
8826645665fffff,41.70126681206995,-87.66493052224916,6,50.264126,62.74989,39.929813,33.806843
8826645665fffff,41.70126681206995,-87.66493052224916,7,44.234425,61.147705,38.98155,30.276373
8826645665fffff,41.70126681206995,-87.66493052224916,8,41.37073,48.859085,38.430775,30.49233
8826645665fffff,41.70126681206995,-87.66493052224916,9,33.195305,36.32724,37.581505,26.813494
8826645665fffff,41.70126681206995,-87.66493052224916,10,28.012947,26.338299,29.153257,23.814117
8826645665fffff,41.70126681206995,-87.66493052224916,11,16.292595,22.282333,20.260271,14.097734
8826645665fffff,41.70126681206995,-87.66493052224916,12,15.477631,20.109226,20.103804,13.902704
8826645667fffff,41.69378535933588,-87.66020183122279,1,12.455438,12.920855,12.753192,10.336633
8826645667fffff,41.69378535933588,-87.66020183122279,2,17.942802,15.881155,20.588957,17.066475
8826645667fffff,41.69378535933588,-87.66020183122279,3,24.25505,20.217321,23.590782,22.454674
8826645667fffff,41.69378535933588,-87.66020183122279,4,32.723816,38.69394,27.299807,27.47199
8826645667fffff,41.69378535933588,-87.66020183122279,5,44.152035,51.611504,34.527287,31.93574
8826645667fffff,41.69378535933588,-87.66020183122279,6,49.656597,49.593872,36.968742,32.595787
8826645667fffff,41.69378535933588,-87.66020183122279,7,43.962063,50.79396,35.34174,30.351866
8826645667fffff,41.69378535933588,-87.66020183122279,8,37.32171,43.883114,31.154184,28.298023
8826645667fffff,41.69378535933588,-87.66020183122279,9,26.248878,25.058344,29.291399,23.826794
8826645667fffff,41.69378535933588,-87.66020183122279,10,18.577469,18.088148,25.407883,17.732815
8826645667fffff,41.69378535933588,-87.66020183122279,11,11.204212,12.799347,17.177973,9.989104
8826645667fffff,41.69378535933588,-87.66020183122279,12,10.859598,10.851442,16.529222,9.399136
8826645669fffff,41.70666965895297,-87.64688446382176,1,17.103949,18.10714,11.202291,8.95309
8826645669fffff,41.70666965895297,-87.64688446382176,2,22.158592,21.416142,21.598879,16.398863
8826645669fffff,41.70666965895297,-87.64688446382176,3,29.605726,22.7103,26.564785,23.315382
8826645669fffff,41.70666965895297,-87.64688446382176,4,40.75897,39.290752,30.932035,29.026096
8826645669fffff,41.70666965895297,-87.64688446382176,5,45.381454,57.98823,34.259735,29.790842
8826645669fffff,41.70666965895297,-87.64688446382176,6,50.385105,56.36301,35.70334,29.824205
8826645669fffff,41.70666965895297,-87.64688446382176,7,44.071053,56.681484,34.941967,29.288536
8826645669fffff,41.70666965895297,-87.64688446382176,8,41.758293,43.670265,34.260353,31.100813
8826645669fffff,41.70666965895297,-87.64688446382176,9,27.05927,30.886606,32.642166,25.640171
8826645669fffff,41.70666965895297,-87.64688446382176,10,22.784706,24.329582,26.363707,19.410547
8826645669fffff,41.70666965895297,-87.64688446382176,11,15.254879,16.663933,16.008383,11.234883
8826645669fffff,41.70666965895297,-87.64688446382176,12,14.8355255,14.256346,15.610256,10.577698
882664566bfffff,41.699186841305824,-87.64215792697846,1,18.48732,19.705149,16.456604,12.360595
882664566bfffff,41.699186841305824,-87.64215792697846,2,25.507313,22.018742,23.796755,19.557165
882664566bfffff,41.699186841305824,-87.64215792697846,3,37.366352,30.289986,32.277187,28.843618
882664566bfffff,41.699186841305824,-87.64215792697846,4,39.296116,41.51131,38.428223,34.38503
882664566bfffff,41.699186841305824,-87.64215792697846,5,49.91116,62.355373,43.644253,36.510845
882664566bfffff,41.699186841305824,-87.64215792697846,6,55.169556,60.50067,44.676273,37.225487
882664566bfffff,41.699186841305824,-87.64215792697846,7,49.5678,61.069244,42.789963,34.13117
882664566bfffff,41.699186841305824,-87.64215792697846,8,40.258625,45.73789,39.46477,35.861706
882664566bfffff,41.699186841305824,-87.64215792697846,9,31.221952,36.572433,37.469173,31.403645
882664566bfffff,41.699186841305824,-87.64215792697846,10,26.650558,25.849451,25.376719,19.758394
882664566bfffff,41.699186841305824,-87.64215792697846,11,16.091246,19.473314,19.792307,11.490405
882664566bfffff,41.699186841305824,-87.64215792697846,12,15.550746,16.95207,19.32488,10.887979
882664566dfffff,41.70770973040383,-87.65827248033973,1,12.971258,15.744827,16.795036,11.579894
882664566dfffff,41.70770973040383,-87.65827248033973,2,18.195377,17.288145,24.266191,19.147776
882664566dfffff,41.70770973040383,-87.65827248033973,3,24.026476,22.34123,29.4111,26.200138
882664566dfffff,41.70770973040383,-87.65827248033973,4,32.57342,29.817999,34.04918,28.749237
882664566dfffff,41.70770973040383,-87.65827248033973,5,35.373188,41.110058,36.465763,30.865772
882664566dfffff,41.70770973040383,-87.65827248033973,6,40.858704,39.274994,37.482815,31.176268
882664566dfffff,41.70770973040383,-87.65827248033973,7,35.10935,41.034435,36.530685,30.23531
882664566dfffff,41.70770973040383,-87.65827248033973,8,35.680096,34.275246,34.49242,32.595867
882664566dfffff,41.70770973040383,-87.65827248033973,9,25.947834,26.517492,34.271545,29.567816
882664566dfffff,41.70770973040383,-87.65827248033973,10,21.333506,21.556967,26.450844,23.295668
882664566dfffff,41.70770973040383,-87.65827248033973,11,11.924238,16.168905,21.503483,13.776385
882664566dfffff,41.70770973040383,-87.65827248033973,12,10.95801,13.388655,21.552834,13.313983
88266456c1fffff,41.65220797445406,-87.59107954203785,1,5.9311066,9.125494,7.717738,4.232358
88266456c1fffff,41.65220797445406,-87.59107954203785,2,13.170643,15.427506,11.061328,8.511995
88266456c1fffff,41.65220797445406,-87.59107954203785,3,21.857996,22.54667,15.382285,16.319862
88266456c1fffff,41.65220797445406,-87.59107954203785,4,36.57886,39.34288,21.020405,21.738077
88266456c1fffff,41.65220797445406,-87.59107954203785,5,44.307793,61.88209,26.54558,26.055027
88266456c1fffff,41.65220797445406,-87.59107954203785,6,48.238052,60.335308,27.725195,27.477987
88266456c1fffff,41.65220797445406,-87.59107954203785,7,43.044807,60.63118,27.269144,25.338493
88266456c1fffff,41.65220797445406,-87.59107954203785,8,38.811367,43.22474,23.721151,21.14763
88266456c1fffff,41.65220797445406,-87.59107954203785,9,20.548702,21.337877,22.079103,19.308012
88266456c1fffff,41.65220797445406,-87.59107954203785,10,13.476448,17.815956,15.031344,10.10725
88266456c1fffff,41.65220797445406,-87.59107954203785,11,4.7470727,8.624478,11.282737,5.0431366
88266456c1fffff,41.65220797445406,-87.59107954203785,12,4.343008,8.056256,11.453741,4.789671
88266456c3fffff,41.64472698383436,-87.5863669255349,1,5.422853,7.484651,5.565154,3.357628
88266456c3fffff,41.64472698383436,-87.5863669255349,2,11.844404,12.051737,8.343248,6.517856
88266456c3fffff,41.64472698383436,-87.5863669255349,3,17.402401,16.084898,11.161074,10.725679
88266456c3fffff,41.64472698383436,-87.5863669255349,4,13.917811,24.728895,16.54504,15.040629
88266456c3fffff,41.64472698383436,-87.5863669255349,5,21.069239,33.742302,22.026356,18.88381
88266456c3fffff,41.64472698383436,-87.5863669255349,6,24.817167,32.199364,22.564804,20.689941
88266456c3fffff,41.64472698383436,-87.5863669255349,7,20.739864,31.857372,22.197502,18.72532
88266456c3fffff,41.64472698383436,-87.5863669255349,8,16.634962,26.27292,18.19203,14.815915
88266456c3fffff,41.64472698383436,-87.5863669255349,9,19.422873,16.961649,17.015072,13.341683
88266456c3fffff,41.64472698383436,-87.5863669255349,10,13.460173,13.399674,11.348337,8.606996
88266456c3fffff,41.64472698383436,-87.5863669255349,11,4.238024,6.415506,8.005978,4.6261067
88266456c3fffff,41.64472698383436,-87.5863669255349,12,4.101613,6.2034264,8.188327,4.531689
88266456c5fffff,41.653253701393645,-87.60245448129119,1,9.715731,11.323983,7.2272844,5.097677
88266456c5fffff,41.653253701393645,-87.60245448129119,2,12.808632,14.436563,11.025419,7.8224936
88266456c5fffff,41.653253701393645,-87.60245448129119,3,15.511757,18.072515,13.770436,12.713924
88266456c5fffff,41.653253701393645,-87.60245448129119,4,24.068268,20.634285,16.510706,14.288746
88266456c5fffff,41.653253701393645,-87.60245448129119,5,31.017075,28.625465,19.548565,17.225073
88266456c5fffff,41.653253701393645,-87.60245448129119,6,36.043934,28.127556,20.902628,19.332443
88266456c5fffff,41.653253701393645,-87.60245448129119,7,29.943584,29.011662,20.403568,17.231503
88266456c5fffff,41.653253701393645,-87.60245448129119,8,26.451206,23.115978,17.948292,15.037567
88266456c5fffff,41.653253701393645,-87.60245448129119,9,15.772317,15.529227,16.435753,13.229831
88266456c5fffff,41.653253701393645,-87.60245448129119,10,12.914456,14.585688,13.781635,8.704514
88266456c5fffff,41.653253701393645,-87.60245448129119,11,8.216688,9.684465,11.277999,5.9776964
88266456c5fffff,41.653253701393645,-87.60245448129119,12,8.199629,8.616597,11.309476,5.631132
88266456c9fffff,41.65864298151707,-87.58441707008721,1,3.431476,4.235591,3.8233209,4.642373
88266456c9fffff,41.65864298151707,-87.58441707008721,2,10.417415,7.4225597,6.8925114,7.983642
88266456c9fffff,41.65864298151707,-87.58441707008721,3,15.918319,11.630577,8.994248,11.401641
88266456c9fffff,41.65864298151707,-87.58441707008721,4,10.537313,20.753448,13.607086,15.808286
88266456c9fffff,41.65864298151707,-87.58441707008721,5,23.574663,29.608555,18.262037,19.649277
88266456c9fffff,41.65864298151707,-87.58441707008721,6,27.50417,28.28523,19.10221,20.188543
88266456c9fffff,41.65864298151707,-87.58441707008721,7,23.004284,27.943237,18.411192,18.461535
88266456c9fffff,41.65864298151707,-87.58441707008721,8,12.050266,21.533573,15.515306,14.554316
88266456c9fffff,41.65864298151707,-87.58441707008721,9,8.1227045,10.144091,14.133486,12.239489
88266456c9fffff,41.65864298151707,-87.58441707008721,10,10.336746,7.469622,10.026121,8.770264
88266456c9fffff,41.65864298151707,-87.58441707008721,11,2.0056417,3.1664467,6.607738,4.8815975
88266456c9fffff,41.65864298151707,-87.58441707008721,12,1.8692312,2.7532575,6.925305,4.78718
88266456cbfffff,41.65116111004858,-87.57970479779542,1,3.614477,2.7563324,4.4642816,4.972171
88266456cbfffff,41.65116111004858,-87.57970479779542,2,10.3146925,6.59447,6.6596446,7.8319855
88266456cbfffff,41.65116111004858,-87.57970479779542,3,16.06414,10.933239,11.1205225,13.280173
88266456cbfffff,41.65116111004858,-87.57970479779542,4,17.563126,23.036871,16.47892,18.588219
88266456cbfffff,41.65116111004858,-87.57970479779542,5,30.600458,33.48461,23.888853,22.959743
88266456cbfffff,41.65116111004858,-87.57970479779542,6,36.276237,32.111687,24.621807,23.558561
88266456cbfffff,41.65116111004858,-87.57970479779542,7,30.120827,32.117867,24.07441,21.672983
88266456cbfffff,41.65116111004858,-87.57970479779542,8,18.735842,24.886162,18.30634,16.957624
88266456cbfffff,41.65116111004858,-87.57970479779542,9,9.74341,11.869225,16.44626,12.958536
88266456cbfffff,41.65116111004858,-87.57970479779542,10,9.504379,7.4361677,9.712452,8.412422
88266456cbfffff,41.65116111004858,-87.57970479779542,11,1.8899777,1.8505241,6.919516,5.21272
88266456cbfffff,41.65116111004858,-87.57970479779542,12,1.7535667,1.3915683,7.2085094,5.1183023
88266456cdfffff,41.6596893653359,-87.59579362683974,1,6.610381,10.708931,10.30139,7.212499
88266456cdfffff,41.6596893653359,-87.59579362683974,2,16.510199,16.598904,15.508351,12.224198
88266456cdfffff,41.6596893653359,-87.59579362683974,3,24.239325,22.311575,21.63269,19.07145
88266456cdfffff,41.6596893653359,-87.59579362683974,4,35.14186,45.185833,26.675018,26.006067
88266456cdfffff,41.6596893653359,-87.59579362683974,5,40.6171,61.329723,31.67292,28.300789
88266456cdfffff,41.6596893653359,-87.59579362683974,6,44.419933,60.408867,31.989153,29.39098
88266456cdfffff,41.6596893653359,-87.59579362683974,7,40.17391,59.69368,31.471092,27.541925
88266456cdfffff,41.6596893653359,-87.59579362683974,8,37.112667,46.247627,27.39263,25.856133
88266456cdfffff,41.6596893653359,-87.59579362683974,9,26.695845,20.777758,26.416975,21.493383
88266456cdfffff,41.6596893653359,-87.59579362683974,10,17.199474,16.208101,18.206272,12.928262
88266456cdfffff,41.6596893653359,-87.59579362683974,11,6.881323,8.932633,12.849803,8.713178
88266456cdfffff,41.6596893653359,-87.59579362683974,12,6.6031523,7.861607,12.899908,8.459712
88266456e9fffff,41.654298290795055,-87.61382961466371,1,7.146466,11.093522,10.857402,8.865898
88266456e9fffff,41.654298290795055,-87.61382961466371,2,12.273436,13.180929,16.138966,12.442055
88266456e9fffff,41.654298290795055,-87.61382961466371,3,15.003885,15.645392,21.170515,21.404434
88266456e9fffff,41.654298290795055,-87.61382961466371,4,12.147763,27.951283,23.217985,24.733078
88266456e9fffff,41.654298290795055,-87.61382961466371,5,16.94872,39.343025,28.27684,28.117844
88266456e9fffff,41.654298290795055,-87.61382961466371,6,22.400139,39.119938,28.41863,30.617075
88266456e9fffff,41.654298290795055,-87.61382961466371,7,16.443525,37.98674,28.276323,28.321835
88266456e9fffff,41.654298290795055,-87.61382961466371,8,14.922832,28.844156,23.869215,25.934805
88266456e9fffff,41.654298290795055,-87.61382961466371,9,13.329034,16.925747,22.22701,21.953009
88266456e9fffff,41.654298290795055,-87.61382961466371,10,13.504147,12.755935,19.211138,16.873741
88266456e9fffff,41.654298290795055,-87.61382961466371,11,5.6431327,9.081411,13.419245,10.269347
88266456e9fffff,41.654298290795055,-87.61382961466371,12,5.237766,8.66926,13.328509,9.809925
88266456ebfffff,41.64681826184833,-87.60911337491746,1,9.59493,12.918009,10.565331,7.6134324
88266456ebfffff,41.64681826184833,-87.60911337491746,2,14.918517,15.808318,11.497949,11.551357
88266456ebfffff,41.64681826184833,-87.60911337491746,3,16.908522,18.212646,15.196149,16.263144
88266456ebfffff,41.64681826184833,-87.60911337491746,4,16.89459,23.152332,18.415718,18.013857
88266456ebfffff,41.64681826184833,-87.60911337491746,5,24.899408,32.704586,23.218899,21.984764
88266456ebfffff,41.64681826184833,-87.60911337491746,6,28.44888,30.745062,24.18117,23.823849
88266456ebfffff,41.64681826184833,-87.60911337491746,7,24.996517,30.224777,23.942463,21.927692
88266456ebfffff,41.64681826184833,-87.60911337491746,8,21.334917,22.878708,20.838768,18.003311
88266456ebfffff,41.64681826184833,-87.60911337491746,9,22.99604,16.613688,19.233847,16.371723
88266456ebfffff,41.64681826184833,-87.60911337491746,10,16.467789,16.237555,15.190272,13.581535
88266456ebfffff,41.64681826184833,-87.60911337491746,11,8.268912,11.386523,13.268172,8.412173
88266456ebfffff,41.64681826184833,-87.60911337491746,12,7.989336,11.196193,13.300905,8.317756
8826645701fffff,41.69148912644551,-87.71239128099499,1,15.036226,15.398079,7.6086965,10.328208
8826645701fffff,41.69148912644551,-87.71239128099499,2,20.019436,16.624174,14.335308,17.661734
8826645701fffff,41.69148912644551,-87.71239128099499,3,24.48266,19.823147,20.178686,22.418535
8826645701fffff,41.69148912644551,-87.71239128099499,4,26.639711,24.201778,26.327156,28.483267
8826645701fffff,41.69148912644551,-87.71239128099499,5,36.17151,38.97511,32.348045,32.89829
8826645701fffff,41.69148912644551,-87.71239128099499,6,41.339363,36.26109,33.563118,33.551933
8826645701fffff,41.69148912644551,-87.71239128099499,7,36.858646,37.447353,32.261612,31.189182
8826645701fffff,41.69148912644551,-87.71239128099499,8,28.335602,25.499382,29.852957,31.064512
8826645701fffff,41.69148912644551,-87.71239128099499,9,19.58417,21.308662,29.0743,27.503485
8826645701fffff,41.69148912644551,-87.71239128099499,10,21.060402,16.392311,17.845747,19.645948
8826645701fffff,41.69148912644551,-87.71239128099499,11,13.344084,12.889744,12.504887,11.706937
8826645701fffff,41.69148912644551,-87.71239128099499,12,12.613379,10.494357,12.76295,11.2973175
8826645703fffff,41.68401089057746,-87.70765647759626,1,5.740033,8.061963,11.129267,11.698034
8826645703fffff,41.68401089057746,-87.70765647759626,2,13.611655,11.018627,17.459538,15.328782
8826645703fffff,41.68401089057746,-87.70765647759626,3,19.784197,16.32355,24.542822,22.494965
8826645703fffff,41.68401089057746,-87.70765647759626,4,38.06188,31.805368,31.614054,28.71421
8826645703fffff,41.68401089057746,-87.70765647759626,5,51.5094,42.86208,39.665424,33.964893
8826645703fffff,41.68401089057746,-87.70765647759626,6,56.710453,41.23888,40.227955,34.388184
8826645703fffff,41.68401089057746,-87.70765647759626,7,48.624672,42.61949,39.694927,32.762043
8826645703fffff,41.68401089057746,-87.70765647759626,8,42.081112,38.773415,33.446575,29.32544
8826645703fffff,41.68401089057746,-87.70765647759626,9,21.794428,16.070604,31.368328,22.40189
8826645703fffff,41.68401089057746,-87.70765647759626,10,13.469762,15.124097,21.377737,16.51695
8826645703fffff,41.68401089057746,-87.70765647759626,11,4.8787255,8.15658,15.461789,12.178991
8826645703fffff,41.68401089057746,-87.70765647759626,12,4.5257945,6.6944056,15.27139,11.74985
8826645707fffff,41.68504492199678,-87.71903856123392,1,7.5842695,8.511066,9.340665,7.5824623
8826645707fffff,41.68504492199678,-87.71903856123392,2,13.641359,11.343322,13.856196,11.201885
8826645707fffff,41.68504492199678,-87.71903856123392,3,17.79523,16.501188,18.666393,18.039417
8826645707fffff,41.68504492199678,-87.71903856123392,4,28.344198,29.160807,26.94556,25.37629
8826645707fffff,41.68504492199678,-87.71903856123392,5,39.962032,42.68785,32.930363,31.18719
8826645707fffff,41.68504492199678,-87.71903856123392,6,44.804165,39.918373,34.49661,30.370064
8826645707fffff,41.68504492199678,-87.71903856123392,7,39.018787,42.302177,34.064194,30.253403
8826645707fffff,41.68504492199678,-87.71903856123392,8,31.201254,35.00755,30.198978,26.307205
8826645707fffff,41.68504492199678,-87.71903856123392,9,18.6857,18.977697,28.138563,20.906944
8826645707fffff,41.68504492199678,-87.71903856123392,10,14.147337,14.328378,18.186487,12.514251
8826645707fffff,41.68504492199678,-87.71903856123392,11,6.7299824,8.065914,14.033525,7.878827
8826645707fffff,41.68504492199678,-87.71903856123392,12,6.68381,6.738532,13.843126,7.535918
8826645709fffff,41.69793355809438,-87.70574203903571,1,18.051203,18.698917,14.670766,14.551198
8826645709fffff,41.69793355809438,-87.70574203903571,2,25.010782,18.221771,19.444714,22.366455
8826645709fffff,41.69793355809438,-87.70574203903571,3,31.759642,24.091267,27.810862,25.94629
8826645709fffff,41.69793355809438,-87.70574203903571,4,33.033615,40.933006,32.675518,28.169622
8826645709fffff,41.69793355809438,-87.70574203903571,5,45.626324,56.26586,35.242233,33.612717
8826645709fffff,41.69793355809438,-87.70574203903571,6,50.63521,54.52647,34.773537,33.583164
8826645709fffff,41.69793355809438,-87.70574203903571,7,43.92124,54.958942,35.446426,31.334711
8826645709fffff,41.69793355809438,-87.70574203903571,8,36.30618,43.421215,34.882046,30.349646
8826645709fffff,41.69793355809438,-87.70574203903571,9,28.776901,29.54138,32.492035,28.737873
8826645709fffff,41.69793355809438,-87.70574203903571,10,24.993345,22.014109,24.019306,23.364838
8826645709fffff,41.69793355809438,-87.70574203903571,11,16.347254,18.226759,19.291725,12.940091
8826645709fffff,41.69793355809438,-87.70574203903571,12,15.152371,15.529847,19.367954,12.7826185
882664570bfffff,41.69045444105293,-87.70100757243293,1,6.638855,4.3876343,7.8441944,7.2264276
882664570bfffff,41.69045444105293,-87.70100757243293,2,12.9992895,5.586783,13.451095,11.029627
882664570bfffff,41.69045444105293,-87.70100757243293,3,19.565756,6.3383036,19.035887,19.049515
882664570bfffff,41.69045444105293,-87.70100757243293,4,32.530018,15.55478,24.565615,24.504858
882664570bfffff,41.69045444105293,-87.70100757243293,5,45.185078,26.5945,32.4798,29.904432
882664570bfffff,41.69045444105293,-87.70100757243293,6,49.091496,25.41383,33.0904,29.361794
882664570bfffff,41.69045444105293,-87.70100757243293,7,42.876343,26.26003,32.52866,29.0249
882664570bfffff,41.69045444105293,-87.70100757243293,8,35.810715,20.420578,27.460705,25.565117
882664570bfffff,41.69045444105293,-87.70100757243293,9,19.183752,1.3774189,26.12456,19.960775
882664570bfffff,41.69045444105293,-87.70100757243293,10,13.875985,7.419207,17.053856,12.792418
882664570bfffff,41.69045444105293,-87.70100757243293,11,5.6635227,3.9787464,12.095537,8.044072
882664570bfffff,41.69045444105293,-87.70100757243293,12,5.2938943,2.5869358,12.107317,7.614932
882664570dfffff,41.69896775776527,-87.71712755898153,1,14.108355,16.651165,9.517504,9.419525
882664570dfffff,41.69896775776527,-87.71712755898153,2,21.547215,24.213104,14.130266,15.687149
882664570dfffff,41.69896775776527,-87.71712755898153,3,26.418417,28.561087,17.526627,21.300758
882664570dfffff,41.69896775776527,-87.71712755898153,4,32.216434,32.92,24.000616,28.701578
882664570dfffff,41.69896775776527,-87.71712755898153,5,42.917385,43.10681,27.82736,30.425789
882664570dfffff,41.69896775776527,-87.71712755898153,6,47.037907,40.458588,29.306849,30.857515
882664570dfffff,41.69896775776527,-87.71712755898153,7,43.928753,41.33639,27.90175,29.398386
882664570dfffff,41.69896775776527,-87.71712755898153,8,37.6627,36.542217,26.088747,29.42229
882664570dfffff,41.69896775776527,-87.71712755898153,9,37.92791,28.424389,28.199854,28.399199
882664570dfffff,41.69896775776527,-87.71712755898153,10,25.78787,23.399008,18.05081,18.576828
882664570dfffff,41.69896775776527,-87.71712755898153,11,14.124984,14.482042,13.1146345,10.666051
882664570dfffff,41.69896775776527,-87.71712755898153,12,14.007045,12.059098,13.089289,10.319487
8826645719fffff,41.681939409817474,-87.68489286933094,1,8.197905,12.583209,8.350691,10.588071
8826645719fffff,41.681939409817474,-87.68489286933094,2,15.870839,15.062175,15.597362,15.983658
8826645719fffff,41.681939409817474,-87.68489286933094,3,20.185139,20.610098,22.634628,21.064507
8826645719fffff,41.681939409817474,-87.68489286933094,4,28.06426,25.5809,28.713331,25.704454
8826645719fffff,41.681939409817474,-87.68489286933094,5,40.771954,35.654842,30.48448,29.811474
8826645719fffff,41.681939409817474,-87.68489286933094,6,45.313713,34.223095,31.840872,30.140427
8826645719fffff,41.681939409817474,-87.68489286933094,7,40.45608,35.438324,31.70476,28.43504
8826645719fffff,41.681939409817474,-87.68489286933094,8,31.01835,30.383932,29.81432,25.984137
8826645719fffff,41.681939409817474,-87.68489286933094,9,18.492025,20.840616,28.07024,22.431942
8826645719fffff,41.681939409817474,-87.68489286933094,10,16.20135,17.122284,18.70025,16.60265
8826645719fffff,41.681939409817474,-87.68489286933094,11,7.298064,11.005655,13.398352,10.208427
8826645719fffff,41.681939409817474,-87.68489286933094,12,7.179985,9.985721,13.343325,10.114009
882664572bfffff,41.68607781401643,-87.73042083001651,1,2.3469543,3.7821348,5.0712323,4.915616
882664572bfffff,41.68607781401643,-87.73042083001651,2,10.285399,7.3451004,8.147341,7.7754297
882664572bfffff,41.68607781401643,-87.73042083001651,3,16.631521,11.914609,12.135899,13.223618
882664572bfffff,41.68607781401643,-87.73042083001651,4,16.50051,23.651394,17.533499,18.56985
882664572bfffff,41.68607781401643,-87.73042083001651,5,28.676252,34.027313,22.906332,22.941376
882664572bfffff,41.68607781401643,-87.73042083001651,6,34.233364,32.6544,23.90252,23.540194
882664572bfffff,41.68607781401643,-87.73042083001651,7,28.616796,32.66058,23.355122,21.654615
882664572bfffff,41.68607781401643,-87.73042083001651,8,17.946407,25.511564,18.626797,17.352505
882664572bfffff,41.68607781401643,-87.73042083001651,9,10.583978,12.660592,17.093197,12.99805
882664572bfffff,41.68607781401643,-87.73042083001651,10,9.793666,8.197676,10.117,8.575925
882664572bfffff,41.68607781401643,-87.73042083001651,11,1.5341958,2.8763263,7.789693,5.156165
882664572bfffff,41.68607781401643,-87.73042083001651,12,1.397785,2.2702444,8.055832,5.062703
8826645743fffff,41.704378216497766,-87.6990908346667,1,8.737573,9.072824,10.951667,8.117523
8826645743fffff,41.704378216497766,-87.6990908346667,2,14.893235,10.156823,16.85032,12.091898
8826645743fffff,41.704378216497766,-87.6990908346667,3,18.379421,15.102449,20.517145,19.97695
8826645743fffff,41.704378216497766,-87.6990908346667,4,17.983654,34.23419,25.149855,26.791904
8826645743fffff,41.704378216497766,-87.6990908346667,5,25.296452,47.097622,29.96064,29.601656
8826645743fffff,41.704378216497766,-87.6990908346667,6,30.89232,45.232384,31.183277,29.238762
8826645743fffff,41.704378216497766,-87.6990908346667,7,24.594471,45.950413,30.504494,28.962584
8826645743fffff,41.704378216497766,-87.6990908346667,8,20.048801,37.741634,27.30541,27.978064
8826645743fffff,41.704378216497766,-87.6990908346667,9,11.838493,18.177588,26.311321,22.0383
8826645743fffff,41.704378216497766,-87.6990908346667,10,15.198804,11.092223,20.131063,14.192991
8826645743fffff,41.704378216497766,-87.6990908346667,11,7.7754936,8.165349,15.367373,9.290297
8826645743fffff,41.704378216497766,-87.6990908346667,12,7.405864,6.7628436,15.407723,8.861156
8826645745fffff,41.71289297808905,-87.71521539723982,1,13.27909,14.117303,10.376457,8.350557
8826645745fffff,41.71289297808905,-87.71521539723982,2,18.938457,17.848272,12.324135,13.01887
8826645745fffff,41.71289297808905,-87.71521539723982,3,22.950903,20.763916,15.894748,18.029896
8826645745fffff,41.71289297808905,-87.71521539723982,4,21.785004,33.40967,16.763927,19.321085
8826645745fffff,41.71289297808905,-87.71521539723982,5,27.261873,37.99606,20.034481,20.685928
8826645745fffff,41.71289297808905,-87.71521539723982,6,32.633484,36.47327,20.575645,21.355675
8826645745fffff,41.71289297808905,-87.71521539723982,7,27.445475,34.915016,20.220654,19.695955
8826645745fffff,41.71289297808905,-87.71521539723982,8,27.619244,36.363266,17.675278,18.158585
8826645745fffff,41.71289297808905,-87.71521539723982,9,33.61352,34.89242,19.213392,19.389694
8826645745fffff,41.71289297808905,-87.71521539723982,10,26.796537,23.36845,15.679744,15.309606
8826645745fffff,41.71289297808905,-87.71521539723982,11,12.34954,11.936182,12.12678,8.204432
8826645745fffff,41.71289297808905,-87.71521539723982,12,11.843292,10.837914,12.421486,8.110014
8826645747fffff,41.70541307056792,-87.71047798042986,1,13.4646435,19.267721,9.534771,9.009629
8826645747fffff,41.70541307056792,-87.71047798042986,2,19.688137,24.532763,14.405995,14.833195
8826645747fffff,41.70541307056792,-87.71047798042986,3,23.051859,29.782986,20.322935,22.957117
8826645747fffff,41.70541307056792,-87.71047798042986,4,38.48644,32.8985,25.591135,27.50581
8826645747fffff,41.70541307056792,-87.71047798042986,5,49.674942,43.67328,33.42846,29.545889
8826645747fffff,41.70541307056792,-87.71047798042986,6,55.541744,40.960865,34.385715,30.374279
8826645747fffff,41.70541307056792,-87.71047798042986,7,49.137234,42.45615,33.502846,28.76061
8826645747fffff,41.70541307056792,-87.71047798042986,8,41.79747,35.567566,30.060465,28.573317
8826645747fffff,41.70541307056792,-87.71047798042986,9,37.050865,30.511652,32.828663,27.412037
8826645747fffff,41.70541307056792,-87.71047798042986,10,23.913715,24.879389,19.719994,18.299223
8826645747fffff,41.70541307056792,-87.71047798042986,11,12.476053,17.17958,14.382929,10.039353
8826645747fffff,41.70541307056792,-87.71047798042986,12,11.644466,13.991175,14.329014,9.692789
8826645751fffff,41.69586173859031,-87.68297155894624,1,10.769788,13.141981,20.588528,14.489294
8826645751fffff,41.69586173859031,-87.68297155894624,2,19.13271,18.411253,23.500399,22.143173
8826645751fffff,41.69586173859031,-87.68297155894624,3,27.275772,22.555012,30.01097,27.74718
8826645751fffff,41.69586173859031,-87.68297155894624,4,37.917515,37.191734,35.36089,32.68428
8826645751fffff,41.69586173859031,-87.68297155894624,5,53.378494,59.599552,38.096626,38.057472
8826645751fffff,41.69586173859031,-87.68297155894624,6,55.64485,58.081593,38.398212,38.141922
8826645751fffff,41.69586173859031,-87.68297155894624,7,49.653442,57.75107,37.527897,36.11355
8826645751fffff,41.69586173859031,-87.68297155894624,8,40.29143,40.132854,37.969727,32.809643
8826645751fffff,41.69586173859031,-87.68297155894624,9,24.637007,23.931423,35.223034,28.725716
8826645751fffff,41.69586173859031,-87.68297155894624,10,18.601454,21.621042,27.428778,24.059708
8826645751fffff,41.69586173859031,-87.68297155894624,11,8.557071,12.34778,22.243584,15.558411
8826645751fffff,41.69586173859031,-87.68297155894624,12,7.8081813,10.856064,22.044235,15.094115
8826645753fffff,41.68838165133063,-87.67824071605594,1,10.299628,10.254031,13.359848,12.790891
8826645753fffff,41.68838165133063,-87.67824071605594,2,15.502204,12.538984,17.31612,19.30938
8826645753fffff,41.68838165133063,-87.67824071605594,3,17.92876,14.623389,22.876507,22.904928
8826645753fffff,41.68838165133063,-87.67824071605594,4,15.509973,20.343555,23.701452,21.678413
8826645753fffff,41.68838165133063,-87.67824071605594,5,27.1481,31.953995,24.54208,23.439762
8826645753fffff,41.68838165133063,-87.67824071605594,6,29.739574,31.663242,23.595556,23.399384
8826645753fffff,41.68838165133063,-87.67824071605594,7,25.35292,31.482494,24.396744,22.157236
8826645753fffff,41.68838165133063,-87.67824071605594,8,17.271442,23.141956,26.416012,21.243355
8826645753fffff,41.68838165133063,-87.67824071605594,9,14.835693,12.058799,23.805231,17.380312
8826645753fffff,41.68838165133063,-87.67824071605594,10,15.896817,14.254867,21.695301,18.895502
8826645753fffff,41.68838165133063,-87.67824071605594,11,8.128755,8.622957,15.130335,11.669981
8826645753fffff,41.68838165133063,-87.67824071605594,12,7.7483983,7.6767654,15.333054,11.526229
8826645757fffff,41.68941861599136,-87.68962405048855,1,7.6458755,7.010367,6.9085226,6.2659187
8826645757fffff,41.68941861599136,-87.68962405048855,2,13.064219,8.036771,12.309676,11.936248
8826645757fffff,41.68941861599136,-87.68962405048855,3,19.603642,11.883097,15.084231,15.272277
8826645757fffff,41.68941861599136,-87.68962405048855,4,18.723362,23.415224,17.392363,19.5479
8826645757fffff,41.68941861599136,-87.68962405048855,5,27.817036,32.11434,21.29825,22.550406
8826645757fffff,41.68941861599136,-87.68962405048855,6,30.44633,31.157734,22.93504,22.493515
8826645757fffff,41.68941861599136,-87.68962405048855,7,25.120497,32.12067,21.849833,21.356234
8826645757fffff,41.68941861599136,-87.68962405048855,8,21.14786,27.238356,19.321285,19.482939
8826645757fffff,41.68941861599136,-87.68962405048855,9,17.641056,14.833861,17.875765,16.61377
8826645757fffff,41.68941861599136,-87.68962405048855,10,13.235267,10.17164,14.943482,10.510654
8826645757fffff,41.68941861599136,-87.68962405048855,11,6.2070103,6.9017534,10.61572,5.3915133
8826645757fffff,41.68941861599136,-87.68962405048855,12,5.740059,5.1653566,10.496015,4.8137956
8826645759fffff,41.70230508717877,-87.67631710468152,1,21.96174,22.818445,18.750572,15.981433
8826645759fffff,41.70230508717877,-87.67631710468152,2,28.959219,24.877201,28.482466,23.009607
8826645759fffff,41.70230508717877,-87.67631710468152,3,35.64152,29.896717,35.514004,30.28673
8826645759fffff,41.70230508717877,-87.67631710468152,4,46.176197,53.52948,39.78002,35.436234
8826645759fffff,41.70230508717877,-87.67631710468152,5,65.102844,79.85525,42.890114,39.8408
8826645759fffff,41.70230508717877,-87.67631710468152,6,70.70726,76.09999,43.14752,41.37021
8826645759fffff,41.70230508717877,-87.67631710468152,7,63.120705,76.46906,41.622505,38.552826
8826645759fffff,41.70230508717877,-87.67631710468152,8,47.92561,54.25008,42.589394,36.803352
8826645759fffff,41.70230508717877,-87.67631710468152,9,33.241985,36.041653,40.345085,34.074215
8826645759fffff,41.70230508717877,-87.67631710468152,10,27.111683,27.450127,32.876144,25.892864
8826645759fffff,41.70230508717877,-87.67631710468152,11,18.64409,21.040106,20.59209,16.978296
8826645759fffff,41.70230508717877,-87.67631710468152,12,17.282438,17.810383,20.091743,16.436043
882664575bfffff,41.69482411889679,-87.67158660059157,1,13.942352,15.985656,14.358722,13.919424
882664575bfffff,41.69482411889679,-87.67158660059157,2,18.984392,19.451769,23.771711,22.404696
882664575bfffff,41.69482411889679,-87.67158660059157,3,23.616873,23.025105,27.487614,29.529242
882664575bfffff,41.69482411889679,-87.67158660059157,4,34.192146,28.996956,33.605125,36.709633
882664575bfffff,41.69482411889679,-87.67158660059157,5,38.3713,43.7681,35.5435,39.22582
882664575bfffff,41.69482411889679,-87.67158660059157,6,43.25432,42.48531,37.399414,40.1375
882664575bfffff,41.69482411889679,-87.67158660059157,7,37.545277,45.04189,35.962147,38.549076
882664575bfffff,41.69482411889679,-87.67158660059157,8,37.578194,36.40319,36.344826,37.96775
882664575bfffff,41.69482411889679,-87.67158660059157,9,27.565962,23.510267,35.082504,33.495182
882664575bfffff,41.69482411889679,-87.67158660059157,10,19.162127,22.364477,27.892391,23.805449
882664575bfffff,41.69482411889679,-87.67158660059157,11,13.187153,15.814935,18.385313,15.326004
882664575bfffff,41.69482411889679,-87.67158660059157,12,12.913115,13.6122055,17.932718,14.780069
882664575dfffff,41.70334222201142,-87.68770387578564,1,9.723725,11.379649,12.597939,7.967771
882664575dfffff,41.70334222201142,-87.68770387578564,2,15.3483095,13.879321,18.145052,15.557138
882664575dfffff,41.70334222201142,-87.68770387578564,3,20.122223,17.167587,23.07345,21.129948
882664575dfffff,41.70334222201142,-87.68770387578564,4,30.198463,27.651505,29.885633,27.419262
882664575dfffff,41.70334222201142,-87.68770387578564,5,41.189766,41.63496,32.32678,29.66285
882664575dfffff,41.70334222201142,-87.68770387578564,6,44.851254,40.091026,33.21762,29.72026
882664575dfffff,41.70334222201142,-87.68770387578564,7,39.210655,40.91319,32.561295,28.65707
882664575dfffff,41.70334222201142,-87.68770387578564,8,35.23089,32.985485,33.82055,27.863495
882664575dfffff,41.70334222201142,-87.68770387578564,9,24.797237,18.739338,31.58989,23.622911
882664575dfffff,41.70334222201142,-87.68770387578564,10,16.244257,15.9095955,22.718163,16.444607
882664575dfffff,41.70334222201142,-87.68770387578564,11,8.661271,10.865367,15.706553,9.020194
882664575dfffff,41.70334222201142,-87.68770387578564,12,8.528281,9.662011,15.489234,8.489956
882664c101fffff,41.93186469587887,-87.63868639644497,1,10.498154,16.544508,15.075621,8.589679
882664c101fffff,41.93186469587887,-87.63868639644497,2,16.811214,16.173931,20.439667,16.269999
882664c101fffff,41.93186469587887,-87.63868639644497,3,25.286247,22.312464,23.768913,20.67568
882664c101fffff,41.93186469587887,-87.63868639644497,4,28.110538,21.290989,25.907785,19.759918
882664c101fffff,41.93186469587887,-87.63868639644497,5,39.998356,41.841133,31.27913,23.73405
882664c101fffff,41.93186469587887,-87.63868639644497,6,44.39607,39.19239,31.45137,23.190495
882664c101fffff,41.93186469587887,-87.63868639644497,7,38.7906,40.643265,29.228159,21.708496
882664c101fffff,41.93186469587887,-87.63868639644497,8,29.33728,26.185783,25.818762,17.959057
882664c101fffff,41.93186469587887,-87.63868639644497,9,21.208895,22.956121,24.326906,14.831532
882664c101fffff,41.93186469587887,-87.63868639644497,10,17.649002,20.238678,20.840984,14.864949
882664c101fffff,41.93186469587887,-87.63868639644497,11,8.019717,15.923397,16.326542,8.623089
882664c101fffff,41.93186469587887,-87.63868639644497,12,7.580096,13.806843,17.066883,8.44209
882664c103fffff,41.92436247359639,-87.63393801704494,1,11.818448,14.502593,14.888357,7.4839177
882664c103fffff,41.92436247359639,-87.63393801704494,2,16.836555,16.294636,23.931755,14.294307
882664c103fffff,41.92436247359639,-87.63393801704494,3,25.791224,22.04213,26.618265,20.624287
882664c103fffff,41.92436247359639,-87.63393801704494,4,24.541536,27.847635,29.525938,26.217733
882664c103fffff,41.92436247359639,-87.63393801704494,5,36.129227,45.45266,35.08743,28.251106
882664c103fffff,41.92436247359639,-87.63393801704494,6,41.322113,44.651627,36.5921,29.468035
882664c103fffff,41.92436247359639,-87.63393801704494,7,35.130634,45.168083,34.500225,26.929426
882664c103fffff,41.92436247359639,-87.63393801704494,8,28.044151,33.190254,31.062828,27.658682
882664c103fffff,41.92436247359639,-87.63393801704494,9,17.218058,24.489014,28.63554,22.139261
882664c103fffff,41.92436247359639,-87.63393801704494,10,18.843674,19.489382,26.226625,16.082243
882664c103fffff,41.92436247359639,-87.63393801704494,11,10.452882,13.731331,17.862045,8.074458
882664c103fffff,41.92436247359639,-87.63393801704494,12,9.941495,10.993265,17.460453,7.6344724
882664c105fffff,41.932905230308016,-87.65013007351222,1,18.158169,20.281662,15.928011,10.451918
882664c105fffff,41.932905230308016,-87.65013007351222,2,25.680857,21.668941,25.419254,18.730604
882664c105fffff,41.932905230308016,-87.65013007351222,3,33.507374,25.302673,28.100586,23.821333
882664c105fffff,41.932905230308016,-87.65013007351222,4,38.14442,24.785946,29.189493,23.696075
882664c105fffff,41.932905230308016,-87.65013007351222,5,40.709255,43.372353,34.395245,28.508427
882664c105fffff,41.932905230308016,-87.65013007351222,6,44.787483,41.108418,35.56067,28.754972
882664c105fffff,41.932905230308016,-87.65013007351222,7,40.005325,40.817776,31.358862,25.266003
882664c105fffff,41.932905230308016,-87.65013007351222,8,39.171803,31.024906,28.22264,22.742702
882664c105fffff,41.932905230308016,-87.65013007351222,9,42.23201,30.857925,27.759283,19.127445
882664c105fffff,41.932905230308016,-87.65013007351222,10,29.451586,30.30672,26.204464,18.961035
882664c105fffff,41.932905230308016,-87.65013007351222,11,12.260448,17.203754,17.41706,10.793667
882664c105fffff,41.932905230308016,-87.65013007351222,12,11.819704,15.151626,17.761204,10.729349
882664c107fffff,41.92540349798851,-87.64537986195226,1,15.44362,24.378777,15.900444,12.518958
882664c107fffff,41.92540349798851,-87.64537986195226,2,24.139753,26.003899,26.130274,20.208096
882664c107fffff,41.92540349798851,-87.64537986195226,3,33.66594,29.390722,31.28431,26.792963
882664c107fffff,41.92540349798851,-87.64537986195226,4,39.224663,36.50772,35.453396,28.93791
882664c107fffff,41.92540349798851,-87.64537986195226,5,41.884506,58.699448,38.83119,32.344112
882664c107fffff,41.92540349798851,-87.64537986195226,6,48.18968,56.636074,39.434498,32.737995
882664c107fffff,41.92540349798851,-87.64537986195226,7,41.407505,56.07484,36.655216,29.810205
882664c107fffff,41.92540349798851,-87.64537986195226,8,40.81838,43.071274,35.48161,27.893951
882664c107fffff,41.92540349798851,-87.64537986195226,9,42.70576,40.211243,35.47128,24.462938
882664c107fffff,41.92540349798851,-87.64537986195226,10,28.831186,34.72179,28.504963,19.237604
882664c107fffff,41.92540349798851,-87.64537986195226,11,9.580718,20.987906,17.649397,12.262304
882664c107fffff,41.92540349798851,-87.64537986195226,12,9.139972,18.474012,17.394281,11.938997
882664c10dfffff,41.93936730776785,-87.64343626352158,1,16.63181,21.181915,14.669776,9.708267
882664c10dfffff,41.93936730776785,-87.64343626352158,2,23.379904,22.08985,23.669333,17.506248
882664c10dfffff,41.93936730776785,-87.64343626352158,3,31.305035,25.03892,27.87404,25.352919
882664c10dfffff,41.93936730776785,-87.64343626352158,4,37.321327,26.35355,29.847227,26.52197
882664c10dfffff,41.93936730776785,-87.64343626352158,5,40.50281,45.094147,33.982277,30.024597
882664c10dfffff,41.93936730776785,-87.64343626352158,6,44.58104,43.364204,34.56287,29.923033
882664c10dfffff,41.93936730776785,-87.64343626352158,7,39.711544,42.93552,30.906261,26.863165
882664c10dfffff,41.93936730776785,-87.64343626352158,8,40.11288,32.837982,29.539553,25.892101
882664c10dfffff,41.93936730776785,-87.64343626352158,9,39.60082,31.752012,30.366592,22.72416
882664c10dfffff,41.93936730776785,-87.64343626352158,10,28.914804,30.645977,24.980152,17.697306
882664c10dfffff,41.93936730776785,-87.64343626352158,11,12.293461,17.791048,16.347918,10.355317
882664c10dfffff,41.93936730776785,-87.64343626352158,12,11.85272,15.996315,16.69206,10.290999
882664c115fffff,41.91686064130949,-87.62919112468786,1,12.991355,19.415936,14.030923,7.97301
882664c115fffff,41.91686064130949,-87.62919112468786,2,19.020851,20.987535,21.063068,15.065101
882664c115fffff,41.91686064130949,-87.62919112468786,3,29.677622,28.097063,26.94765,22.580906
882664c115fffff,41.91686064130949,-87.62919112468786,4,34.374615,26.983515,32.29314,26.031576
882664c115fffff,41.91686064130949,-87.62919112468786,5,44.771004,52.621597,37.149693,27.780857
882664c115fffff,41.91686064130949,-87.62919112468786,6,51.331093,50.52313,38.056465,29.377977
882664c115fffff,41.91686064130949,-87.62919112468786,7,43.50052,50.449745,35.20085,25.256329
882664c115fffff,41.91686064130949,-87.62919112468786,8,35.958324,32.671608,32.302025,24.296778
882664c115fffff,41.91686064130949,-87.62919112468786,9,34.678772,29.831818,33.50486,20.534279
882664c115fffff,41.91686064130949,-87.62919112468786,10,24.89025,30.099756,23.317112,14.632765
882664c115fffff,41.91686064130949,-87.62919112468786,11,9.059503,16.710627,15.507149,8.297526
882664c115fffff,41.91686064130949,-87.62919112468786,12,7.7335854,13.806281,15.601759,8.368674
882664c121fffff,41.92748208983561,-87.66826412979768,1,13.9356365,17.830421,16.350655,16.224577
882664c121fffff,41.92748208983561,-87.66826412979768,2,20.662056,20.378464,27.179548,23.112318
882664c121fffff,41.92748208983561,-87.66826412979768,3,26.34225,25.134647,31.738434,29.28368
882664c121fffff,41.92748208983561,-87.66826412979768,4,40.655205,40.26409,36.775387,33.49327
882664c121fffff,41.92748208983561,-87.66826412979768,5,52.24321,60.514156,41.73778,37.969006
882664c121fffff,41.92748208983561,-87.66826412979768,6,58.53618,58.160885,42.30282,38.729862
882664c121fffff,41.92748208983561,-87.66826412979768,7,52.639523,60.129864,40.788548,36.036026
882664c121fffff,41.92748208983561,-87.66826412979768,8,44.23502,47.563297,36.80785,35.151447
882664c121fffff,41.92748208983561,-87.66826412979768,9,27.873425,35.06306,36.358738,30.91551
882664c121fffff,41.92748208983561,-87.66826412979768,10,21.360062,22.767258,28.228657,23.741154
882664c121fffff,41.92748208983561,-87.66826412979768,11,12.878072,17.517134,19.017168,15.765872
882664c121fffff,41.92748208983561,-87.66826412979768,12,12.012728,14.310729,18.386332,15.235161
882664c123fffff,41.91998172757244,-87.66351174320144,1,6.0144157,17.641577,14.785251,13.593382
882664c123fffff,41.91998172757244,-87.66351174320144,2,14.040323,20.341913,23.216557,17.940475
882664c123fffff,41.91998172757244,-87.66351174320144,3,20.330551,27.865263,27.491676,22.54594
882664c123fffff,41.91998172757244,-87.66351174320144,4,33.851665,45.300964,33.249992,25.909613
882664c123fffff,41.91998172757244,-87.66351174320144,5,45.73375,62.9868,38.533333,29.315916
882664c123fffff,41.91998172757244,-87.66351174320144,6,51.013218,61.09272,39.68793,30.763811
882664c123fffff,41.91998172757244,-87.66351174320144,7,45.816166,62.992504,37.177063,27.195929
882664c123fffff,41.91998172757244,-87.66351174320144,8,38.587,53.007587,32.914555,26.779154
882664c123fffff,41.91998172757244,-87.66351174320144,9,25.598564,34.42191,31.771744,22.215343
882664c123fffff,41.91998172757244,-87.66351174320144,10,16.440643,24.525536,24.598543,17.976772
882664c123fffff,41.91998172757244,-87.66351174320144,11,5.2267523,18.256254,16.60279,12.6416025
882664c123fffff,41.91998172757244,-87.66351174320144,12,5.0459356,16.52834,16.707474,12.648483
882664c125fffff,41.9285196571489,-87.67970655092013,1,18.604092,23.242075,16.359797,18.59274
882664c125fffff,41.9285196571489,-87.67970655092013,2,27.985537,26.031338,28.234941,25.251911
882664c125fffff,41.9285196571489,-87.67970655092013,3,36.47861,33.43571,32.451588,30.962685
882664c125fffff,41.9285196571489,-87.67970655092013,4,44.933414,47.745823,36.00876,33.287857
882664c125fffff,41.9285196571489,-87.67970655092013,5,61.87624,75.316216,38.19716,38.604385
882664c125fffff,41.9285196571489,-87.67970655092013,6,66.982895,73.223656,38.67827,40.220726
882664c125fffff,41.9285196571489,-87.67970655092013,7,60.032825,73.98357,36.623253,36.396885
882664c125fffff,41.9285196571489,-87.67970655092013,8,47.641953,51.653416,36.005474,34.84439
882664c125fffff,41.9285196571489,-87.67970655092013,9,35.74021,43.438984,34.111343,31.405588
882664c125fffff,41.9285196571489,-87.67970655092013,10,26.184977,31.321827,30.217344,27.414911
882664c125fffff,41.9285196571489,-87.67970655092013,11,16.019516,22.69243,18.280182,17.981827
882664c125fffff,41.9285196571489,-87.67970655092013,12,15.170789,19.943298,17.728165,17.703259
882664c127fffff,41.92101978571866,-87.67495233354711,1,15.571629,23.572975,14.475511,13.38548
882664c127fffff,41.92101978571866,-87.67495233354711,2,19.399488,26.743744,25.250263,18.215382
882664c127fffff,41.92101978571866,-87.67495233354711,3,25.043968,29.323019,30.53747,24.925247
882664c127fffff,41.92101978571866,-87.67495233354711,4,31.744535,40.883057,34.971237,26.934355
882664c127fffff,41.92101978571866,-87.67495233354711,5,40.457947,59.086254,39.123413,31.207218
882664c127fffff,41.92101978571866,-87.67495233354711,6,46.67577,56.64032,39.791164,31.755215
882664c127fffff,41.92101978571866,-87.67495233354711,7,40.827908,56.988914,37.749977,28.278221
882664c127fffff,41.92101978571866,-87.67495233354711,8,36.49196,48.418934,34.766056,26.743734
882664c127fffff,41.92101978571866,-87.67495233354711,9,33.414516,43.733383,36.152306,24.799757
882664c127fffff,41.92101978571866,-87.67495233354711,10,25.139103,31.964142,26.206703,18.08587
882664c127fffff,41.92101978571866,-87.67495233354711,11,11.912464,20.424202,16.614069,12.614458
882664c127fffff,41.92101978571866,-87.67495233354711,12,11.047123,16.531939,16.653036,12.433457
882664c129fffff,41.93394461203568,-87.66157394324108,1,12.248691,21.929869,17.531591,14.040435
882664c129fffff,41.93394461203568,-87.66157394324108,2,17.327911,23.567898,28.150476,21.246904
882664c129fffff,41.93394461203568,-87.66157394324108,3,20.389042,27.024862,33.83346,27.453188
882664c129fffff,41.93394461203568,-87.66157394324108,4,35.198677,36.008327,38.100758,29.913788
882664c129fffff,41.93394461203568,-87.66157394324108,5,42.446213,53.884342,42.24254,34.189175
882664c129fffff,41.93394461203568,-87.66157394324108,6,49.127552,50.791023,42.604515,34.17572
882664c129fffff,41.93394461203568,-87.66157394324108,7,42.784985,51.96836,39.776115,30.747772
882664c129fffff,41.93394461203568,-87.66157394324108,8,38.303913,42.78325,38.54107,28.842934
882664c129fffff,41.93394461203568,-87.66157394324108,9,31.219511,36.34106,39.057568,25.143547
882664c129fffff,41.93394461203568,-87.66157394324108,10,18.307,25.857803,31.062891,21.63157
882664c129fffff,41.93394461203568,-87.66157394324108,11,9.509023,20.596949,19.439228,14.082647
882664c129fffff,41.93394461203568,-87.66157394324108,12,8.643676,16.484682,19.141136,13.785671
882664c12bfffff,41.9264433700919,-87.6568218998391,1,16.915762,23.644693,16.379272,12.664102
882664c12bfffff,41.9264433700919,-87.6568218998391,2,25.023926,25.007586,27.67871,20.592031
882664c12bfffff,41.9264433700919,-87.6568218998391,3,33.449726,27.67672,33.04089,27.192383
882664c12bfffff,41.9264433700919,-87.6568218998391,4,39.439625,34.656013,37.77951,30.874512
882664c12bfffff,41.9264433700919,-87.6568218998391,5,41.519222,55.765923,42.321907,34.892937
882664c12bfffff,41.9264433700919,-87.6568218998391,6,47.824394,53.64003,43.443333,35.32638
882664c12bfffff,41.9264433700919,-87.6568218998391,7,41.18125,53.078804,39.22284,31.533129
882664c12bfffff,41.9264433700919,-87.6568218998391,8,41.172367,41.62324,38.388767,29.997532
882664c12bfffff,41.9264433700919,-87.6568218998391,9,43.09979,38.11155,36.96864,25.748388
882664c12bfffff,41.9264433700919,-87.6568218998391,10,29.85439,34.04651,30.708841,20.146242
882664c12bfffff,41.9264433700919,-87.6568218998391,11,11.191897,20.253824,18.30515,12.46525
882664c12bfffff,41.9264433700919,-87.6568218998391,12,10.751151,17.739935,17.902985,12.141943
882664c12dfffff,41.93498284099106,-87.67301800472336,1,9.439874,18.31163,13.715164,11.6264
882664c12dfffff,41.93498284099106,-87.67301800472336,2,15.619849,19.373869,19.120218,16.552933
882664c12dfffff,41.93498284099106,-87.67301800472336,3,22.039919,24.851576,24.481867,21.160881
882664c12dfffff,41.93498284099106,-87.67301800472336,4,30.922867,31.979906,29.62866,22.88095
882664c12dfffff,41.93498284099106,-87.67301800472336,5,43.58137,49.36086,34.183456,27.526564
882664c12dfffff,41.93498284099106,-87.67301800472336,6,49.267628,46.673973,34.728752,27.883251
882664c12dfffff,41.93498284099106,-87.67301800472336,7,43.081585,48.960636,33.28646,25.667503
882664c12dfffff,41.93498284099106,-87.67301800472336,8,35.172405,38.872375,29.851608,23.345188
882664c12dfffff,41.93498284099106,-87.67301800472336,9,20.91004,29.588531,28.411394,20.09006
882664c12dfffff,41.93498284099106,-87.67301800472336,10,17.137863,23.137568,20.60958,17.177748
882664c12dfffff,41.93498284099106,-87.67301800472336,11,7.3005605,17.469196,16.071695,11.917979
882664c12dfffff,41.93498284099106,-87.67301800472336,12,7.128592,15.106381,16.328115,11.7369795
882664c131fffff,41.9114420543739,-87.64732227610457,1,16.177536,21.947878,12.115727,12.379846
882664c131fffff,41.9114420543739,-87.64732227610457,2,22.482052,24.116158,21.374168,17.450083
882664c131fffff,41.9114420543739,-87.64732227610457,3,26.77465,25.962242,26.730003,23.760637
882664c131fffff,41.9114420543739,-87.64732227610457,4,30.160208,34.311344,29.531057,24.751184
882664c131fffff,41.9114420543739,-87.64732227610457,5,37.827286,47.857002,34.535767,29.367455
882664c131fffff,41.9114420543739,-87.64732227610457,6,42.091625,45.34856,35.85162,29.128632
882664c131fffff,41.9114420543739,-87.64732227610457,7,39.06674,45.829697,32.40626,26.364586
882664c131fffff,41.9114420543739,-87.64732227610457,8,36.85219,42.048897,28.642485,24.580154
882664c131fffff,41.9114420543739,-87.64732227610457,9,36.701004,36.619297,28.646084,22.836735
882664c131fffff,41.9114420543739,-87.64732227610457,10,28.086838,29.47708,21.838932,17.238213
882664c131fffff,41.9114420543739,-87.64732227610457,11,12.730263,18.799105,13.995867,11.763865
882664c131fffff,41.9114420543739,-87.64732227610457,12,12.650334,16.5356,14.1818905,11.582867
882664c133fffff,41.90394198137771,-87.64257469450551,1,14.089275,23.29019,15.805579,10.448753
882664c133fffff,41.90394198137771,-87.64257469450551,2,21.192625,25.630877,26.642185,19.03249
882664c133fffff,41.90394198137771,-87.64257469450551,3,26.68656,28.151535,32.444088,26.266394
882664c133fffff,41.90394198137771,-87.64257469450551,4,38.136932,36.787663,36.51261,27.15755
882664c133fffff,41.90394198137771,-87.64257469450551,5,45.032738,52.494194,39.701115,30.827414
882664c133fffff,41.90394198137771,-87.64257469450551,6,49.09397,50.646954,40.41752,31.200888
882664c133fffff,41.90394198137771,-87.64257469450551,7,45.74984,50.919807,38.157513,28.5774
882664c133fffff,41.90394198137771,-87.64257469450551,8,44.463238,44.586933,36.820873,27.581701
882664c133fffff,41.90394198137771,-87.64257469450551,9,42.299656,39.243385,37.184383,25.114872
882664c133fffff,41.90394198137771,-87.64257469450551,10,27.295235,31.592897,28.437222,19.675097
882664c133fffff,41.90394198137771,-87.64257469450551,11,10.175243,19.831564,18.168783,10.629006
882664c133fffff,41.90394198137771,-87.64257469450551,12,10.095308,16.848902,17.731012,10.214976
882664c135fffff,41.91248175459088,-87.65876084430117,1,12.29883,20.480753,15.236514,11.150261
882664c135fffff,41.91248175459088,-87.65876084430117,2,19.898525,23.48182,24.11397,19.48472
882664c135fffff,41.91248175459088,-87.65876084430117,3,29.79263,29.975798,29.69563,28.672981
882664c135fffff,41.91248175459088,-87.65876084430117,4,35.13168,37.729053,33.94842,32.66284
882664c135fffff,41.91248175459088,-87.65876084430117,5,40.341354,62.31105,37.673424,34.24466
882664c135fffff,41.91248175459088,-87.65876084430117,6,47.050117,63.790115,38.145977,35.677082
882664c135fffff,41.91248175459088,-87.65876084430117,7,39.5603,60.05479,35.370636,31.46091
882664c135fffff,41.91248175459088,-87.65876084430117,8,38.218468,44.799366,33.10072,31.743958
882664c135fffff,41.91248175459088,-87.65876084430117,9,36.828335,38.7894,33.04637,27.71575
882664c135fffff,41.91248175459088,-87.65876084430117,10,26.423914,33.43126,25.515871,19.43809
882664c135fffff,41.91248175459088,-87.65876084430117,11,9.060963,18.050365,16.7272,11.405109
882664c135fffff,41.91248175459088,-87.65876084430117,12,8.490156,15.257585,17.071339,11.214315
882664c137fffff,41.904982171279904,-87.65401143246369,1,10.841567,21.37901,14.724941,9.465548
882664c137fffff,41.904982171279904,-87.65401143246369,2,16.879473,23.175741,20.59633,15.152371
882664c137fffff,41.904982171279904,-87.65401143246369,3,24.899504,28.957588,26.041197,21.777798
882664c137fffff,41.904982171279904,-87.65401143246369,4,31.981295,37.8718,32.294353,24.462477
882664c137fffff,41.904982171279904,-87.65401143246369,5,42.6353,54.616837,37.511517,26.12679
882664c137fffff,41.904982171279904,-87.65401143246369,6,49.157993,53.053905,38.190975,27.283524
882664c137fffff,41.904982171279904,-87.65401143246369,7,42.135513,53.134964,36.018,23.615845
882664c137fffff,41.904982171279904,-87.65401143246369,8,36.64756,45.00342,31.959673,23.363935
882664c137fffff,41.904982171279904,-87.65401143246369,9,33.887295,36.207565,32.35891,20.697418
882664c137fffff,41.904982171279904,-87.65401143246369,10,22.026533,29.669535,21.96251,15.227475
882664c137fffff,41.904982171279904,-87.65401143246369,11,6.663245,18.340813,16.842262,9.133696
882664c137fffff,41.904982171279904,-87.65401143246369,12,6.3903966,15.111476,17.05943,9.140576
882664c139fffff,41.91790215529693,-87.64063113786446,1,15.997653,23.303501,14.589812,10.577375
882664c139fffff,41.91790215529693,-87.64063113786446,2,23.562878,23.50373,24.854725,17.936155
882664c139fffff,41.91790215529693,-87.64063113786446,3,31.293236,26.472692,29.850954,26.549097
882664c139fffff,41.91790215529693,-87.64063113786446,4,39.651947,29.649406,32.770107,28.745699
882664c139fffff,41.91790215529693,-87.64063113786446,5,44.42284,51.87634,37.15119,31.072834
882664c139fffff,41.91790215529693,-87.64063113786446,6,50.140644,49.934357,37.59726,30.898874
882664c139fffff,41.91790215529693,-87.64063113786446,7,43.631573,49.31112,33.946808,27.534712
882664c139fffff,41.91790215529693,-87.64063113786446,8,42.273148,35.011093,33.26463,26.44144
882664c139fffff,41.91790215529693,-87.64063113786446,9,38.438824,36.1765,33.52915,22.052338
882664c139fffff,41.91790215529693,-87.64063113786446,10,29.935059,32.334324,27.39908,17.528494
882664c139fffff,41.91790215529693,-87.64063113786446,11,12.043211,19.95186,15.919992,11.416833
882664c139fffff,41.91790215529693,-87.64063113786446,12,10.817053,17.28049,16.054314,11.604662
882664c13bfffff,41.91040120262224,-87.6358839006154,1,17.824862,21.688501,14.60484,13.357371
882664c13bfffff,41.91040120262224,-87.6358839006154,2,26.007435,24.117584,26.6981,19.985987
882664c13bfffff,41.91040120262224,-87.6358839006154,3,34.468563,27.545343,31.479963,27.208168
882664c13bfffff,41.91040120262224,-87.6358839006154,4,38.24775,34.68865,35.877552,31.001303
882664c13bfffff,41.91040120262224,-87.6358839006154,5,45.56796,55.486828,39.749706,34.900665
882664c13bfffff,41.91040120262224,-87.6358839006154,6,51.79799,53.946766,40.762962,35.34842
882664c13bfffff,41.91040120262224,-87.6358839006154,7,45.16001,53.787895,36.954346,31.922539
882664c13bfffff,41.91040120262224,-87.6358839006154,8,42.04528,40.24811,35.991993,31.455864
882664c13bfffff,41.91040120262224,-87.6358839006154,9,40.213356,37.214684,35.27205,28.965445
882664c13bfffff,41.91040120262224,-87.6358839006154,10,31.710354,30.522148,28.15576,20.442493
882664c13bfffff,41.91040120262224,-87.6358839006154,11,13.8102665,18.604918,15.888982,12.841018
882664c13bfffff,41.91040120262224,-87.6358839006154,12,13.369518,16.810186,15.942068,12.660019
882664c13dfffff,41.91894251740828,-87.65207134433808,1,18.590118,18.896667,14.830842,11.066868
882664c13dfffff,41.91894251740828,-87.65207134433808,2,27.135424,20.330833,24.628914,19.029575
882664c13dfffff,41.91894251740828,-87.65207134433808,3,33.730534,24.785484,27.990564,25.386072
882664c13dfffff,41.91894251740828,-87.65207134433808,4,41.61019,27.213154,29.835274,24.94018
882664c13dfffff,41.91894251740828,-87.65207134433808,5,41.772827,45.747578,33.99433,28.704512
882664c13dfffff,41.91894251740828,-87.65207134433808,6,45.851055,43.538334,35.12013,28.951056
882664c13dfffff,41.91894251740828,-87.65207134433808,7,41.068897,44.282,30.918308,25.46209
882664c13dfffff,41.91894251740828,-87.65207134433808,8,42.08689,32.123833,29.23831,24.271347
882664c13dfffff,41.91894251740828,-87.65207134433808,9,38.708546,27.673729,28.510632,20.65044
882664c13dfffff,41.91894251740828,-87.65207134433808,10,28.221046,24.732517,26.181292,19.260002
882664c13dfffff,41.91894251740828,-87.65207134433808,11,15.291261,17.80875,16.280254,11.408619
882664c13dfffff,41.91894251740828,-87.65207134433808,12,14.850509,15.672661,16.624397,11.344301
882664c145fffff,41.953333482605885,-87.6414914797336,1,12.973853,17.417034,17.83628,10.511452
882664c145fffff,41.953333482605885,-87.6414914797336,2,20.331486,21.771622,23.952507,19.213161
882664c145fffff,41.953333482605885,-87.6414914797336,3,31.410713,26.844965,32.896088,26.815277
882664c145fffff,41.953333482605885,-87.6414914797336,4,42.10905,39.579247,38.451164,31.92552
882664c145fffff,41.953333482605885,-87.6414914797336,5,50.39373,60.42426,42.592346,35.290043
882664c145fffff,41.953333482605885,-87.6414914797336,6,53.711758,58.159874,43.811615,36.287052
882664c145fffff,41.953333482605885,-87.6414914797336,7,47.72256,58.80145,41.610104,32.935925
882664c145fffff,41.953333482605885,-87.6414914797336,8,41.754723,44.095615,40.780388,31.163092
882664c145fffff,41.953333482605885,-87.6414914797336,9,36.40759,35.339535,41.635178,28.81532
882664c145fffff,41.953333482605885,-87.6414914797336,10,20.49826,25.618439,27.73678,19.11318
882664c145fffff,41.953333482605885,-87.6414914797336,11,9.299056,16.89036,20.212858,10.196741
882664c145fffff,41.953333482605885,-87.6414914797336,12,7.97314,13.6377535,19.800451,9.731231
882664c147fffff,41.94582960201826,-87.6367404691679,1,21.52439,19.520735,17.027546,16.556623
882664c147fffff,41.94582960201826,-87.6367404691679,2,29.105295,20.88006,22.210197,24.0629
882664c147fffff,41.94582960201826,-87.6367404691679,3,38.88427,30.010096,31.884851,30.284874
882664c147fffff,41.94582960201826,-87.6367404691679,4,47.058754,51.183563,37.21982,35.0724
882664c147fffff,41.94582960201826,-87.6367404691679,5,63.577633,77.537186,37.93564,38.41351
882664c147fffff,41.94582960201826,-87.6367404691679,6,66.66434,75.90387,37.98442,39.11722
882664c147fffff,41.94582960201826,-87.6367404691679,7,59.932938,76.19585,37.09162,35.352825
882664c147fffff,41.94582960201826,-87.6367404691679,8,50.204353,52.956287,37.47034,35.676785
882664c147fffff,41.94582960201826,-87.6367404691679,9,38.5261,37.119286,38.347992,33.495068
882664c147fffff,41.94582960201826,-87.6367404691679,10,32.277786,24.494629,25.208347,24.899738
882664c147fffff,41.94582960201826,-87.6367404691679,11,18.738058,18.724733,19.234478,14.184114
882664c147fffff,41.94582960201826,-87.6367404691679,12,17.275526,15.739324,19.031765,13.833832
882664c161fffff,41.94790986227351,-87.65963496158342,1,14.348455,23.124073,16.401932,9.875686
882664c161fffff,41.94790986227351,-87.65963496158342,2,22.535513,24.547054,25.598753,19.082273
882664c161fffff,41.94790986227351,-87.65963496158342,3,30.129063,26.629799,30.353115,24.166666
882664c161fffff,41.94790986227351,-87.65963496158342,4,36.784664,30.192822,32.190285,24.056551
882664c161fffff,41.94790986227351,-87.65963496158342,5,38.882248,47.849632,37.704754,27.377878
882664c161fffff,41.94790986227351,-87.65963496158342,6,42.113464,44.47387,38.21158,27.350182
882664c161fffff,41.94790986227351,-87.65963496158342,7,38.280903,44.429802,34.66837,24.240482
882664c161fffff,41.94790986227351,-87.65963496158342,8,37.89477,35.20687,31.983545,22.476343
882664c161fffff,41.94790986227351,-87.65963496158342,9,40.280407,35.572945,32.72052,18.989277
882664c161fffff,41.94790986227351,-87.65963496158342,10,25.939499,32.512867,27.259253,18.380108
882664c161fffff,41.94790986227351,-87.65963496158342,11,8.573601,19.686386,18.27094,10.423697
882664c161fffff,41.94790986227351,-87.65963496158342,12,8.132853,18.386387,17.93154,10.009667
882664c163fffff,41.94040735186616,-87.65488177317792,1,18.038885,21.261038,17.279745,14.946456
882664c163fffff,41.94040735186616,-87.65488177317792,2,24.953075,22.494005,27.657248,22.63151
882664c163fffff,41.94040735186616,-87.65488177317792,3,32.48525,26.47699,32.785656,30.231833
882664c163fffff,41.94040735186616,-87.65488177317792,4,40.220535,33.292755,37.208405,34.599037
882664c163fffff,41.94040735186616,-87.65488177317792,5,42.743988,53.22294,41.501923,38.383076
882664c163fffff,41.94040735186616,-87.65488177317792,6,48.77091,51.039272,42.435467,38.609093
882664c163fffff,41.94040735186616,-87.65488177317792,7,41.952717,51.67879,38.402847,35.12829
882664c163fffff,41.94040735186616,-87.65488177317792,8,40.78028,39.207806,37.280575,34.512104
882664c163fffff,41.94040735186616,-87.65488177317792,9,36.17616,35.120693,36.32992,30.97992
882664c163fffff,41.94040735186616,-87.65488177317792,10,26.361746,27.848486,30.021315,23.02098
882664c163fffff,41.94040735186616,-87.65488177317792,11,14.7998905,20.07084,19.205622,15.1351595
882664c163fffff,41.94040735186616,-87.65488177317792,12,14.359146,18.192142,19.013273,14.81185
882664c165fffff,41.94894826214597,-87.67108249628306,1,11.193827,18.834154,15.965136,13.0796
882664c165fffff,41.94894826214597,-87.67108249628306,2,19.130196,20.58507,25.378006,20.0438
882664c165fffff,41.94894826214597,-87.67108249628306,3,26.59218,25.81137,29.883688,26.784424
882664c165fffff,41.94894826214597,-87.67108249628306,4,36.206203,33.23847,33.357334,30.910315
882664c165fffff,41.94894826214597,-87.67108249628306,5,44.095284,55.252056,37.690323,35.4222
882664c165fffff,41.94894826214597,-87.67108249628306,6,51.099934,55.650753,38.18357,35.408737
882664c165fffff,41.94894826214597,-87.67108249628306,7,43.757313,53.72938,34.894974,32.00643
882664c165fffff,41.94894826214597,-87.67108249628306,8,39.64651,39.175762,33.13116,30.5024
882664c165fffff,41.94894826214597,-87.67108249628306,9,26.120773,32.105713,31.614807,25.98151
882664c165fffff,41.94894826214597,-87.67108249628306,10,21.357368,25.718739,27.01745,20.18697
882664c165fffff,41.94894826214597,-87.67108249628306,11,9.798687,18.432049,17.063385,13.322101
882664c165fffff,41.94894826214597,-87.67108249628306,12,9.451098,15.199891,17.407524,13.131309
882664c167fffff,41.94144624285022,-87.66632747517771,1,18.06019,25.661467,15.707051,14.115813
882664c167fffff,41.94144624285022,-87.66632747517771,2,27.051266,26.95188,25.571814,22.405237
882664c167fffff,41.94144624285022,-87.66632747517771,3,34.970226,29.655025,31.101282,30.583712
882664c167fffff,41.94144624285022,-87.66632747517771,4,49.59453,36.97771,35.33921,34.916206
882664c167fffff,41.94144624285022,-87.66632747517771,5,51.75804,58.38955,39.426193,37.819
882664c167fffff,41.94144624285022,-87.66632747517771,6,56.937946,55.939156,39.83548,38.045017
882664c167fffff,41.94144624285022,-87.66632747517771,7,50.96677,55.56147,36.32714,34.564213
882664c167fffff,41.94144624285022,-87.66632747517771,8,51.099358,42.718082,36.014324,33.08576
882664c167fffff,41.94144624285022,-87.66632747517771,9,50.362694,43.525425,34.976147,29.105446
882664c167fffff,41.94144624285022,-87.66632747517771,10,31.996452,36.34171,29.015268,21.9712
882664c167fffff,41.94144624285022,-87.66632747517771,11,12.570187,22.458641,17.360266,14.785225
882664c167fffff,41.94144624285022,-87.66632747517771,12,12.12944,20.696875,17.10515,14.371191
882664c169fffff,41.95437369880776,-87.65294046324055,1,20.242855,23.61523,16.985302,14.33044
882664c169fffff,41.95437369880776,-87.65294046324055,2,29.30111,25.30739,27.3628,22.366335
882664c169fffff,41.95437369880776,-87.65294046324055,3,37.43173,27.73847,32.4912,29.778404
882664c169fffff,41.95437369880776,-87.65294046324055,4,47.475166,37.82201,35.573174,34.917
882664c169fffff,41.95437369880776,-87.65294046324055,5,49.073853,58.894543,39.906242,38.720394
882664c169fffff,41.95437369880776,-87.65294046324055,6,54.180508,56.656185,40.839787,38.94641
882664c169fffff,41.95437369880776,-87.65294046324055,7,48.385174,56.34052,36.80719,35.465607
882664c169fffff,41.95437369880776,-87.65294046324055,8,49.19184,43.930695,35.64533,35.163727
882664c169fffff,41.95437369880776,-87.65294046324055,9,48.686275,41.99819,34.928886,30.82292
882664c169fffff,41.95437369880776,-87.65294046324055,10,33.55168,33.668327,29.726868,23.08946
882664c169fffff,41.95437369880776,-87.65294046324055,11,14.507587,20.373177,18.911179,14.616478
882664c169fffff,41.95437369880776,-87.65294046324055,12,14.066845,18.578442,18.718826,14.20245
882664c16bfffff,41.946870308874,-87.64818761890871,1,14.942236,23.06424,12.760621,10.922371
882664c16bfffff,41.946870308874,-87.64818761890871,2,23.538359,24.262474,22.384583,19.42887
882664c16bfffff,41.946870308874,-87.64818761890871,3,31.463501,26.579327,26.054752,26.619848
882664c16bfffff,41.946870308874,-87.64818761890871,4,37.90462,28.639484,26.84196,25.635574
882664c16bfffff,41.946870308874,-87.64818761890871,5,39.90934,46.518566,32.187435,28.765524
882664c16bfffff,41.946870308874,-87.64818761890871,6,43.987568,44.538116,32.60725,28.80464
882664c16bfffff,41.946870308874,-87.64818761890871,7,39.20541,44.41391,29.111423,25.62813
882664c16bfffff,41.946870308874,-87.64818761890871,8,40.953896,34.267826,27.38181,24.199177
882664c16bfffff,41.946870308874,-87.64818761890871,9,40.57533,33.95508,27.94591,20.697243
882664c16bfffff,41.946870308874,-87.64818761890871,10,29.330984,32.565197,24.337097,18.806385
882664c16bfffff,41.946870308874,-87.64818761890871,11,10.635662,19.883583,14.596668,11.593454
882664c16bfffff,41.946870308874,-87.64818761890871,12,10.194916,18.550613,15.036521,11.529137
882664c16dfffff,41.95541276114043,-87.66438963936301,1,11.790379,19.101295,19.80058,13.207974
882664c16dfffff,41.95541276114043,-87.66438963936301,2,20.23926,22.193136,31.344252,23.858341
882664c16dfffff,41.95541276114043,-87.66438963936301,3,29.923904,30.251143,39.63259,33.03152
882664c16dfffff,41.95541276114043,-87.66438963936301,4,48.961018,43.499126,43.943497,37.45967
882664c16dfffff,41.95541276114043,-87.66438963936301,5,55.82749,66.11652,47.5149,40.593575
882664c16dfffff,41.95541276114043,-87.66438963936301,6,59.216774,64.20488,48.83684,41.97111
882664c16dfffff,41.95541276114043,-87.66438963936301,7,55.137394,64.82683,46.805355,39.319836
882664c16dfffff,41.95541276114043,-87.66438963936301,8,52.092724,49.408295,44.30972,39.43208
882664c16dfffff,41.95541276114043,-87.66438963936301,9,37.982327,34.38423,42.96074,35.21468
882664c16dfffff,41.95541276114043,-87.66438963936301,10,22.519018,27.274715,33.674343,25.60767
882664c16dfffff,41.95541276114043,-87.66438963936301,11,10.379795,19.405317,22.388239,14.242233
882664c16dfffff,41.95541276114043,-87.66438963936301,12,9.06583,15.900666,21.947184,13.701729
882664c185fffff,41.88040129986516,-87.61690980735064,1,15.171273,18.065617,17.43545,12.801976
882664c185fffff,41.88040129986516,-87.61690980735064,2,21.15559,18.7474,21.094427,21.519533
882664c185fffff,41.88040129986516,-87.61690980735064,3,32.552147,23.076931,26.815845,25.214294
882664c185fffff,41.88040129986516,-87.61690980735064,4,38.68445,34.788433,29.772898,26.376886
882664c185fffff,41.88040129986516,-87.61690980735064,5,58.133125,60.653133,33.094414,31.093643
882664c185fffff,41.88040129986516,-87.61690980735064,6,62.24518,59.9737,33.331295,32.230904
882664c185fffff,41.88040129986516,-87.61690980735064,7,54.367146,59.300858,31.869682,28.934875
882664c185fffff,41.88040129986516,-87.61690980735064,8,40.326256,37.819363,31.73656,26.697138
882664c185fffff,41.88040129986516,-87.61690980735064,9,39.712704,29.546997,32.631683,25.577059
882664c185fffff,41.88040129986516,-87.61690980735064,10,26.702648,26.651558,25.339487,22.385818
882664c185fffff,41.88040129986516,-87.61690980735064,11,11.207398,15.418804,19.61674,11.470329
882664c185fffff,41.88040129986516,-87.61690980735064,12,9.565534,12.373148,19.280401,11.383444
882664c18dfffff,41.886857219892285,-87.61021841302788,1,12.915273,18.826689,17.975412,10.961844
882664c18dfffff,41.886857219892285,-87.61021841302788,2,19.787762,18.8545,22.62187,19.615982
882664c18dfffff,41.886857219892285,-87.61021841302788,3,30.326962,22.001823,27.659521,24.085424
882664c18dfffff,41.886857219892285,-87.61021841302788,4,36.44961,30.8812,30.979969,25.583887
882664c18dfffff,41.886857219892285,-87.61021841302788,5,56.247925,58.298653,34.967457,30.439205
882664c18dfffff,41.886857219892285,-87.61021841302788,6,60.46604,57.327946,34.445526,31.944706
882664c18dfffff,41.886857219892285,-87.61021841302788,7,52.420753,56.44524,32.59897,27.554403
882664c18dfffff,41.886857219892285,-87.61021841302788,8,39.37917,34.139366,32.036278,25.323835
882664c18dfffff,41.886857219892285,-87.61021841302788,9,38.223034,27.495636,32.40731,23.900537
882664c18dfffff,41.886857219892285,-87.61021841302788,10,25.081182,27.413918,25.965036,19.88452
882664c18dfffff,41.886857219892285,-87.61021841302788,11,8.946534,16.36505,19.077307,9.137026
882664c18dfffff,41.886857219892285,-87.61021841302788,12,7.304671,12.967687,18.890268,9.050138
882664c1a1fffff,41.87498774251564,-87.6350286430896,1,16.930746,25.064215,15.538432,12.456587
882664c1a1fffff,41.87498774251564,-87.6350286430896,2,26.091799,26.403606,26.02761,20.574474
882664c1a1fffff,41.87498774251564,-87.6350286430896,3,34.011196,28.426565,30.647614,28.991138
882664c1a1fffff,41.87498774251564,-87.6350286430896,4,46.636486,38.816032,33.731945,32.835308
882664c1a1fffff,41.87498774251564,-87.6350286430896,5,47.867546,60.458004,38.927517,36.767735
882664c1a1fffff,41.87498774251564,-87.6350286430896,6,53.003857,58.72508,39.535576,37.072952
882664c1a1fffff,41.87498774251564,-87.6350286430896,7,47.178867,58.19956,36.046787,33.512947
882664c1a1fffff,41.87498774251564,-87.6350286430896,8,49.701008,44.68835,35.047924,32.227608
882664c1a1fffff,41.87498774251564,-87.6350286430896,9,45.28098,43.401802,34.26596,28.295725
882664c1a1fffff,41.87498774251564,-87.6350286430896,10,32.053066,35.067635,29.173723,20.443174
882664c1a1fffff,41.87498774251564,-87.6350286430896,11,12.873074,21.96204,17.533499,12.742627
882664c1a1fffff,41.87498774251564,-87.6350286430896,12,12.432329,20.200274,17.278383,12.328599
882664c1a3fffff,41.86749011338593,-87.63028665707974,1,16.313295,21.865084,14.87124,11.468617
882664c1a3fffff,41.86749011338593,-87.63028665707974,2,26.119913,23.97173,24.581556,19.641924
882664c1a3fffff,41.86749011338593,-87.63028665707974,3,35.351353,27.756433,28.565245,26.994444
882664c1a3fffff,41.86749011338593,-87.63028665707974,4,47.171223,36.84014,32.047268,29.72819
882664c1a3fffff,41.86749011338593,-87.63028665707974,5,48.785934,63.052326,35.71024,33.43517
882664c1a3fffff,41.86749011338593,-87.63028665707974,6,53.848988,61.524765,36.506184,33.606876
882664c1a3fffff,41.86749011338593,-87.63028665707974,7,48.052204,61.042656,33.75261,30.901255
882664c1a3fffff,41.86749011338593,-87.63028665707974,8,50.025333,43.44483,33.20357,29.441584
882664c1a3fffff,41.86749011338593,-87.63028665707974,9,46.56287,41.60416,32.518383,26.019793
882664c1a3fffff,41.86749011338593,-87.63028665707974,10,31.629667,32.635773,27.449347,19.559347
882664c1a3fffff,41.86749011338593,-87.63028665707974,11,12.245882,18.70894,16.913754,11.367521
882664c1a3fffff,41.86749011338593,-87.63028665707974,12,11.805134,16.195045,16.658638,10.953491
882664c1a5fffff,41.87602873794077,-87.64645825776267,1,17.630535,25.666662,14.884285,14.179384
882664c1a5fffff,41.87602873794077,-87.64645825776267,2,26.621601,26.957075,24.749048,22.439583
882664c1a5fffff,41.87602873794077,-87.64645825776267,3,34.54056,29.516922,30.27852,30.421173
882664c1a5fffff,41.87602873794077,-87.64645825776267,4,48.978874,36.996796,34.40203,35.134373
882664c1a5fffff,41.87602873794077,-87.64645825776267,5,50.701515,58.408634,38.259224,37.450897
882664c1a5fffff,41.87602873794077,-87.64645825776267,6,55.881428,55.95824,38.66851,37.676914
882664c1a5fffff,41.87602873794077,-87.64645825776267,7,49.91025,55.580555,35.16017,34.19611
882664c1a5fffff,41.87602873794077,-87.64645825776267,8,50.422615,42.662575,35.077145,33.232735
882664c1a5fffff,41.87602873794077,-87.64645825776267,9,49.303375,43.469917,34.205597,29.005106
882664c1a5fffff,41.87602873794077,-87.64645825776267,10,31.505705,36.272312,28.192503,21.88152
882664c1a5fffff,41.87602873794077,-87.64645825776267,11,12.140524,22.463837,16.537504,14.848795
882664c1a5fffff,41.87602873794077,-87.64645825776267,12,11.699774,20.70207,16.282385,14.434763
882664c1a7fffff,41.86853159707231,-87.64171444397151,1,14.806887,24.287891,16.724623,11.063477
882664c1a7fffff,41.86853159707231,-87.64171444397151,2,24.281126,26.371483,28.197992,20.413147
882664c1a7fffff,41.86853159707231,-87.64171444397151,3,33.31077,29.435295,33.498108,28.48745
882664c1a7fffff,41.86853159707231,-87.64171444397151,4,42.6511,39.68952,37.036396,31.565228
882664c1a7fffff,41.86853159707231,-87.64171444397151,5,44.459656,64.51846,40.22578,34.717144
882664c1a7fffff,41.86853159707231,-87.64171444397151,6,49.639565,62.820618,40.82909,35.111023
882664c1a7fffff,41.86853159707231,-87.64171444397151,7,43.529358,62.128654,38.049805,32.183235
882664c1a7fffff,41.86853159707231,-87.64171444397151,8,45.111916,46.07377,37.441315,31.271599
882664c1a7fffff,41.86853159707231,-87.64171444397151,9,42.724297,44.268322,37.26436,27.81712
882664c1a7fffff,41.86853159707231,-87.64171444397151,10,29.454367,34.984257,30.341675,20.323544
882664c1a7fffff,41.86853159707231,-87.64171444397151,11,10.290216,20.991867,18.403482,11.03472
882664c1a7fffff,41.86853159707231,-87.64171444397151,12,9.84947,18.510942,18.148367,10.62069
882664c1a9fffff,41.88144410650428,-87.62834086318857,1,13.132841,24.77204,13.580041,11.421352
882664c1a9fffff,41.88144410650428,-87.62834086318857,2,20.880333,25.716015,22.781067,18.883818
882664c1a9fffff,41.88144410650428,-87.62834086318857,3,27.889526,27.283587,26.85134,26.032928
882664c1a9fffff,41.88144410650428,-87.62834086318857,4,31.846466,34.834713,29.0518,27.868322
882664c1a9fffff,41.88144410650428,-87.62834086318857,5,31.63183,52.769047,33.185707,31.700974
882664c1a9fffff,41.88144410650428,-87.62834086318857,6,34.738255,50.63754,34.10772,31.962822
882664c1a9fffff,41.88144410650428,-87.62834086318857,7,30.943161,50.247192,30.21622,28.707115
882664c1a9fffff,41.88144410650428,-87.62834086318857,8,32.660995,40.11813,29.831154,27.521551
882664c1a9fffff,41.88144410650428,-87.62834086318857,9,35.505756,38.079243,29.055609,23.455128
882664c1a9fffff,41.88144410650428,-87.62834086318857,10,25.345272,34.005856,26.151262,19.140978
882664c1a9fffff,41.88144410650428,-87.62834086318857,11,7.7548485,21.669209,15.644272,12.040561
882664c1a9fffff,41.88144410650428,-87.62834086318857,12,7.314102,19.907442,15.389156,11.569633
882664c1abfffff,41.87394559754576,-87.6235992218025,1,18.504398,25.228943,15.52575,12.918028
882664c1abfffff,41.87394559754576,-87.6235992218025,2,27.500586,26.568335,25.278938,20.898352
882664c1abfffff,41.87394559754576,-87.6235992218025,3,35.419537,29.265526,29.38114,27.461731
882664c1abfffff,41.87394559754576,-87.6235992218025,4,45.53695,37.788967,32.98222,32.188534
882664c1abfffff,41.87394559754576,-87.6235992218025,5,46.489067,60.23082,37.713543,35.8723
882664c1abfffff,41.87394559754576,-87.6235992218025,6,51.66898,57.96207,38.10327,35.87615
882664c1abfffff,41.87394559754576,-87.6235992218025,7,45.894375,57.436543,34.614475,32.61752
882664c1abfffff,41.87394559754576,-87.6235992218025,8,47.35263,43.446823,33.7032,31.580832
882664c1abfffff,41.87394559754576,-87.6235992218025,9,48.16792,42.47022,32.92124,27.240026
882664c1abfffff,41.87394559754576,-87.6235992218025,10,32.091244,35.017883,28.40873,20.767054
882664c1abfffff,41.87394559754576,-87.6235992218025,11,12.82782,21.986889,17.273495,13.204068
882664c1abfffff,41.87394559754576,-87.6235992218025,12,12.387072,20.225122,17.01838,12.790038
882664c1adfffff,41.88248576325798,-87.63977211300117,1,13.702799,22.474094,14.744067,10.308312
882664c1adfffff,41.88248576325798,-87.63977211300117,2,21.144772,21.936241,23.644604,18.449091
882664c1adfffff,41.88248576325798,-87.63977211300117,3,27.187963,24.630035,26.751354,23.65812
882664c1adfffff,41.88248576325798,-87.63977211300117,4,33.819614,24.300056,27.26713,22.379236
882664c1adfffff,41.88248576325798,-87.63977211300117,5,36.085358,41.399117,33.282608,26.21766
882664c1adfffff,41.88248576325798,-87.63977211300117,6,39.623146,38.70114,33.742043,26.256775
882664c1adfffff,41.88248576325798,-87.63977211300117,7,35.381428,38.658264,30.246222,23.080265
882664c1adfffff,41.88248576325798,-87.63977211300117,8,35.07847,29.688168,27.06038,20.465368
882664c1adfffff,41.88248576325798,-87.63977211300117,9,38.58877,30.965221,27.823294,17.378
882664c1adfffff,41.88248576325798,-87.63977211300117,10,25.008116,30.12159,25.234138,17.63367
882664c1adfffff,41.88248576325798,-87.63977211300117,11,7.8253565,19.45015,16.49789,10.979396
882664c1adfffff,41.88248576325798,-87.63977211300117,12,7.384609,18.150146,16.937748,10.915078
882664c1b1fffff,41.85894975595495,-87.61412038882004,1,9.308084,8.18116,17.72123,14.883147
882664c1b1fffff,41.85894975595495,-87.61412038882004,2,15.913106,12.614709,22.265047,23.569622
882664c1b1fffff,41.85894975595495,-87.61412038882004,3,24.234535,17.772121,27.427921,28.77454
882664c1b1fffff,41.85894975595495,-87.61412038882004,4,23.743313,26.59819,29.524048,31.269241
882664c1b1fffff,41.85894975595495,-87.61412038882004,5,39.370403,47.054897,31.708284,34.49617
882664c1b1fffff,41.85894975595495,-87.61412038882004,6,42.586674,45.714554,32.04088,35.433014
882664c1b1fffff,41.85894975595495,-87.61412038882004,7,35.973415,45.9756,31.368582,32.85755
882664c1b1fffff,41.85894975595495,-87.61412038882004,8,26.88136,28.349615,31.263258,31.207878
882664c1b1fffff,41.85894975595495,-87.61412038882004,9,23.657167,19.145912,31.946257,28.499044
882664c1b1fffff,41.85894975595495,-87.61412038882004,10,19.528273,13.822085,26.843172,24.607626
882664c1b1fffff,41.85894975595495,-87.61412038882004,11,7.6258774,7.3211846,20.47448,13.106141
882664c1b1fffff,41.85894975595495,-87.61412038882004,12,6.697662,6.2592497,20.240414,12.928191
882664c1b5fffff,41.85999287625657,-87.62554615434034,1,13.981949,19.926542,13.957643,12.424483
882664c1b5fffff,41.85999287625657,-87.62554615434034,2,21.047176,21.639763,24.475155,17.865997
882664c1b5fffff,41.85999287625657,-87.62554615434034,3,29.132238,26.498186,28.792597,24.143576
882664c1b5fffff,41.85999287625657,-87.62554615434034,4,33.905247,33.092533,33.282433,27.112331
882664c1b5fffff,41.85999287625657,-87.62554615434034,5,40.577938,52.893436,37.898975,31.314249
882664c1b5fffff,41.85999287625657,-87.62554615434034,6,46.60486,50.2938,38.514015,31.613173
882664c1b5fffff,41.85999287625657,-87.62554615434034,7,40.16999,51.88693,35.396435,28.606316
882664c1b5fffff,41.85999287625657,-87.62554615434034,8,36.61104,39.247124,32.015884,27.532343
882664c1b5fffff,41.85999287625657,-87.62554615434034,9,26.428804,32.995663,30.923483,22.710144
882664c1b5fffff,41.85999287625657,-87.62554615434034,10,23.484303,26.001305,24.775948,17.975449
882664c1b5fffff,41.85999287625657,-87.62554615434034,11,12.661847,19.661194,15.835565,12.472853
882664c1b5fffff,41.85999287625657,-87.62554615434034,12,12.072724,16.700163,15.982925,12.291852
882664c1b7fffff,41.85249603151512,-87.62080713424044,1,11.493622,17.793402,13.283744,11.626528
882664c1b7fffff,41.85249603151512,-87.62080713424044,2,18.9252,19.879194,21.876802,16.43111
882664c1b7fffff,41.85249603151512,-87.62080713424044,3,27.124035,26.2242,25.385176,25.10703
882664c1b7fffff,41.85249603151512,-87.62080713424044,4,29.209326,24.74881,27.20912,26.37776
882664c1b7fffff,41.85249603151512,-87.62080713424044,5,35.765545,41.971523,31.658804,27.499407
882664c1b7fffff,41.85249603151512,-87.62080713424044,6,38.813847,40.270576,32.78349,27.789948
882664c1b7fffff,41.85249603151512,-87.62080713424044,7,34.55411,39.966274,29.999893,25.485653
882664c1b7fffff,41.85249603151512,-87.62080713424044,8,33.609512,30.15849,26.26143,26.59322
882664c1b7fffff,41.85249603151512,-87.62080713424044,9,35.772587,23.921001,26.401226,21.63797
882664c1b7fffff,41.85249603151512,-87.62080713424044,10,25.683805,28.253502,23.07686,17.365408
882664c1b7fffff,41.85249603151512,-87.62080713424044,11,9.012388,15.398237,15.65791,11.41809
882664c1b7fffff,41.85249603151512,-87.62080713424044,12,8.563918,13.049034,15.87112,11.293064
882664c1b9fffff,41.86540369868644,-87.60743166530666,1,9.769337,10.055785,11.294145,9.776245
882664c1b9fffff,41.86540369868644,-87.60743166530666,2,15.498122,15.65143,19.018059,16.614214
882664c1b9fffff,41.86540369868644,-87.60743166530666,3,26.792788,22.306856,22.92466,23.930862
882664c1b9fffff,41.86540369868644,-87.60743166530666,4,27.924177,29.410086,26.529808,30.036818
882664c1b9fffff,41.86540369868644,-87.60743166530666,5,32.92963,48.54908,30.378834,33.422394
882664c1b9fffff,41.86540369868644,-87.60743166530666,6,38.38553,47.56294,30.862375,33.620808
882664c1b9fffff,41.86540369868644,-87.60743166530666,7,32.51065,46.94541,30.61123,32.5622
882664c1b9fffff,41.86540369868644,-87.60743166530666,8,31.394587,30.432735,28.043982,30.913208
882664c1b9fffff,41.86540369868644,-87.60743166530666,9,27.551403,20.391565,29.718288,27.77271
882664c1b9fffff,41.86540369868644,-87.60743166530666,10,19.172596,16.675625,21.449762,18.451645
882664c1b9fffff,41.86540369868644,-87.60743166530666,11,8.797722,9.128325,14.469852,9.908866
882664c1b9fffff,41.86540369868644,-87.60743166530666,12,8.185452,8.266865,14.69275,9.52973
882664c1bdfffff,41.86644748056677,-87.61885906389006,1,20.54405,18.442976,15.24422,13.147053
882664c1bdfffff,41.86644748056677,-87.61885906389006,2,28.361732,23.06445,27.643473,23.049911
882664c1bdfffff,41.86644748056677,-87.61885906389006,3,37.580887,28.192327,34.25938,31.797342
882664c1bdfffff,41.86644748056677,-87.61885906389006,4,44.48511,41.85777,40.39717,37.471
882664c1bdfffff,41.86644748056677,-87.61885906389006,5,47.936314,64.61124,44.15997,40.89387
882664c1bdfffff,41.86644748056677,-87.61885906389006,6,53.52292,62.831417,45.570904,42.275097
882664c1bdfffff,41.86644748056677,-87.61885906389006,7,47.669342,63.19757,42.454086,38.536755
882664c1bdfffff,41.86644748056677,-87.61885906389006,8,47.167187,46.735336,42.117016,37.79493
882664c1bdfffff,41.86644748056677,-87.61885906389006,9,41.89601,39.727264,41.74705,34.964745
882664c1bdfffff,41.86644748056677,-87.61885906389006,10,31.475044,25.500238,30.73772,23.120214
882664c1bdfffff,41.86644748056677,-87.61885906389006,11,19.357376,17.352999,18.024588,13.013813
882664c1bdfffff,41.86644748056677,-87.61885906389006,12,18.91663,14.76487,17.541182,12.483104
882664c1c7fffff,41.89331335717496,-87.60352503813775,1,12.95089,14.227877,13.655878,7.8765087
882664c1c7fffff,41.89331335717496,-87.60352503813775,2,20.638134,15.004915,16.89564,12.965175
882664c1c7fffff,41.89331335717496,-87.60352503813775,3,28.426624,18.058119,18.96769,19.03045
882664c1c7fffff,41.89331335717496,-87.60352503813775,4,22.595753,27.512074,20.140665,21.500614
882664c1c7fffff,41.89331335717496,-87.60352503813775,5,44.14488,46.53456,25.429937,26.021004
882664c1c7fffff,41.89331335717496,-87.60352503813775,6,47.514404,46.144756,26.247011,29.188234
882664c1c7fffff,41.89331335717496,-87.60352503813775,7,40.433586,44.210835,23.64383,23.091038
882664c1c7fffff,41.89331335717496,-87.60352503813775,8,25.892189,29.584814,20.814825,20.235718
882664c1c7fffff,41.89331335717496,-87.60352503813775,9,25.412085,20.636738,23.145443,17.162859
882664c1c7fffff,41.89331335717496,-87.60352503813775,10,26.09502,20.87666,20.682713,14.903603
882664c1c7fffff,41.89331335717496,-87.60352503813775,11,10.242743,11.504212,14.961948,7.1739717
882664c1c7fffff,41.89331335717496,-87.60352503813775,12,9.4938545,10.172997,15.328446,7.2451177
882664c1e1fffff,41.89540046887852,-87.6263938841017,1,18.379122,25.169455,14.719675,11.9982395
882664c1e1fffff,41.89540046887852,-87.6263938841017,2,27.497074,26.226583,24.40408,20.060646
882664c1e1fffff,41.89540046887852,-87.6263938841017,3,35.067375,27.99152,29.632706,27.47951
882664c1e1fffff,41.89540046887852,-87.6263938841017,4,45.359955,35.238853,33.01143,29.84055
882664c1e1fffff,41.89540046887852,-87.6263938841017,5,46.533676,53.913963,37.43964,33.424553
882664c1e1fffff,41.89540046887852,-87.6263938841017,6,49.76489,51.354027,38.396217,33.60721
882664c1e1fffff,41.89540046887852,-87.6263938841017,7,45.742405,51.25223,34.36363,30.430689
882664c1e1fffff,41.89540046887852,-87.6263938841017,8,47.035133,41.18188,33.751152,29.493778
882664c1e1fffff,41.89540046887852,-87.6263938841017,9,47.79816,39.403313,32.81705,25.823187
882664c1e1fffff,41.89540046887852,-87.6263938841017,10,31.466131,34.54473,27.529385,20.175331
882664c1e1fffff,41.89540046887852,-87.6263938841017,11,12.414337,21.9274,16.493664,12.617448
882664c1e1fffff,41.89540046887852,-87.6263938841017,12,11.973593,20.165634,16.238544,12.146518
882664c1e3fffff,41.88790068858645,-87.62165110357193,1,14.271921,24.112614,13.593471,13.276001
882664c1e3fffff,41.88790068858645,-87.62165110357193,2,21.919586,25.417513,23.346233,20.5224
882664c1e3fffff,41.88790068858645,-87.62165110357193,3,29.522354,27.680286,26.635696,27.085781
882664c1e3fffff,41.88790068858645,-87.62165110357193,4,35.13469,36.72,29.13493,30.65046
882664c1e3fffff,41.88790068858645,-87.62165110357193,5,34.87115,58.518837,33.55503,33.797153
882664c1e3fffff,41.88790068858645,-87.62165110357193,6,39.969864,56.538635,33.7934,33.801
882664c1e3fffff,41.88790068858645,-87.62165110357193,7,34.276455,55.673084,30.25701,30.542362
882664c1e3fffff,41.88790068858645,-87.62165110357193,8,36.084126,41.60147,29.255823,29.536472
882664c1e3fffff,41.88790068858645,-87.62165110357193,9,38.41279,40.678474,29.70012,25.604591
882664c1e3fffff,41.88790068858645,-87.62165110357193,10,26.544369,33.77559,25.97688,20.121399
882664c1e3fffff,41.88790068858645,-87.62165110357193,11,8.623384,20.87203,15.1425495,13.634383
882664c1e3fffff,41.88790068858645,-87.62165110357193,12,8.182638,19.110264,14.887431,13.163453
882664c1e5fffff,41.89644229880844,-87.63782859890809,1,19.251858,23.149769,15.461182,13.472816
882664c1e5fffff,41.89644229880844,-87.63782859890809,2,26.31766,25.020657,26.9698,23.31849
882664c1e5fffff,41.89644229880844,-87.63782859890809,3,34.13086,27.566872,31.714882,30.878149
882664c1e5fffff,41.89644229880844,-87.63782859890809,4,39.344997,30.851334,35.35982,31.779192
882664c1e5fffff,41.89644229880844,-87.63782859890809,5,42.205055,48.91258,39.6354,34.67888
882664c1e5fffff,41.89644229880844,-87.63782859890809,6,46.283283,46.93213,40.6207,35.074894
882664c1e5fffff,41.89644229880844,-87.63782859890809,7,41.501125,46.807922,36.55938,31.54148
882664c1e5fffff,41.89644229880844,-87.63782859890809,8,42.394268,37.037075,35.7839,30.960264
882664c1e5fffff,41.89644229880844,-87.63782859890809,9,42.31309,35.973194,34.59812,27.45833
882664c1e5fffff,41.89644229880844,-87.63782859890809,10,32.110283,33.88077,28.877539,23.560781
882664c1e5fffff,41.89644229880844,-87.63782859890809,11,15.000853,19.969112,17.514917,13.8511505
882664c1e5fffff,41.89644229880844,-87.63782859890809,12,14.560108,18.636143,17.175516,13.469509
882664c1e7fffff,41.88894300705452,-87.63308398867981,1,14.897478,24.26254,12.657621,9.539614
882664c1e7fffff,41.88894300705452,-87.63308398867981,2,23.146397,23.285229,21.732063,16.967957
882664c1e7fffff,41.88894300705452,-87.63308398867981,3,30.368246,24.977743,25.66759,23.862635
882664c1e7fffff,41.88894300705452,-87.63308398867981,4,41.329823,26.522194,27.93384,24.85741
882664c1e7fffff,41.88894300705452,-87.63308398867981,5,43.139694,44.572155,32.878613,28.448513
882664c1e7fffff,41.88894300705452,-87.63308398867981,6,46.677486,42.408165,33.787827,28.631163
882664c1e7fffff,41.88894300705452,-87.63308398867981,7,42.34843,42.227245,29.802599,25.454653
882664c1e7fffff,41.88894300705452,-87.63308398867981,8,44.29176,32.08116,28.561102,24.176981
882664c1e7fffff,41.88894300705452,-87.63308398867981,9,42.134426,32.016098,27.833424,20.906092
882664c1e7fffff,41.88894300705452,-87.63308398867981,10,28.712828,31.314333,24.022045,16.969383
882664c1e7fffff,41.88894300705452,-87.63308398867981,11,10.523836,20.92564,13.827281,10.281896
882664c1e7fffff,41.88894300705452,-87.63308398867981,12,10.08309,19.163874,14.108656,10.217578
882664c1ebfffff,41.894357488310135,-87.61495936354297,1,15.955803,24.067902,15.611406,12.430435
882664c1ebfffff,41.894357488310135,-87.61495936354297,2,24.951988,25.407293,26.098656,20.486311
882664c1ebfffff,41.894357488310135,-87.61495936354297,3,32.870926,27.588562,31.419258,28.821304
882664c1ebfffff,41.894357488310135,-87.61495936354297,4,43.42406,38.102325,34.220676,32.39378
882664c1ebfffff,41.894357488310135,-87.61495936354297,5,44.655125,59.744297,39.45975,35.649536
882664c1ebfffff,41.894357488310135,-87.61495936354297,6,49.835033,57.871487,39.875183,35.875553
882664c1ebfffff,41.894357488310135,-87.61495936354297,7,43.966442,57.345966,36.360683,32.39474
882664c1ebfffff,41.894357488310135,-87.61495936354297,8,46.488583,43.834766,34.785275,31.362381
882664c1ebfffff,41.894357488310135,-87.61495936354297,9,43.186016,42.80853,35.229584,27.430504
882664c1ebfffff,41.894357488310135,-87.61495936354297,10,30.7915,33.931435,28.520668,19.931316
882664c1ebfffff,41.894357488310135,-87.61495936354297,11,11.776369,20.825848,17.312908,12.7888155
882664c1ebfffff,41.894357488310135,-87.61495936354297,12,11.335625,19.064081,17.057789,12.374785
882664c1edfffff,41.90290064035325,-87.63113814957205,1,17.01834,22.684593,14.901481,12.574915
882664c1edfffff,41.90290064035325,-87.63113814957205,2,25.068695,23.64859,24.669018,19.162693
882664c1edfffff,41.90290064035325,-87.63113814957205,3,32.85088,26.007248,28.50432,25.853699
882664c1edfffff,41.90290064035325,-87.63113814957205,4,37.640385,30.09145,30.83313,29.245321
882664c1edfffff,41.90290064035325,-87.63113814957205,5,39.87523,50.538837,35.643223,33.102673
882664c1edfffff,41.90290064035325,-87.63113814957205,6,45.90215,48.696426,36.52939,33.328686
882664c1edfffff,41.90290064035325,-87.63113814957205,7,39.083965,48.301636,32.544155,29.847874
882664c1edfffff,41.90290064035325,-87.63113814957205,8,40.60232,35.89067,30.792858,29.158386
882664c1edfffff,41.90290064035325,-87.63113814957205,9,37.968273,35.671684,30.048622,25.626211
882664c1edfffff,41.90290064035325,-87.63113814957205,10,31.013983,31.795073,26.197758,19.719748
882664c1edfffff,41.90290064035325,-87.63113814957205,11,12.771622,19.347692,16.223019,12.984029
882664c1edfffff,41.90290064035325,-87.63113814957205,12,12.330879,17.552958,16.567162,12.919711
882664c801fffff,41.89386807490132,-87.76552840433317,1,9.825526,11.310372,18.006687,13.788153
882664c801fffff,41.89386807490132,-87.76552840433317,2,15.391777,15.000881,23.448696,20.79047
882664c801fffff,41.89386807490132,-87.76552840433317,3,22.03319,18.029436,27.140434,24.818703
882664c801fffff,41.89386807490132,-87.76552840433317,4,38.78264,35.722797,30.835535,29.456823
882664c801fffff,41.89386807490132,-87.76552840433317,5,49.97624,48.646927,35.362007,33.18395
882664c801fffff,41.89386807490132,-87.76552840433317,6,53.20312,47.28797,37.102966,33.296352
882664c801fffff,41.89386807490132,-87.76552840433317,7,47.495934,48.665913,35.643562,32.210785
882664c801fffff,41.89386807490132,-87.76552840433317,8,43.239986,40.803112,33.467487,29.665178
882664c801fffff,41.89386807490132,-87.76552840433317,9,30.684006,21.836946,32.903416,25.506767
882664c801fffff,41.89386807490132,-87.76552840433317,10,16.132624,17.48235,27.690657,20.594404
882664c801fffff,41.89386807490132,-87.76552840433317,11,8.595771,11.391433,21.403664,14.641253
882664c801fffff,41.89386807490132,-87.76552840433317,12,8.343188,9.931921,20.905704,14.095319
882664c803fffff,41.886375451705725,-87.76076484162584,1,19.469759,21.065737,15.0613365,12.176583
882664c803fffff,41.886375451705725,-87.76076484162584,2,24.368126,26.37162,24.468103,18.738039
882664c803fffff,41.886375451705725,-87.76076484162584,3,27.864304,28.194408,30.268467,26.225065
882664c803fffff,41.886375451705725,-87.76076484162584,4,44.138584,43.397297,38.197716,31.70093
882664c803fffff,41.886375451705725,-87.76076484162584,5,50.821663,58.25127,44.15922,33.703403
882664c803fffff,41.886375451705725,-87.76076484162584,6,55.98045,55.160046,45.791462,33.814587
882664c803fffff,41.886375451705725,-87.76076484162584,7,49.447647,56.347458,44.12682,32.077923
882664c803fffff,41.886375451705725,-87.76076484162584,8,47.567493,49.209404,40.749447,31.59946
882664c803fffff,41.886375451705725,-87.76076484162584,9,40.34522,39.441525,41.213158,29.025444
882664c803fffff,41.886375451705725,-87.76076484162584,10,25.527073,26.64351,30.192715,20.20301
882664c803fffff,41.886375451705725,-87.76076484162584,11,16.32023,19.558542,19.044947,12.816326
882664c803fffff,41.886375451705725,-87.76076484162584,12,15.454891,16.890604,18.641706,12.100959
882664c807fffff,41.887403797502,-87.77219652380936,1,16.003244,14.216454,10.986049,10.359552
882664c807fffff,41.887403797502,-87.77219652380936,2,20.842577,15.025595,20.495855,16.58154
882664c807fffff,41.887403797502,-87.77219652380936,3,23.9404,15.89564,24.836554,22.621046
882664c807fffff,41.887403797502,-87.77219652380936,4,34.402668,27.382715,27.59891,24.365662
882664c807fffff,41.887403797502,-87.77219652380936,5,39.58963,37.24736,29.486614,28.329905
882664c807fffff,41.887403797502,-87.77219652380936,6,44.455067,36.160305,31.867662,28.243944
882664c807fffff,41.887403797502,-87.77219652380936,7,40.429554,37.810947,30.199682,26.99758
882664c807fffff,41.887403797502,-87.77219652380936,8,37.46868,32.95657,29.105417,26.965782
882664c807fffff,41.887403797502,-87.77219652380936,9,26.048298,24.48395,28.051798,23.24478
882664c807fffff,41.887403797502,-87.77219652380936,10,23.661163,17.134842,23.533155,18.89656
882664c807fffff,41.887403797502,-87.77219652380936,11,15.83071,13.251886,16.592417,11.451629
882664c807fffff,41.887403797502,-87.77219652380936,12,15.679011,10.614701,16.372797,10.819796
882664c809fffff,41.90033257502326,-87.75885830704226,1,12.6332,17.177996,20.31888,12.117411
882664c809fffff,41.90033257502326,-87.75885830704226,2,18.402569,18.87052,28.98161,19.787611
882664c809fffff,41.90033257502326,-87.75885830704226,3,23.555334,22.33152,34.166607,25.225517
882664c809fffff,41.90033257502326,-87.75885830704226,4,45.12628,40.674923,38.956165,29.178448
882664c809fffff,41.90033257502326,-87.75885830704226,5,54.49457,58.370335,44.952152,31.54463
882664c809fffff,41.90033257502326,-87.75885830704226,6,59.223534,57.338955,46.590515,32.258995
882664c809fffff,41.90033257502326,-87.75885830704226,7,53.157684,57.989746,44.785717,30.060099
882664c809fffff,41.90033257502326,-87.75885830704226,8,46.925224,47.3317,41.829777,30.560812
882664c809fffff,41.90033257502326,-87.75885830704226,9,29.551832,28.661472,40.383358,26.767117
882664c809fffff,41.90033257502326,-87.75885830704226,10,19.136976,21.277964,32.64053,20.84538
882664c809fffff,41.90033257502326,-87.75885830704226,11,10.846727,17.011654,23.435091,12.499664
882664c809fffff,41.90033257502326,-87.75885830704226,12,9.880499,14.207239,22.997324,12.085636
882664c80bfffff,41.89283907153495,-87.75409508055833,1,10.8963175,16.313591,14.505426,13.064399
882664c80bfffff,41.89283907153495,-87.75409508055833,2,18.225445,20.58217,22.774588,19.22014
882664c80bfffff,41.89283907153495,-87.75409508055833,3,27.170328,25.17447,28.256489,24.77766
882664c80bfffff,41.89283907153495,-87.75409508055833,4,40.249077,44.493797,32.299324,31.213818
882664c80bfffff,41.89283907153495,-87.75409508055833,5,47.560505,65.26205,37.815495,32.39168
882664c80bfffff,41.89283907153495,-87.75409508055833,6,52.02946,63.42608,39.56606,32.952126
882664c80bfffff,41.89283907153495,-87.75409508055833,7,46.720116,64.009125,37.338566,30.437271
882664c80bfffff,41.89283907153495,-87.75409508055833,8,43.04243,49.05531,34.14625,31.71077
882664c80bfffff,41.89283907153495,-87.75409508055833,9,27.279947,29.456352,32.50538,25.073439
882664c80bfffff,41.89283907153495,-87.75409508055833,10,17.69414,24.588556,26.594837,19.85645
882664c80bfffff,41.89283907153495,-87.75409508055833,11,9.135373,16.687815,17.63934,13.061836
882664c80bfffff,41.89283907153495,-87.75409508055833,12,8.615136,14.152593,17.260536,12.534706
882664c80dfffff,41.90136108527981,-87.7702934562613,1,9.243645,12.138815,7.0933027,10.620971
882664c80dfffff,41.90136108527981,-87.7702934562613,2,16.627289,16.26498,14.650377,17.804188
882664c80dfffff,41.90136108527981,-87.7702934562613,3,25.155825,20.341465,19.751188,22.12812
882664c80dfffff,41.90136108527981,-87.7702934562613,4,35.69472,35.13874,22.420069,23.6031
882664c80dfffff,41.90136108527981,-87.7702934562613,5,42.273674,55.24396,27.384224,26.81495
882664c80dfffff,41.90136108527981,-87.7702934562613,6,44.620037,53.777576,29.036152,26.135674
882664c80dfffff,41.90136108527981,-87.7702934562613,7,40.845547,54.394043,28.236609,25.214779
882664c80dfffff,41.90136108527981,-87.7702934562613,8,38.20716,39.796562,26.913465,23.607426
882664c80dfffff,41.90136108527981,-87.7702934562613,9,24.598293,21.455761,25.308588,19.339365
882664c80dfffff,41.90136108527981,-87.7702934562613,10,17.421503,20.741665,21.151615,17.823896
882664c80dfffff,41.90136108527981,-87.7702934562613,11,7.6469603,12.279678,11.672342,10.88059
882664c80dfffff,41.90136108527981,-87.7702934562613,12,7.1267233,9.965917,11.278202,10.223403
882664c811fffff,41.87785322759943,-87.74457309334736,1,7.406595,13.125588,14.499022,8.270153
882664c811fffff,41.87785322759943,-87.74457309334736,2,10.891301,15.55057,23.793858,14.56843
882664c811fffff,41.87785322759943,-87.74457309334736,3,17.60797,19.849205,28.520819,21.247923
882664c811fffff,41.87785322759943,-87.74457309334736,4,24.047342,32.883785,32.354828,23.694622
882664c811fffff,41.87785322759943,-87.74457309334736,5,29.911625,46.849274,37.01917,30.661379
882664c811fffff,41.87785322759943,-87.74457309334736,6,36.246395,46.90291,37.11497,33.075996
882664c811fffff,41.87785322759943,-87.74457309334736,7,30.363667,45.145546,36.28464,30.007511
882664c811fffff,41.87785322759943,-87.74457309334736,8,26.339079,34.515553,31.999964,25.102535
882664c811fffff,41.87785322759943,-87.74457309334736,9,15.779683,22.060982,31.68841,22.67096
882664c811fffff,41.87785322759943,-87.74457309334736,10,13.504979,15.707458,24.145853,16.305645
882664c811fffff,41.87785322759943,-87.74457309334736,11,6.372902,11.8689995,16.794954,9.312778
882664c811fffff,41.87785322759943,-87.74457309334736,12,5.5876627,9.443563,16.2148,9.034215
882664c813fffff,41.870360887930445,-87.73981433135633,1,10.420362,13.632164,14.995607,9.192068
882664c813fffff,41.870360887930445,-87.73981433135633,2,14.506815,16.299456,21.119047,15.48404
882664c813fffff,41.870360887930445,-87.73981433135633,3,22.007563,19.823406,25.489225,21.220255
882664c813fffff,41.870360887930445,-87.73981433135633,4,31.443153,35.364258,27.495451,26.632877
882664c813fffff,41.870360887930445,-87.73981433135633,5,40.446987,49.957565,33.871906,31.222706
882664c813fffff,41.870360887930445,-87.73981433135633,6,47.732304,49.77234,34.45295,33.47561
882664c813fffff,41.870360887930445,-87.73981433135633,7,40.77037,49.25293,33.65534,30.604187
882664c813fffff,41.870360887930445,-87.73981433135633,8,33.337116,38.561264,29.954073,27.54426
882664c813fffff,41.870360887930445,-87.73981433135633,9,24.251526,23.152145,29.45801,23.28325
882664c813fffff,41.870360887930445,-87.73981433135633,10,14.646033,18.148863,24.070772,16.51935
882664c813fffff,41.870360887930445,-87.73981433135633,11,9.26503,13.487903,17.739483,10.111888
882664c813fffff,41.870360887930445,-87.73981433135633,12,8.4797945,11.28531,16.899017,9.833324
882664c815fffff,41.878883216082336,-87.75600276750711,1,11.748519,16.33438,14.332509,11.690941
882664c815fffff,41.878883216082336,-87.75600276750711,2,16.631304,20.588562,21.01316,16.306149
882664c815fffff,41.878883216082336,-87.75600276750711,3,23.32885,24.959785,27.06953,24.076424
882664c815fffff,41.878883216082336,-87.75600276750711,4,35.7667,39.03556,32.828632,25.295717
882664c815fffff,41.878883216082336,-87.75600276750711,5,40.92979,51.260353,36.132862,29.301796
882664c815fffff,41.878883216082336,-87.75600276750711,6,47.844784,51.311436,36.564495,31.389223
882664c815fffff,41.878883216082336,-87.75600276750711,7,41.795265,50.900368,36.442535,28.430374
882664c815fffff,41.878883216082336,-87.75600276750711,8,37.462616,42.73295,34.65767,27.189302
882664c815fffff,41.878883216082336,-87.75600276750711,9,29.252985,31.281458,36.162567,27.46882
882664c815fffff,41.878883216082336,-87.75600276750711,10,18.277979,20.476675,23.83428,18.659065
882664c815fffff,41.878883216082336,-87.75600276750711,11,9.000472,16.025078,17.369186,12.877241
882664c815fffff,41.878883216082336,-87.75600276750711,12,8.215234,12.9341135,16.874264,12.402505
882664c817fffff,41.871391368420326,-87.75124218134509,1,15.119663,18.280975,13.289805,14.005642
882664c817fffff,41.871391368420326,-87.75124218134509,2,20.14987,23.278938,24.201702,21.118025
882664c817fffff,41.871391368420326,-87.75124218134509,3,25.112402,27.0568,28.647055,30.024857
882664c817fffff,41.871391368420326,-87.75124218134509,4,28.724848,36.465534,32.068424,33.04278
882664c817fffff,41.871391368420326,-87.75124218134509,5,31.970924,43.625736,33.354443,34.931072
882664c817fffff,41.871391368420326,-87.75124218134509,6,36.718716,41.85787,35.118126,35.513874
882664c817fffff,41.871391368420326,-87.75124218134509,7,31.688652,41.7342,33.485744,33.959457
882664c817fffff,41.871391368420326,-87.75124218134509,8,33.13887,40.436054,31.58173,34.114693
882664c817fffff,41.871391368420326,-87.75124218134509,9,36.226208,38.23033,33.05464,32.19572
882664c817fffff,41.871391368420326,-87.75124218134509,10,27.485239,27.402857,24.766563,24.288206
882664c817fffff,41.871391368420326,-87.75124218134509,11,12.309274,14.822817,16.68507,15.552098
882664c817fffff,41.871391368420326,-87.75124218134509,12,12.056692,12.540858,16.645576,15.160894
882664c819fffff,41.88431530924497,-87.73790202844981,1,10.824731,18.21338,18.860989,15.352516
882664c819fffff,41.88431530924497,-87.73790202844981,2,13.733239,19.97794,25.109999,19.954872
882664c819fffff,41.88431530924497,-87.73790202844981,3,17.510605,21.238255,28.425797,25.41143
882664c819fffff,41.88431530924497,-87.73790202844981,4,15.313485,30.959179,28.944801,27.987213
882664c819fffff,41.88431530924497,-87.73790202844981,5,19.150738,39.08388,30.855392,29.519058
882664c819fffff,41.88431530924497,-87.73790202844981,6,24.94728,39.31979,31.477242,31.804478
882664c819fffff,41.88431530924497,-87.73790202844981,7,18.693481,38.78669,30.84669,29.449385
882664c819fffff,41.88431530924497,-87.73790202844981,8,18.235956,32.119328,29.692896,27.948969
882664c819fffff,41.88431530924497,-87.73790202844981,9,22.439568,27.03472,30.470083,28.185902
882664c819fffff,41.88431530924497,-87.73790202844981,10,16.026197,20.716175,28.175035,22.841698
882664c819fffff,41.88431530924497,-87.73790202844981,11,9.629605,17.00119,21.723747,16.264893
882664c819fffff,41.88431530924497,-87.73790202844981,12,9.250918,15.332982,21.262589,15.971105
882664c81bfffff,41.87682208928345,-87.7331436038424,1,12.350324,17.453642,14.698982,10.20831
882664c81bfffff,41.87682208928345,-87.7331436038424,2,16.57831,18.761652,22.233776,15.273645
882664c81bfffff,41.87682208928345,-87.7331436038424,3,19.958832,19.322035,28.756874,23.588737
882664c81bfffff,41.87682208928345,-87.7331436038424,4,28.854906,35.3953,32.946636,26.35853
882664c81bfffff,41.87682208928345,-87.7331436038424,5,37.866383,49.55288,41.040913,32.314842
882664c81bfffff,41.87682208928345,-87.7331436038424,6,44.440155,48.710556,41.519356,34.70023
882664c81bfffff,41.87682208928345,-87.7331436038424,7,38.805153,48.338375,39.62131,31.940884
882664c81bfffff,41.87682208928345,-87.7331436038424,8,32.520134,40.023327,33.50201,28.10732
882664c81bfffff,41.87682208928345,-87.7331436038424,9,22.647346,26.356943,32.49728,24.18929
882664c81bfffff,41.87682208928345,-87.7331436038424,10,17.846756,19.475437,23.86179,17.240969
882664c81bfffff,41.87682208928345,-87.7331436038424,11,11.442956,16.67081,16.830307,11.890963
882664c81bfffff,41.87682208928345,-87.7331436038424,12,11.363023,15.458684,16.40656,11.360252
882664c81dfffff,41.88534595559727,-87.74933334287076,1,6.9607553,16.200245,15.2940855,11.115199
882664c81dfffff,41.88534595559727,-87.74933334287076,2,10.792046,19.96601,24.518074,19.198393
882664c81dfffff,41.88534595559727,-87.74933334287076,3,17.507355,23.627441,28.5825,26.425396
882664c81dfffff,41.88534595559727,-87.74933334287076,4,25.063564,39.413906,33.056324,30.037771
882664c81dfffff,41.88534595559727,-87.74933334287076,5,36.39398,52.748848,38.950092,34.408886
882664c81dfffff,41.88534595559727,-87.74933334287076,6,42.386444,52.538185,40.292107,37.235767
882664c81dfffff,41.88534595559727,-87.74933334287076,7,36.542355,52.254314,39.18649,34.90921
882664c81dfffff,41.88534595559727,-87.74933334287076,8,30.157427,43.14825,34.458458,31.993448
882664c81dfffff,41.88534595559727,-87.74933334287076,9,19.908325,27.22819,33.87078,29.981565
882664c81dfffff,41.88534595559727,-87.74933334287076,10,14.195053,21.476675,28.485352,21.905579
882664c81dfffff,41.88534595559727,-87.74933334287076,11,6.6428223,16.403416,19.258696,12.379609
882664c81dfffff,41.88534595559727,-87.74933334287076,12,5.7352476,13.852206,18.41823,11.848899
882664c831fffff,41.87344888085912,-87.7740984326286,1,3.2241538,8.050557,10.718667,8.226844
882664c831fffff,41.87344888085912,-87.7740984326286,2,8.970713,12.994669,14.311418,11.101614
882664c831fffff,41.87344888085912,-87.7740984326286,3,15.016482,14.081685,18.53271,16.748934
882664c831fffff,41.87344888085912,-87.7740984326286,4,25.93906,31.33258,22.910374,22.424438
882664c831fffff,41.87344888085912,-87.7740984326286,5,36.432312,39.507313,29.79311,23.606539
882664c831fffff,41.87344888085912,-87.7740984326286,6,42.654,38.774883,31.281412,26.10733
882664c831fffff,41.87344888085912,-87.7740984326286,7,35.297802,39.078358,30.620152,24.069843
882664c831fffff,41.87344888085912,-87.7740984326286,8,32.01385,34.12531,24.84151,23.334167
882664c831fffff,41.87344888085912,-87.7740984326286,9,18.757147,13.858864,24.572702,16.979132
882664c831fffff,41.87344888085912,-87.7740984326286,10,12.061823,14.374504,18.783783,13.689245
882664c831fffff,41.87344888085912,-87.7740984326286,11,2.38533,8.2131195,15.082873,10.10619
882664c831fffff,41.87344888085912,-87.7740984326286,12,2.31374,7.220963,14.556321,9.722177
882664c833fffff,41.86595840605811,-87.76933568726004,1,12.604202,17.520636,8.870636,9.13711
882664c833fffff,41.86595840605811,-87.76933568726004,2,21.723785,21.194616,14.003555,13.218359
882664c833fffff,41.86595840605811,-87.76933568726004,3,23.97242,25.7056,20.067331,21.83285
882664c833fffff,41.86595840605811,-87.76933568726004,4,40.5466,37.03218,28.195929,29.824078
882664c833fffff,41.86595840605811,-87.76933568726004,5,53.73414,50.64009,33.429176,32.67167
882664c833fffff,41.86595840605811,-87.76933568726004,6,58.712765,47.592552,34.550465,33.123604
882664c833fffff,41.86595840605811,-87.76933568726004,7,53.106438,50.539738,33.43362,31.71625
882664c833fffff,41.86595840605811,-87.76933568726004,8,42.562267,44.845234,28.901783,30.927422
882664c833fffff,41.86595840605811,-87.76933568726004,9,41.47333,29.007458,29.905003,30.098991
882664c833fffff,41.86595840605811,-87.76933568726004,10,24.747122,25.25094,17.342615,16.635572
882664c833fffff,41.86595840605811,-87.76933568726004,11,7.664031,14.91515,12.57118,9.858514
882664c833fffff,41.86595840605811,-87.76933568726004,12,7.6219587,13.586497,12.724998,9.514648
882664c839fffff,41.87991205466373,-87.76743262541639,1,11.598115,14.244386,16.255516,13.413035
882664c839fffff,41.87991205466373,-87.76743262541639,2,16.140608,17.735575,22.814606,18.728731
882664c839fffff,41.87991205466373,-87.76743262541639,3,23.12586,22.093393,29.527702,25.526102
882664c839fffff,41.87991205466373,-87.76743262541639,4,34.83801,39.493134,33.901432,26.644667
882664c839fffff,41.87991205466373,-87.76743262541639,5,45.354923,54.9439,38.72143,31.005177
882664c839fffff,41.87991205466373,-87.76743262541639,6,50.365013,54.994984,38.815296,33.37434
882664c839fffff,41.87991205466373,-87.76743262541639,7,45.5333,55.148735,38.815353,30.174913
882664c839fffff,41.87991205466373,-87.76743262541639,8,38.055695,43.823242,34.270832,29.158756
882664c839fffff,41.87991205466373,-87.76743262541639,9,22.984272,27.426249,34.045284,27.074242
882664c839fffff,41.87991205466373,-87.76743262541639,10,19.145403,19.451862,23.990633,21.363174
882664c839fffff,41.87991205466373,-87.76743262541639,11,9.675092,14.740775,18.740635,14.557061
882664c839fffff,41.87991205466373,-87.76743262541639,12,8.889855,12.620758,18.127764,13.932418
882664c83bfffff,41.87242069941931,-87.76267021540414,1,21.828674,21.835726,15.69853,15.6066
882664c83bfffff,41.87242069941931,-87.76267021540414,2,27.547218,27.241945,25.512074,24.537926
882664c83bfffff,41.87242069941931,-87.76267021540414,3,32.67306,31.801188,30.553877,33.11282
882664c83bfffff,41.87242069941931,-87.76267021540414,4,41.517925,42.095356,37.75214,37.323795
882664c83bfffff,41.87242069941931,-87.76267021540414,5,42.81727,54.147568,38.452446,39.936684
882664c83bfffff,41.87242069941931,-87.76267021540414,6,48.955208,52.469303,39.844334,40.367725
882664c83bfffff,41.87242069941931,-87.76267021540414,7,43.466625,53.062195,38.924667,38.281845
882664c83bfffff,41.87242069941931,-87.76267021540414,8,43.941517,48.15695,37.388138,39.167007
882664c83bfffff,41.87242069941931,-87.76267021540414,9,48.954136,46.18742,38.726208,37.472652
882664c83bfffff,41.87242069941931,-87.76267021540414,10,33.40128,34.165287,27.030008,26.466997
882664c83bfffff,41.87242069941931,-87.76267021540414,11,17.37651,19.39736,19.70437,17.182856
882664c83bfffff,41.87242069941931,-87.76267021540414,12,16.41028,15.931236,19.50383,16.791653
882664c841fffff,41.91429206827296,-87.75695061059656,1,10.912897,19.929592,19.352829,12.300016
882664c841fffff,41.91429206827296,-87.75695061059656,2,15.983815,23.318644,31.161701,21.285246
882664c841fffff,41.91429206827296,-87.75695061059656,3,23.10194,26.85678,36.93571,28.584543
882664c841fffff,41.91429206827296,-87.75695061059656,4,35.151802,41.92977,41.350544,32.082863
882664c841fffff,41.91429206827296,-87.75695061059656,5,42.96116,55.415546,45.91692,34.80717
882664c841fffff,41.91429206827296,-87.75695061059656,6,48.817295,54.505802,47.249268,35.643013
882664c841fffff,41.91429206827296,-87.75695061059656,7,42.947803,53.727505,45.537853,33.022255
882664c841fffff,41.91429206827296,-87.75695061059656,8,40.207424,47.269577,43.08484,32.952446
882664c841fffff,41.91429206827296,-87.75695061059656,9,37.059093,37.49023,44.62876,30.280025
882664c841fffff,41.91429206827296,-87.75695061059656,10,21.406853,28.770008,34.11507,22.439547
882664c841fffff,41.91429206827296,-87.75695061059656,11,7.7499647,16.74211,22.881247,12.713878
882664c841fffff,41.91429206827296,-87.75695061059656,12,6.783736,13.248917,22.271444,12.299848
882664c843fffff,41.906797297417306,-87.75218623123749,1,15.2425,19.849722,13.440528,10.415422
882664c843fffff,41.906797297417306,-87.75218623123749,2,20.247004,23.240187,20.829657,14.800376
882664c843fffff,41.906797297417306,-87.75218623123749,3,22.67469,22.29362,24.519562,20.625538
882664c843fffff,41.906797297417306,-87.75218623123749,4,32.517223,32.781197,26.304111,24.0842
882664c843fffff,41.906797297417306,-87.75218623123749,5,41.05911,44.856815,31.124159,25.089357
882664c843fffff,41.906797297417306,-87.75218623123749,6,46.358974,43.37018,32.541523,25.710684
882664c843fffff,41.906797297417306,-87.75218623123749,7,41.27218,43.041687,31.00304,23.472933
882664c843fffff,41.906797297417306,-87.75218623123749,8,40.14561,40.411926,27.514399,25.013685
882664c843fffff,41.906797297417306,-87.75218623123749,9,32.10431,30.385313,28.28696,21.200806
882664c843fffff,41.906797297417306,-87.75218623123749,10,25.821753,27.943579,24.564577,16.676905
882664c843fffff,41.906797297417306,-87.75218623123749,11,11.850985,15.879634,17.299528,10.225079
882664c843fffff,41.906797297417306,-87.75218623123749,12,11.699284,12.22717,16.77038,9.694367
882664c845fffff,41.91532074309374,-87.76838922892937,1,14.988963,17.073704,14.086696,10.724863
882664c845fffff,41.91532074309374,-87.76838922892937,2,20.538723,18.554535,21.261316,19.793552
882664c845fffff,41.91532074309374,-87.76838922892937,3,28.974142,24.235611,26.96847,26.728073
882664c845fffff,41.91532074309374,-87.76838922892937,4,33.39498,33.080433,32.742573,30.674637
882664c845fffff,41.91532074309374,-87.76838922892937,5,42.90445,45.9544,36.485657,32.761982
882664c845fffff,41.91532074309374,-87.76838922892937,6,49.545795,43.892757,37.08789,33.57272
882664c845fffff,41.91532074309374,-87.76838922892937,7,42.353844,45.014225,36.12455,31.467285
882664c845fffff,41.91532074309374,-87.76838922892937,8,36.024494,36.666897,34.15101,33.904675
882664c845fffff,41.91532074309374,-87.76838922892937,9,25.911907,26.992786,32.77945,30.911942
882664c845fffff,41.91532074309374,-87.76838922892937,10,22.092142,21.666233,24.169016,21.73902
882664c845fffff,41.91532074309374,-87.76838922892937,11,12.262395,16.59931,17.967176,11.430898
882664c845fffff,41.91532074309374,-87.76838922892937,12,11.081796,13.727925,17.85472,11.175397
882664c847fffff,41.90782646567274,-87.76362302295502,1,12.795219,17.801365,17.705877,10.747156
882664c847fffff,41.90782646567274,-87.76362302295502,2,17.634031,20.747581,26.08876,18.302813
882664c847fffff,41.90782646567274,-87.76362302295502,3,22.474651,21.950426,30.943533,23.894386
882664c847fffff,41.90782646567274,-87.76362302295502,4,37.70977,32.515354,36.7901,27.306225
882664c847fffff,41.90782646567274,-87.76362302295502,5,46.239765,50.596687,41.734077,29.535353
882664c847fffff,41.90782646567274,-87.76362302295502,6,52.802963,48.069088,42.92318,30.654514
882664c847fffff,41.90782646567274,-87.76362302295502,7,46.485012,49.144863,41.405952,28.141401
882664c847fffff,41.90782646567274,-87.76362302295502,8,43.058372,38.653687,39.839172,28.952974
882664c847fffff,41.90782646567274,-87.76362302295502,9,28.127151,26.037817,39.093082,25.097824
882664c847fffff,41.90782646567274,-87.76362302295502,10,19.809887,23.121363,30.501722,20.118673
882664c847fffff,41.90782646567274,-87.76362302295502,11,11.309305,16.786749,20.542019,11.812075
882664c847fffff,41.90782646567274,-87.76362302295502,12,10.443956,14.300572,20.104252,11.398045
882664c849fffff,41.92075789262954,-87.75027621848612,1,11.908809,9.93846,12.205999,11.019453
882664c849fffff,41.92075789262954,-87.75027621848612,2,19.319689,12.2317705,18.737717,18.580402
882664c849fffff,41.92075789262954,-87.75027621848612,3,26.477139,19.6316,21.751934,23.234049
882664c849fffff,41.92075789262954,-87.75027621848612,4,32.40949,36.065384,28.560675,27.289083
882664c849fffff,41.92075789262954,-87.75027621848612,5,48.17585,55.872997,34.292366,32.34101
882664c849fffff,41.92075789262954,-87.75027621848612,6,49.98741,52.68853,34.814816,33.985943
882664c849fffff,41.92075789262954,-87.75027621848612,7,49.456688,55.659523,33.28882,30.47117
882664c849fffff,41.92075789262954,-87.75027621848612,8,37.373512,43.768673,28.805637,27.732775
882664c849fffff,41.92075789262954,-87.75027621848612,9,25.374025,29.94666,27.286602,24.7902
882664c849fffff,41.92075789262954,-87.75027621848612,10,21.250822,15.779914,19.40969,18.592987
882664c849fffff,41.92075789262954,-87.75027621848612,11,11.38508,9.706955,14.510748,10.461045
882664c849fffff,41.92075789262954,-87.75027621848612,12,11.439787,8.601053,14.338556,9.957308
882664c84bfffff,41.91326224163271,-87.7455121762194,1,11.565618,18.745947,16.65729,9.779014
882664c84bfffff,41.91326224163271,-87.7455121762194,2,17.042538,21.396648,19.316767,17.807056
882664c84bfffff,41.91326224163271,-87.7455121762194,3,23.849644,24.311888,24.33452,23.969526
882664c84bfffff,41.91326224163271,-87.7455121762194,4,39.661385,35.139347,29.602879,27.90935
882664c84bfffff,41.91326224163271,-87.7455121762194,5,52.99769,52.253082,35.87474,30.187702
882664c84bfffff,41.91326224163271,-87.7455121762194,6,56.181583,51.43373,36.408234,30.444822
882664c84bfffff,41.91326224163271,-87.7455121762194,7,49.872967,51.452732,34.184822,27.486837
882664c84bfffff,41.91326224163271,-87.7455121762194,8,45.800182,42.39066,30.949127,26.506613
882664c84bfffff,41.91326224163271,-87.7455121762194,9,42.051357,30.817757,31.361156,25.122456
882664c84bfffff,41.91326224163271,-87.7455121762194,10,24.862698,26.459675,22.457428,17.706629
882664c84bfffff,41.91326224163271,-87.7455121762194,11,8.696141,16.277164,18.573467,9.226629
882664c84bfffff,41.91326224163271,-87.7455121762194,12,8.423293,13.047833,18.277,8.887597
882664c84dfffff,41.92178722587828,-87.76171648022537,1,10.212848,13.71718,12.065758,9.109853
882664c84dfffff,41.92178722587828,-87.76171648022537,2,15.315019,14.348492,15.985183,19.101847
882664c84dfffff,41.92178722587828,-87.76171648022537,3,23.410534,18.776073,18.9283,22.840536
882664c84dfffff,41.92178722587828,-87.76171648022537,4,31.843208,30.931236,21.173065,24.114721
882664c84dfffff,41.92178722587828,-87.76171648022537,5,43.42582,40.654858,27.454277,26.496494
882664c84dfffff,41.92178722587828,-87.76171648022537,6,45.959454,40.175808,28.09351,26.908226
882664c84dfffff,41.92178722587828,-87.76171648022537,7,41.81939,41.420017,26.685804,25.634205
882664c84dfffff,41.92178722587828,-87.76171648022537,8,34.518406,35.426872,22.782866,25.124271
882664c84dfffff,41.92178722587828,-87.76171648022537,9,24.582235,22.581375,22.247297,23.574131
882664c84dfffff,41.92178722587828,-87.76171648022537,10,16.866108,17.485397,17.742504,19.294184
882664c84dfffff,41.92178722587828,-87.76171648022537,11,8.214489,13.7032585,14.922202,10.030346
882664c84dfffff,41.92178722587828,-87.76171648022537,12,7.1562295,10.923009,15.168218,9.71179
882664c851fffff,41.89827210138172,-87.73598856058628,1,13.007134,17.045647,13.988617,12.868426
882664c851fffff,41.89827210138172,-87.73598856058628,2,19.785376,17.949976,21.578386,20.946949
882664c851fffff,41.89827210138172,-87.73598856058628,3,27.002047,25.953121,27.330746,27.793045
882664c851fffff,41.89827210138172,-87.73598856058628,4,39.27682,35.178,32.30353,32.91888
882664c851fffff,41.89827210138172,-87.73598856058628,5,47.213474,47.59479,35.399044,35.28544
882664c851fffff,41.89827210138172,-87.73598856058628,6,54.15092,46.47436,35.68193,36.18404
882664c851fffff,41.89827210138172,-87.73598856058628,7,46.550518,48.43043,34.673294,33.857174
882664c851fffff,41.89827210138172,-87.73598856058628,8,40.26323,40.3478,33.163837,35.821198
882664c851fffff,41.89827210138172,-87.73598856058628,9,28.861425,28.96772,31.973768,32.348175
882664c851fffff,41.89827210138172,-87.73598856058628,10,19.58754,21.739426,23.534397,23.339125
882664c851fffff,41.89827210138172,-87.73598856058628,11,11.110141,16.887062,17.585579,13.57678
882664c851fffff,41.89827210138172,-87.73598856058628,12,10.051881,14.684923,17.618383,13.2582245
882664c853fffff,41.89077761290663,-87.73122898595423,1,11.831817,17.02786,18.471945,13.150723
882664c853fffff,41.89077761290663,-87.73122898595423,2,18.368212,17.372458,27.54055,20.554382
882664c853fffff,41.89077761290663,-87.73122898595423,3,24.921545,24.118856,33.043755,26.656967
882664c853fffff,41.89077761290663,-87.73122898595423,4,33.031612,39.884884,36.98982,29.072697
882664c853fffff,41.89077761290663,-87.73122898595423,5,45.025562,56.15751,39.454277,32.794907
882664c853fffff,41.89077761290663,-87.73122898595423,6,51.3579,56.25749,39.475204,33.77907
882664c853fffff,41.89077761290663,-87.73122898595423,7,44.07195,56.480984,38.912823,31.212896
882664c853fffff,41.89077761290663,-87.73122898595423,8,33.7849,42.68176,38.911053,29.822973
882664c853fffff,41.89077761290663,-87.73122898595423,9,28.81585,26.185375,36.924072,27.162384
882664c853fffff,41.89077761290663,-87.73122898595423,10,16.99262,20.508152,31.157644,22.867992
882664c853fffff,41.89077761290663,-87.73122898595423,11,9.848386,16.41286,21.369406,13.202709
882664c853fffff,41.89077761290663,-87.73122898595423,12,8.653506,13.657492,21.15209,13.052767
882664c855fffff,41.89930291370111,-87.74742334151509,1,14.557001,18.32043,11.761808,8.316868
882664c855fffff,41.89930291370111,-87.74742334151509,2,20.260075,22.498478,16.207224,14.733489
882664c855fffff,41.89930291370111,-87.74742334151509,3,28.75877,24.718998,22.554129,20.24869
882664c855fffff,41.89930291370111,-87.74742334151509,4,35.18081,37.080013,24.024021,24.10842
882664c855fffff,41.89930291370111,-87.74742334151509,5,40.505653,59.798,27.911873,27.02065
882664c855fffff,41.89930291370111,-87.74742334151509,6,44.119278,59.96993,27.41748,29.609518
882664c855fffff,41.89930291370111,-87.74742334151509,7,41.55151,58.13733,26.691814,26.488108
882664c855fffff,41.89930291370111,-87.74742334151509,8,35.94538,39.252266,25.342648,24.741749
882664c855fffff,41.89930291370111,-87.74742334151509,9,36.009384,28.65741,26.46765,21.24944
882664c855fffff,41.89930291370111,-87.74742334151509,10,25.897072,26.735847,18.725231,16.305447
882664c855fffff,41.89930291370111,-87.74742334151509,11,12.96563,16.55278,13.770865,9.444631
882664c855fffff,41.89930291370111,-87.74742334151509,12,11.611266,14.3662815,13.017616,9.079462
882664c857fffff,41.89180891751389,-87.74266194079668,1,21.670025,15.300841,14.95699,11.295381
882664c857fffff,41.89180891751389,-87.74266194079668,2,26.172762,19.591076,23.857315,18.25649
882664c857fffff,41.89180891751389,-87.74266194079668,3,38.225468,25.150133,29.137047,25.808363
882664c857fffff,41.89180891751389,-87.74266194079668,4,36.76872,34.409367,35.491665,30.956734
882664c857fffff,41.89180891751389,-87.74266194079668,5,47.56348,59.075684,40.82567,34.62
882664c857fffff,41.89180891751389,-87.74266194079668,6,54.514713,56.570354,41.88862,35.894527
882664c857fffff,41.89180891751389,-87.74266194079668,7,46.53309,56.371475,39.53036,32.84853
882664c857fffff,41.89180891751389,-87.74266194079668,8,36.583626,35.83162,37.72722,31.928144
882664c857fffff,41.89180891751389,-87.74266194079668,9,31.059496,31.591604,35.93228,28.88201
882664c857fffff,41.89180891751389,-87.74266194079668,10,26.077137,21.487946,26.264627,19.003275
882664c857fffff,41.89180891751389,-87.74266194079668,11,18.70747,13.309684,17.210688,11.564112
882664c857fffff,41.89180891751389,-87.74266194079668,12,17.482433,10.355666,16.789038,10.974145
882664c859fffff,41.904735506750015,-87.72931320154079,1,14.802154,17.670582,15.108453,9.281202
882664c859fffff,41.904735506750015,-87.72931320154079,2,18.982933,21.757246,20.826242,15.37693
882664c859fffff,41.904735506750015,-87.72931320154079,3,25.40414,24.876102,26.725336,20.965872
882664c859fffff,41.904735506750015,-87.72931320154079,4,34.064262,33.67267,33.49718,21.695513
882664c859fffff,41.904735506750015,-87.72931320154079,5,46.393562,49.53911,38.232967,24.398258
882664c859fffff,41.904735506750015,-87.72931320154079,6,53.132336,46.475147,40.017254,25.236368
882664c859fffff,41.904735506750015,-87.72931320154079,7,45.96209,48.003716,38.40111,23.615032
882664c859fffff,41.904735506750015,-87.72931320154079,8,38.88229,39.302776,36.947487,23.180935
882664c859fffff,41.904735506750015,-87.72931320154079,9,25.132586,28.027786,35.553528,19.772245
882664c859fffff,41.904735506750015,-87.72931320154079,10,20.641466,23.921259,25.005129,17.173315
882664c859fffff,41.904735506750015,-87.72931320154079,11,12.414405,16.245943,18.132654,10.411405
882664c859fffff,41.904735506750015,-87.72931320154079,12,11.457021,13.8297825,18.382845,10.32722
882664c85bfffff,41.89724013813376,-87.72455396516222,1,14.787047,21.02538,15.654185,10.383423
882664c85bfffff,41.89724013813376,-87.72455396516222,2,20.814417,24.303448,20.547728,16.657412
882664c85bfffff,41.89724013813376,-87.72455396516222,3,24.023705,26.352047,24.911646,21.650354
882664c85bfffff,41.89724013813376,-87.72455396516222,4,30.431292,35.502125,29.310406,25.118235
882664c85bfffff,41.89724013813376,-87.72455396516222,5,38.607723,47.93767,34.43573,26.985989
882664c85bfffff,41.89724013813376,-87.72455396516222,6,43.607338,47.096306,35.50264,27.449547
882664c85bfffff,41.89724013813376,-87.72455396516222,7,37.754684,46.414474,34.263565,25.276217
882664c85bfffff,41.89724013813376,-87.72455396516222,8,35.582554,41.80599,32.1369,25.390999
882664c85bfffff,41.89724013813376,-87.72455396516222,9,37.403152,34.27522,33.075397,21.69023
882664c85bfffff,41.89724013813376,-87.72455396516222,10,25.469316,28.686342,24.738218,17.442257
882664c85bfffff,41.89724013813376,-87.72455396516222,11,8.447276,16.65119,18.218494,11.110018
882664c85bfffff,41.89724013813376,-87.72455396516222,12,8.123462,14.202541,17.947086,10.770985
882664c85dfffff,41.90576697775356,-87.74074962379713,1,11.745536,13.222635,13.815022,10.4897
882664c85dfffff,41.90576697775356,-87.74074962379713,2,16.587988,16.199791,20.469213,14.5232725
882664c85dfffff,41.90576697775356,-87.74074962379713,3,24.836567,23.28194,28.254503,20.513443
882664c85dfffff,41.90576697775356,-87.74074962379713,4,31.563326,37.944374,33.24134,23.06911
882664c85dfffff,41.90576697775356,-87.74074962379713,5,46.9974,53.98109,38.287033,27.002367
882664c85dfffff,41.90576697775356,-87.74074962379713,6,54.017933,52.804237,38.84985,29.204967
882664c85dfffff,41.90576697775356,-87.74074962379713,7,46.512993,51.715263,36.998367,24.14101
882664c85dfffff,41.90576697775356,-87.74074962379713,8,35.84927,41.335445,34.977528,23.091911
882664c85dfffff,41.90576697775356,-87.74074962379713,9,19.538593,25.40438,32.698605,19.113028
882664c85dfffff,41.90576697775356,-87.74074962379713,10,17.834232,17.80277,24.049261,14.226309
882664c85dfffff,41.90576697775356,-87.74074962379713,11,9.0851755,12.519259,15.417623,9.398826
882664c85dfffff,41.90576697775356,-87.74074962379713,12,7.630885,10.463482,15.484933,9.217827
882664c861fffff,41.909881347686,-87.78649715559372,1,11.402546,18.338463,18.014875,15.525836
882664c861fffff,41.909881347686,-87.78649715559372,2,19.116924,21.90241,28.307722,22.242985
882664c861fffff,41.909881347686,-87.78649715559372,3,29.368443,29.773401,36.962955,30.568419
882664c861fffff,41.909881347686,-87.78649715559372,4,42.572548,54.576527,40.92909,35.90844
882664c861fffff,41.909881347686,-87.78649715559372,5,53.995777,78.989235,46.59939,41.263462
882664c861fffff,41.909881347686,-87.78649715559372,6,59.226746,77.307495,47.504257,42.204082
882664c861fffff,41.909881347686,-87.78649715559372,7,54.885704,76.414505,45.07759,38.72488
882664c861fffff,41.909881347686,-87.78649715559372,8,44.4234,57.594986,42.09151,38.518616
882664c861fffff,41.909881347686,-87.78649715559372,9,30.167868,37.83056,41.121174,33.64431
882664c861fffff,41.909881347686,-87.78649715559372,10,21.360037,23.867771,30.706657,23.648088
882664c861fffff,41.909881347686,-87.78649715559372,11,11.415732,16.752645,20.390787,15.994417
882664c861fffff,41.909881347686,-87.78649715559372,12,10.1017685,13.305617,19.701902,15.152574
882664c865fffff,41.91090706130822,-87.79793449470074,1,12.348938,14.408515,13.317114,12.288554
882664c865fffff,41.91090706130822,-87.79793449470074,2,20.485756,17.654593,19.202389,17.212269
882664c865fffff,41.91090706130822,-87.79793449470074,3,28.767704,22.93508,27.86675,22.796919
882664c865fffff,41.91090706130822,-87.79793449470074,4,43.55494,46.546314,34.043358,27.633453
882664c865fffff,41.91090706130822,-87.79793449470074,5,58.392963,62.63089,42.748936,34.55245
882664c865fffff,41.91090706130822,-87.79793449470074,6,63.66822,60.885876,44.202374,37.352867
882664c865fffff,41.91090706130822,-87.79793449470074,7,60.167072,61.17645,42.534542,32.168022
882664c865fffff,41.91090706130822,-87.79793449470074,8,47.21356,50.478092,36.927723,29.437395
882664c865fffff,41.91090706130822,-87.79793449470074,9,30.69004,25.008308,35.465088,26.818644
882664c865fffff,41.91090706130822,-87.79793449470074,10,22.69658,18.280245,23.025993,18.472313
882664c865fffff,41.91090706130822,-87.79793449470074,11,11.8247595,12.979465,17.36305,12.645678
882664c865fffff,41.91090706130822,-87.79793449470074,12,10.686418,10.048043,16.880009,12.152526
882664c869fffff,41.916348266026944,-87.77982803031043,1,12.201408,12.3154335,12.920316,10.378934
882664c869fffff,41.916348266026944,-87.77982803031043,2,20.245789,17.56611,21.182392,16.67156
882664c869fffff,41.916348266026944,-87.77982803031043,3,26.4993,19.981815,27.055517,21.47188
882664c869fffff,41.916348266026944,-87.77982803031043,4,29.355925,32.85512,33.72253,25.469692
882664c869fffff,41.916348266026944,-87.77982803031043,5,44.85313,46.01418,39.110146,28.916239
882664c869fffff,41.916348266026944,-87.77982803031043,6,51.039494,43.49078,40.55772,29.058744
882664c869fffff,41.916348266026944,-87.77982803031043,7,44.02376,43.943615,40.049614,27.451157
882664c869fffff,41.916348266026944,-87.77982803031043,8,34.74471,34.913757,37.30979,26.320787
882664c869fffff,41.916348266026944,-87.77982803031043,9,27.966555,24.910492,36.041725,24.331182
882664c869fffff,41.916348266026944,-87.77982803031043,10,22.679337,19.969948,27.809473,18.470755
882664c869fffff,41.916348266026944,-87.77982803031043,11,10.726195,11.585921,18.091516,9.373913
882664c869fffff,41.916348266026944,-87.77982803031043,12,9.596029,8.589832,17.735518,9.195963
882664c86bfffff,41.908854482451616,-87.77505999804278,1,8.481648,15.542,12.607407,5.878423
882664c86bfffff,41.908854482451616,-87.77505999804278,2,11.331091,16.104992,19.741331,11.240116
882664c86bfffff,41.908854482451616,-87.77505999804278,3,14.306747,14.345112,24.38015,18.963957
882664c86bfffff,41.908854482451616,-87.77505999804278,4,23.885033,25.13804,28.038464,20.811272
882664c86bfffff,41.908854482451616,-87.77505999804278,5,33.89262,36.990078,35.066044,24.964249
882664c86bfffff,41.908854482451616,-87.77505999804278,6,38.99627,35.968655,36.10142,27.98696
882664c86bfffff,41.908854482451616,-87.77505999804278,7,33.07928,35.11774,35.291004,25.742996
882664c86bfffff,41.908854482451616,-87.77505999804278,8,26.115534,27.772902,29.649916,23.8519
882664c86bfffff,41.908854482451616,-87.77505999804278,9,17.743534,19.960052,28.259932,21.065338
882664c86bfffff,41.908854482451616,-87.77505999804278,10,13.102501,16.321482,22.651703,16.003551
882664c86bfffff,41.908854482451616,-87.77505999804278,11,7.1576395,14.304233,16.244291,9.009402
882664c86bfffff,41.908854482451616,-87.77505999804278,12,6.473284,12.298238,15.670819,8.478692
882664c86dfffff,41.91737463700476,-87.79126701383224,1,20.255005,18.538145,16.578733,15.895056
882664c86dfffff,41.91737463700476,-87.79126701383224,2,24.876661,18.874416,26.968643,22.646463
882664c86dfffff,41.91737463700476,-87.79126701383224,3,30.360842,23.593102,33.064823,27.547749
882664c86dfffff,41.91737463700476,-87.79126701383224,4,31.680782,38.9795,36.282307,29.42722
882664c86dfffff,41.91737463700476,-87.79126701383224,5,42.550724,56.232628,38.306824,35.029396
882664c86dfffff,41.91737463700476,-87.79126701383224,6,48.616173,53.805977,38.86916,35.95807
882664c86dfffff,41.91737463700476,-87.79126701383224,7,42.152874,54.23845,38.64811,32.500946
882664c86dfffff,41.91737463700476,-87.79126701383224,8,33.52276,40.318848,38.108906,29.994326
882664c86dfffff,41.91737463700476,-87.79126701383224,9,27.502836,30.040678,36.50579,27.4101
882664c86dfffff,41.91737463700476,-87.79126701383224,10,23.760323,21.625303,30.5189,23.16519
882664c86dfffff,41.91737463700476,-87.79126701383224,11,18.381088,17.000793,20.174753,14.361182
882664c86dfffff,41.91737463700476,-87.79126701383224,12,17.107761,14.320525,19.954664,13.838706
882664c881fffff,41.84142786516108,-87.7322147036372,1,8.679032,14.3900585,13.087634,7.578362
882664c881fffff,41.84142786516108,-87.7322147036372,2,17.441092,21.940914,20.996006,16.446404
882664c881fffff,41.84142786516108,-87.7322147036372,3,24.983082,21.995869,25.429642,21.404882
882664c881fffff,41.84142786516108,-87.7322147036372,4,29.545557,26.216484,29.938984,25.136148
882664c881fffff,41.84142786516108,-87.7322147036372,5,41.3695,50.5124,35.269627,28.210726
882664c881fffff,41.84142786516108,-87.7322147036372,6,41.321808,49.100937,36.50551,29.231716
882664c881fffff,41.84142786516108,-87.7322147036372,7,41.85629,49.371742,34.84863,26.363663
882664c881fffff,41.84142786516108,-87.7322147036372,8,33.973557,33.630543,33.11155,25.629444
882664c881fffff,41.84142786516108,-87.7322147036372,9,33.91365,24.363716,32.548824,21.67436
882664c881fffff,41.84142786516108,-87.7322147036372,10,22.913849,28.093933,25.762754,18.755648
882664c881fffff,41.84142786516108,-87.7322147036372,11,8.403725,12.989202,16.268364,7.881783
882664c881fffff,41.84142786516108,-87.7322147036372,12,8.005068,10.993856,15.726533,7.13799
882664c883fffff,41.83393796313536,-87.72746154779126,1,11.173521,7.4832516,13.926448,10.0654545
882664c883fffff,41.83393796313536,-87.72746154779126,2,14.539305,8.333888,18.835215,16.917212
882664c883fffff,41.83393796313536,-87.72746154779126,3,19.930418,14.037752,25.201088,24.14233
882664c883fffff,41.83393796313536,-87.72746154779126,4,26.990112,24.374279,30.16351,27.775545
882664c883fffff,41.83393796313536,-87.72746154779126,5,28.870604,33.1042,35.53607,29.891052
882664c883fffff,41.83393796313536,-87.72746154779126,6,36.07134,31.70669,36.260475,29.27651
882664c883fffff,41.83393796313536,-87.72746154779126,7,27.859003,32.632534,35.722584,29.013063
882664c883fffff,41.83393796313536,-87.72746154779126,8,28.128826,27.703537,30.401875,28.525402
882664c883fffff,41.83393796313536,-87.72746154779126,9,17.258165,19.04974,29.475441,25.244234
882664c883fffff,41.83393796313536,-87.72746154779126,10,16.082663,11.249668,19.441313,18.693747
882664c883fffff,41.83393796313536,-87.72746154779126,11,9.936712,6.83535,17.363464,12.507793
882664c883fffff,41.83393796313536,-87.72746154779126,12,9.659117,5.279253,17.541061,12.045391
882664c889fffff,41.84788620278344,-87.72554696426371,1,12.006449,16.464508,14.274948,10.404178
882664c889fffff,41.84788620278344,-87.72554696426371,2,17.779123,19.312073,22.086912,18.808949
882664c889fffff,41.84788620278344,-87.72554696426371,3,26.765347,25.77509,26.855095,26.108255
882664c889fffff,41.84788620278344,-87.72554696426371,4,42.485622,36.97871,28.763077,32.29875
882664c889fffff,41.84788620278344,-87.72554696426371,5,45.703693,61.40775,30.268444,32.300037
882664c889fffff,41.84788620278344,-87.72554696426371,6,50.149822,60.94118,30.574923,31.44894
882664c889fffff,41.84788620278344,-87.72554696426371,7,44.29979,60.876476,28.986876,29.421288
882664c889fffff,41.84788620278344,-87.72554696426371,8,45.174267,42.13469,28.922926,30.369602
882664c889fffff,41.84788620278344,-87.72554696426371,9,28.620602,28.412285,28.898363,23.882923
882664c889fffff,41.84788620278344,-87.72554696426371,10,20.027775,24.861206,24.696749,18.358887
882664c889fffff,41.84788620278344,-87.72554696426371,11,10.0846615,16.13854,16.794939,10.875734
882664c889fffff,41.84788620278344,-87.72554696426371,12,9.636192,13.729576,16.557226,10.277405
882664c88bfffff,41.84039542031564,-87.72079414608997,1,12.382208,23.13718,16.056068,12.753262
882664c88bfffff,41.84039542031564,-87.72079414608997,2,19.60306,28.652159,23.265587,19.126236
882664c88bfffff,41.84039542031564,-87.72079414608997,3,25.241436,33.953575,29.635668,25.674292
882664c88bfffff,41.84039542031564,-87.72079414608997,4,33.032104,48.939163,37.902824,30.317709
882664c88bfffff,41.84039542031564,-87.72079414608997,5,42.9609,64.80836,43.269527,32.97429
882664c88bfffff,41.84039542031564,-87.72079414608997,6,47.616608,62.679115,43.961693,33.894505
882664c88bfffff,41.84039542031564,-87.72079414608997,7,44.474754,62.45515,42.77017,30.926212
882664c88bfffff,41.84039542031564,-87.72079414608997,8,40.343445,57.607677,39.27467,30.77193
882664c88bfffff,41.84039542031564,-87.72079414608997,9,36.483788,42.519844,39.483555,28.40903
882664c88bfffff,41.84039542031564,-87.72079414608997,10,26.125134,34.844482,25.399185,19.798014
882664c88bfffff,41.84039542031564,-87.72079414608997,11,9.28813,20.44911,19.166883,12.829241
882664c88bfffff,41.84039542031564,-87.72079414608997,12,9.107317,17.425837,18.464872,12.445228
882664c88dfffff,41.848918157090594,-87.73696934428506,1,13.855785,16.208084,15.39235,11.156445
882664c88dfffff,41.848918157090594,-87.73696934428506,2,20.583063,19.616396,19.7263,15.7446785
882664c88dfffff,41.848918157090594,-87.73696934428506,3,29.020996,23.784758,25.521568,21.520397
882664c88dfffff,41.848918157090594,-87.73696934428506,4,40.609596,47.902477,29.940086,25.691845
882664c88dfffff,41.848918157090594,-87.73696934428506,5,57.87844,65.92139,38.724293,31.798475
882664c88dfffff,41.848918157090594,-87.73696934428506,6,65.05433,64.65572,38.77505,33.944653
882664c88dfffff,41.848918157090594,-87.73696934428506,7,57.289555,64.5844,37.268833,29.670855
882664c88dfffff,41.848918157090594,-87.73696934428506,8,42.488224,52.78899,32.382668,26.784763
882664c88dfffff,41.848918157090594,-87.73696934428506,9,27.854542,27.64553,31.14228,24.056393
882664c88dfffff,41.848918157090594,-87.73696934428506,10,20.78707,20.626156,22.617783,16.38301
882664c88dfffff,41.848918157090594,-87.73696934428506,11,10.968033,15.215977,17.905273,10.823068
882664c88dfffff,41.848918157090594,-87.73696934428506,12,9.909771,12.098752,17.259327,10.233099
882664c891fffff,41.82541502657968,-87.71129296224613,1,18.025612,14.287831,12.926154,12.239446
882664c891fffff,41.82541502657968,-87.71129296224613,2,23.90068,16.652721,20.517593,19.42978
882664c891fffff,41.82541502657968,-87.71129296224613,3,31.958849,22.882008,26.909246,24.892504
882664c891fffff,41.82541502657968,-87.71129296224613,4,37.84291,34.948975,31.189161,28.047373
882664c891fffff,41.82541502657968,-87.71129296224613,5,47.033432,48.903374,35.05945,32.756195
882664c891fffff,41.82541502657968,-87.71129296224613,6,51.923668,47.40441,35.706062,32.952305
882664c891fffff,41.82541502657968,-87.71129296224613,7,44.808662,49.84559,35.21643,30.729729
882664c891fffff,41.82541502657968,-87.71129296224613,8,40.859566,40.99193,32.730305,30.539932
882664c891fffff,41.82541502657968,-87.71129296224613,9,31.600122,32.076626,31.717371,28.199915
882664c891fffff,41.82541502657968,-87.71129296224613,10,27.261747,21.010153,23.032501,20.501707
882664c891fffff,41.82541502657968,-87.71129296224613,11,16.073444,14.746408,17.56274,12.235864
882664c891fffff,41.82541502657968,-87.71129296224613,12,15.015182,11.966157,17.468533,11.889299
882664c893fffff,41.81792541608676,-87.70654459531637,1,14.040753,15.412366,14.169874,8.470876
882664c893fffff,41.81792541608676,-87.70654459531637,2,18.787287,16.82167,21.092224,15.032901
882664c893fffff,41.81792541608676,-87.70654459531637,3,24.564783,19.427856,26.644602,21.336327
882664c893fffff,41.81792541608676,-87.70654459531637,4,37.08485,26.43973,33.062683,24.889318
882664c893fffff,41.81792541608676,-87.70654459531637,5,46.62224,41.073826,37.13348,27.996792
882664c893fffff,41.81792541608676,-87.70654459531637,6,52.954567,39.45622,37.920067,29.346394
882664c893fffff,41.81792541608676,-87.70654459531637,7,46.38164,41.29017,36.4732,26.565891
882664c893fffff,41.81792541608676,-87.70654459531637,8,38.69858,32.934025,35.97174,25.98781
882664c893fffff,41.81792541608676,-87.70654459531637,9,26.969856,22.984634,34.410233,23.021053
882664c893fffff,41.81792541608676,-87.70654459531637,10,18.764069,19.245407,23.923813,16.738186
882664c893fffff,41.81792541608676,-87.70654459531637,11,11.899697,14.25248,16.94032,9.484808
882664c893fffff,41.81792541608676,-87.70654459531637,12,10.942319,11.386688,16.747986,9.145775
882664c895fffff,41.826448451401255,-87.72270987611724,1,9.354722,11.317344,8.45176,8.023338
882664c895fffff,41.826448451401255,-87.72270987611724,2,16.272602,14.500601,12.712193,12.521366
882664c895fffff,41.826448451401255,-87.72270987611724,3,21.839037,18.848587,15.153322,15.492719
882664c895fffff,41.826448451401255,-87.72270987611724,4,25.48358,26.1696,22.092747,21.140282
882664c895fffff,41.826448451401255,-87.72270987611724,5,38.78117,37.812252,27.086458,24.622337
882664c895fffff,41.826448451401255,-87.72270987611724,6,42.169987,35.323948,28.868399,24.978163
882664c895fffff,41.826448451401255,-87.72270987611724,7,39.33135,37.4931,27.941462,23.594934
882664c895fffff,41.826448451401255,-87.72270987611724,8,29.702414,31.727407,25.50956,21.372309
882664c895fffff,41.826448451401255,-87.72270987611724,9,22.02997,20.033476,23.460037,18.544794
882664c895fffff,41.826448451401255,-87.72270987611724,10,17.642609,16.644459,16.641272,12.633613
882664c895fffff,41.826448451401255,-87.72270987611724,11,9.118505,10.922368,13.176525,8.060904
882664c895fffff,41.826448451401255,-87.72270987611724,12,9.000566,9.065841,12.971859,7.6512785
882664c897fffff,41.818959330346416,-87.71795968798541,1,15.658943,23.845074,14.594422,11.445974
882664c897fffff,41.818959330346416,-87.71795968798541,2,24.549,26.828625,17.152864,17.113663
882664c897fffff,41.818959330346416,-87.71795968798541,3,31.995281,32.556538,23.160555,22.436775
882664c897fffff,41.818959330346416,-87.71795968798541,4,38.43684,54.81694,25.144047,21.564135
882664c897fffff,41.818959330346416,-87.71795968798541,5,53.30166,66.77001,31.269527,26.661663
882664c897fffff,41.818959330346416,-87.71795968798541,6,57.776848,66.06146,31.256468,30.158022
882664c897fffff,41.818959330346416,-87.71795968798541,7,52.81342,64.05228,30.664528,24.401726
882664c897fffff,41.818959330346416,-87.71795968798541,8,43.029964,53.41102,28.54318,21.592379
882664c897fffff,41.818959330346416,-87.71795968798541,9,37.200714,34.45417,31.415697,21.898422
882664c897fffff,41.818959330346416,-87.71795968798541,10,27.98095,28.734459,22.78407,18.55659
882664c897fffff,41.818959330346416,-87.71795968798541,11,13.901732,21.973011,17.024643,11.063177
882664c897fffff,41.818959330346416,-87.71795968798541,12,13.006692,19.17241,16.911875,10.875338
882664c899fffff,41.83187094573193,-87.70462426336849,1,11.299701,12.830481,7.8134995,9.836841
882664c899fffff,41.83187094573193,-87.70462426336849,2,17.856964,13.973284,13.091545,16.374508
882664c899fffff,41.83187094573193,-87.70462426336849,3,23.659843,16.53667,16.600412,20.619928
882664c899fffff,41.83187094573193,-87.70462426336849,4,29.96291,27.715847,19.735052,22.684164
882664c899fffff,41.83187094573193,-87.70462426336849,5,41.10675,38.48863,23.372608,24.756668
882664c899fffff,41.83187094573193,-87.70462426336849,6,44.352303,36.178593,25.333523,25.559523
882664c899fffff,41.83187094573193,-87.70462426336849,7,42.361206,38.04293,23.45161,23.315607
882664c899fffff,41.83187094573193,-87.70462426336849,8,35.023365,32.03467,22.354715,24.142118
882664c899fffff,41.83187094573193,-87.70462426336849,9,25.985657,21.783566,19.62395,22.004374
882664c899fffff,41.83187094573193,-87.70462426336849,10,20.015938,16.36117,16.910196,16.454773
882664c899fffff,41.83187094573193,-87.70462426336849,11,11.174808,12.59951,11.732077,9.895788
882664c899fffff,41.83187094573193,-87.70462426336849,12,10.934527,10.572588,11.292318,9.389354
882664c89bfffff,41.82438045479879,-87.69987623526484,1,13.024945,15.532492,12.096704,11.446028
882664c89bfffff,41.82438045479879,-87.69987623526484,2,20.351683,19.550734,20.60776,17.766111
882664c89bfffff,41.82438045479879,-87.69987623526484,3,27.525301,23.624956,23.678211,23.00295
882664c89bfffff,41.82438045479879,-87.69987623526484,4,40.574154,33.21125,29.285547,30.047388
882664c89bfffff,41.82438045479879,-87.69987623526484,5,50.60072,53.719376,34.143642,32.501186
882664c89bfffff,41.82438045479879,-87.69987623526484,6,52.777725,52.58184,36.34128,32.81511
882664c89bfffff,41.82438045479879,-87.69987623526484,7,49.419582,54.908585,34.824406,31.933256
882664c89bfffff,41.82438045479879,-87.69987623526484,8,41.277874,40.42817,31.864763,32.52268
882664c89bfffff,41.82438045479879,-87.69987623526484,9,28.883947,26.335499,30.854914,27.391243
882664c89bfffff,41.82438045479879,-87.69987623526484,10,20.320915,22.845434,23.735704,20.46905
882664c89bfffff,41.82438045479879,-87.69987623526484,11,12.684304,14.715942,16.251673,11.928943
882664c89bfffff,41.82438045479879,-87.69987623526484,12,12.3995905,12.7167845,15.918901,11.380648
882664c89dfffff,41.83290502811848,-87.7160428122941,1,8.811928,9.330291,7.530403,6.9279847
882664c89dfffff,41.83290502811848,-87.7160428122941,2,12.833219,11.81675,12.551303,11.223486
882664c89dfffff,41.83290502811848,-87.7160428122941,3,19.74408,14.306044,17.463087,14.955973
882664c89dfffff,41.83290502811848,-87.7160428122941,4,19.743256,31.300348,21.22345,17.755129
882664c89dfffff,41.83290502811848,-87.7160428122941,5,26.062155,39.425873,22.57558,20.523493
882664c89dfffff,41.83290502811848,-87.7160428122941,6,30.989067,38.11143,22.883953,20.541649
882664c89dfffff,41.83290502811848,-87.7160428122941,7,25.606812,37.579407,23.3498,19.0953
882664c89dfffff,41.83290502811848,-87.7160428122941,8,21.870226,33.3813,23.1865,17.332323
882664c89dfffff,41.83290502811848,-87.7160428122941,9,16.784698,21.173346,20.782902,13.884598
882664c89dfffff,41.83290502811848,-87.7160428122941,10,13.430498,13.359348,16.432081,11.3792305
882664c89dfffff,41.83290502811848,-87.7160428122941,11,7.637103,8.563235,11.355632,6.9441047
882664c89dfffff,41.83290502811848,-87.7160428122941,12,7.247901,7.737689,11.316058,6.4969254
882664c8b1fffff,41.82102371894139,-87.74079043134027,1,6.342898,8.056105,8.100358,8.671031
882664c8b1fffff,41.82102371894139,-87.74079043134027,2,13.997016,10.871609,12.686907,12.758028
882664c8b1fffff,41.82102371894139,-87.74079043134027,3,19.865847,17.239439,15.262965,17.059542
882664c8b1fffff,41.82102371894139,-87.74079043134027,4,21.882511,28.862701,21.420315,23.399734
882664c8b1fffff,41.82102371894139,-87.74079043134027,5,32.880795,39.220882,25.408882,27.206663
882664c8b1fffff,41.82102371894139,-87.74079043134027,6,36.2982,37.603184,26.58359,27.660374
882664c8b1fffff,41.82102371894139,-87.74079043134027,7,32.396725,39.821293,25.695135,26.270477
882664c8b1fffff,41.82102371894139,-87.74079043134027,8,23.992712,33.05781,23.650629,23.57686
882664c8b1fffff,41.82102371894139,-87.74079043134027,9,17.497978,19.200338,22.308311,20.34842
882664c8b1fffff,41.82102371894139,-87.74079043134027,10,14.448944,12.909455,15.335347,13.405861
882664c8b1fffff,41.82102371894139,-87.74079043134027,11,5.3848734,7.447968,12.020189,9.101923
882664c8b1fffff,41.82102371894139,-87.74079043134027,12,5.24192,6.8676777,12.314897,8.756315
882664c8b3fffff,41.813535968326654,-87.7360380855196,1,16.98608,17.83675,13.022261,14.236573
882664c8b3fffff,41.813535968326654,-87.7360380855196,2,25.888762,19.710592,17.158924,21.352076
882664c8b3fffff,41.813535968326654,-87.7360380855196,3,32.6823,27.009686,23.454758,25.817398
882664c8b3fffff,41.813535968326654,-87.7360380855196,4,34.108753,40.38504,28.988766,28.68225
882664c8b3fffff,41.813535968326654,-87.7360380855196,5,44.401863,56.13105,34.11373,35.091457
882664c8b3fffff,41.813535968326654,-87.7360380855196,6,51.50046,54.529797,34.574097,35.693806
882664c8b3fffff,41.813535968326654,-87.7360380855196,7,44.2933,54.002544,33.89115,32.91389
882664c8b3fffff,41.813535968326654,-87.7360380855196,8,38.379578,42.246784,31.599003,30.386885
882664c8b3fffff,41.813535968326654,-87.7360380855196,9,29.96571,28.934223,30.397198,28.734707
882664c8b3fffff,41.813535968326654,-87.7360380855196,10,27.460443,21.977932,22.258514,23.857546
882664c8b3fffff,41.813535968326654,-87.7360380855196,11,15.524347,16.973953,17.729658,14.367198
882664c8b3fffff,41.813535968326654,-87.7360380855196,12,14.709387,14.870863,17.811132,14.27278
882664c8b7fffff,41.814566932825606,-87.74745191457932,1,6.2521644,9.462336,10.494284,8.760427
882664c8b7fffff,41.814566932825606,-87.74745191457932,2,14.415724,13.689269,16.135706,13.676113
882664c8b7fffff,41.814566932825606,-87.74745191457932,3,20.443296,22.651667,21.955532,21.737915
882664c8b7fffff,41.814566932825606,-87.74745191457932,4,35.585415,43.794525,29.639336,32.60756
882664c8b7fffff,41.814566932825606,-87.74745191457932,5,45.605587,57.83064,38.018337,38.20608
882664c8b7fffff,41.814566932825606,-87.74745191457932,6,52.569942,57.10437,38.932156,38.07511
882664c8b7fffff,41.814566932825606,-87.74745191457932,7,45.83428,58.869152,38.41327,37.42699
882664c8b7fffff,41.814566932825606,-87.74745191457932,8,40.95278,50.671597,33.17379,32.981567
882664c8b7fffff,41.814566932825606,-87.74745191457932,9,25.088583,29.137753,32.089344,27.577917
882664c8b7fffff,41.814566932825606,-87.74745191457932,10,16.52883,16.307316,21.000092,15.079233
882664c8b7fffff,41.814566932825606,-87.74745191457932,11,6.804564,9.04025,14.824943,9.447307
882664c8b7fffff,41.814566932825606,-87.74745191457932,12,6.4349365,8.548056,14.882087,9.018167
882664c8b9fffff,41.82748072919424,-87.7341269759761,1,7.0604167,7.1314573,6.0282283,6.5000787
882664c8b9fffff,41.82748072919424,-87.7341269759761,2,13.497512,7.753536,7.5902805,9.078699
882664c8b9fffff,41.82748072919424,-87.7341269759761,3,16.908699,10.963368,10.2606535,12.416636
882664c8b9fffff,41.82748072919424,-87.7341269759761,4,12.561393,23.506517,12.409613,13.148553
882664c8b9fffff,41.82748072919424,-87.7341269759761,5,25.614504,33.376858,16.48344,16.761606
882664c8b9fffff,41.82748072919424,-87.7341269759761,6,28.87785,31.916904,17.662254,18.258333
882664c8b9fffff,41.82748072919424,-87.7341269759761,7,25.620796,31.116673,16.754925,14.9261875
882664c8b9fffff,41.82748072919424,-87.7341269759761,8,14.611597,24.227304,14.501037,11.596705
882664c8b9fffff,41.82748072919424,-87.7341269759761,9,9.352909,11.42381,13.042459,9.577493
882664c8b9fffff,41.82748072919424,-87.7341269759761,10,12.959758,8.640207,10.558068,9.447405
882664c8b9fffff,41.82748072919424,-87.7341269759761,11,5.9462647,5.599971,7.8476152,5.718305
882664c8b9fffff,41.82748072919424,-87.7341269759761,12,5.666692,5.3586216,7.8777647,5.5280266
882664c8bbfffff,41.81999209798766,-87.7293749669606,1,7.040709,10.725497,11.262416,14.071115
882664c8bbfffff,41.81999209798766,-87.7293749669606,2,15.784733,12.745528,15.124057,17.600817
882664c8bbfffff,41.81999209798766,-87.7293749669606,3,20.874056,16.36025,19.578259,21.228205
882664c8bbfffff,41.81999209798766,-87.7293749669606,4,22.360317,28.952242,23.658411,24.782013
882664c8bbfffff,41.81999209798766,-87.7293749669606,5,36.77394,40.855778,27.169443,29.719334
882664c8bbfffff,41.81999209798766,-87.7293749669606,6,41.985542,38.842293,27.097609,29.70581
882664c8bbfffff,41.81999209798766,-87.7293749669606,7,36.294296,39.622593,27.519505,28.216497
882664c8bbfffff,41.81999209798766,-87.7293749669606,8,27.705591,32.12418,25.312096,24.455229
882664c8bbfffff,41.81999209798766,-87.7293749669606,9,18.085505,15.853829,23.594952,19.426912
882664c8bbfffff,41.81999209798766,-87.7293749669606,10,16.541027,16.408096,19.324686,17.90899
882664c8bbfffff,41.81999209798766,-87.7293749669606,11,5.8154464,10.578724,14.911953,12.842411
882664c8bbfffff,41.81999209798766,-87.7293749669606,12,5.334213,9.553396,14.67753,12.382988
882664c8c1fffff,41.861836815837904,-87.7236312153191,1,13.134723,20.192486,16.675995,15.36428
882664c8c1fffff,41.861836815837904,-87.7236312153191,2,19.972828,23.946817,26.674383,23.081047
882664c8c1fffff,41.861836815837904,-87.7236312153191,3,28.737873,27.74569,31.65464,27.96057
882664c8c1fffff,41.861836815837904,-87.7236312153191,4,45.62275,47.88847,38.75852,34.928207
882664c8c1fffff,41.861836815837904,-87.7236312153191,5,50.247643,67.48199,43.756866,38.34278
882664c8c1fffff,41.861836815837904,-87.7236312153191,6,56.118996,64.624214,44.367123,38.82422
882664c8c1fffff,41.861836815837904,-87.7236312153191,7,50.22248,65.95117,41.72795,35.98518
882664c8c1fffff,41.861836815837904,-87.7236312153191,8,47.59057,51.886177,40.375473,35.927353
882664c8c1fffff,41.861836815837904,-87.7236312153191,9,32.893276,38.96737,39.370403,31.192253
882664c8c1fffff,41.861836815837904,-87.7236312153191,10,19.694693,27.252544,29.077814,23.523676
882664c8c1fffff,41.861836815837904,-87.7236312153191,11,11.622031,19.443653,18.820555,15.634237
882664c8c1fffff,41.861836815837904,-87.7236312153191,12,11.274446,17.5829,18.53922,15.164926
882664c8c3fffff,41.854344763131,-87.71887725014061,1,14.405924,20.52708,16.574507,13.587629
882664c8c3fffff,41.854344763131,-87.71887725014061,2,21.10445,22.901064,24.49961,22.422112
882664c8c3fffff,41.854344763131,-87.71887725014061,3,28.766111,26.88658,32.69451,31.445492
882664c8c3fffff,41.854344763131,-87.71887725014061,4,44.443382,37.584236,36.73231,37.966545
882664c8c3fffff,41.854344763131,-87.71887725014061,5,46.12815,57.55978,41.71276,40.936104
882664c8c3fffff,41.854344763131,-87.71887725014061,6,51.852604,54.478836,41.469734,40.950104
882664c8c3fffff,41.854344763131,-87.71887725014061,7,46.0683,55.43105,38.85029,38.559242
882664c8c3fffff,41.854344763131,-87.71887725014061,8,46.182415,42.180485,37.77294,37.231655
882664c8c3fffff,41.854344763131,-87.71887725014061,9,35.0004,39.156166,37.06562,33.39526
882664c8c3fffff,41.854344763131,-87.71887725014061,10,24.528563,28.229597,27.645498,23.81071
882664c8c3fffff,41.854344763131,-87.71887725014061,11,12.701729,19.160686,18.756655,15.270619
882664c8c3fffff,41.854344763131,-87.71887725014061,12,12.274059,17.630327,18.456507,14.542237
882664c8c5fffff,41.86286893697911,-87.73505705626614,1,9.226597,11.422256,11.574407,10.277957
882664c8c5fffff,41.86286893697911,-87.73505705626614,2,17.377245,15.795983,18.87433,15.424131
882664c8c5fffff,41.86286893697911,-87.73505705626614,3,23.780542,17.823826,22.9166,19.533667
882664c8c5fffff,41.86286893697911,-87.73505705626614,4,39.78395,38.857918,28.678944,25.606762
882664c8c5fffff,41.86286893697911,-87.73505705626614,5,52.144596,52.581833,36.189213,28.639666
882664c8c5fffff,41.86286893697911,-87.73505705626614,6,55.22927,51.255695,37.399075,28.446938
882664c8c5fffff,41.86286893697911,-87.73505705626614,7,49.4147,52.389095,36.039608,27.248426
882664c8c5fffff,41.86286893697911,-87.73505705626614,8,43.334743,43.5421,32.13573,25.462849
882664c8c5fffff,41.86286893697911,-87.73505705626614,9,29.11365,21.327646,30.535809,20.791315
882664c8c5fffff,41.86286893697911,-87.73505705626614,10,17.398842,17.700005,24.31055,15.267149
882664c8c5fffff,41.86286893697911,-87.73505705626614,11,7.75212,11.318828,15.305576,10.167408
882664c8c5fffff,41.86286893697911,-87.73505705626614,12,7.4995384,10.130168,14.858435,9.636697
882664c8c7fffff,41.85537737513399,-87.73030126744557,1,11.494292,18.064793,17.39597,15.237086
882664c8c7fffff,41.85537737513399,-87.73030126744557,2,18.933659,20.789646,25.825937,19.584358
882664c8c7fffff,41.85537737513399,-87.73030126744557,3,23.506092,24.920599,32.342415,22.712866
882664c8c7fffff,41.85537737513399,-87.73030126744557,4,34.91208,43.459896,35.89678,22.429302
882664c8c7fffff,41.85537737513399,-87.73030126744557,5,45.886505,58.726036,38.11672,26.11459
882664c8c7fffff,41.85537737513399,-87.73030126744557,6,51.49329,57.873703,39.759148,26.884579
882664c8c7fffff,41.85537737513399,-87.73030126744557,7,44.48994,56.953075,38.405575,24.989225
882664c8c7fffff,41.85537737513399,-87.73030126744557,8,37.370754,44.96223,38.427128,24.017635
882664c8c7fffff,41.85537737513399,-87.73030126744557,9,26.270689,26.260359,36.689648,21.524715
882664c8c7fffff,41.85537737513399,-87.73030126744557,10,18.876875,24.703815,30.669558,22.708256
882664c8c7fffff,41.85537737513399,-87.73030126744557,11,9.82597,18.09039,20.27209,15.697687
882664c8c7fffff,41.85537737513399,-87.73030126744557,12,8.451762,15.46863,20.528023,15.7536125
882664c8c9fffff,41.86829647875244,-87.7169591872087,1,15.460691,17.647558,15.210928,8.486023
882664c8c9fffff,41.86829647875244,-87.7169591872087,2,20.51425,18.962034,24.196995,15.325788
882664c8c9fffff,41.86829647875244,-87.7169591872087,3,24.222527,19.184994,28.648575,21.297695
882664c8c9fffff,41.86829647875244,-87.7169591872087,4,37.432537,30.656994,34.58786,26.45902
882664c8c9fffff,41.86829647875244,-87.7169591872087,5,45.446163,45.45587,41.302784,29.751627
882664c8c9fffff,41.86829647875244,-87.7169591872087,6,51.778038,43.085384,42.242954,29.845459
882664c8c9fffff,41.86829647875244,-87.7169591872087,7,45.91971,44.15671,39.76752,27.212389
882664c8c9fffff,41.86829647875244,-87.7169591872087,8,40.97184,37.5086,37.309814,26.616625
882664c8c9fffff,41.86829647875244,-87.7169591872087,9,30.30803,24.92954,36.26087,21.842434
882664c8c9fffff,41.86829647875244,-87.7169591872087,10,20.535028,21.746822,27.754278,16.085615
882664c8c9fffff,41.86829647875244,-87.7169591872087,11,14.17128,16.628494,17.982689,9.770341
882664c8c9fffff,41.86829647875244,-87.7169591872087,12,14.091343,15.003092,17.544922,9.608459
882664c8cbfffff,41.86080354575397,-87.71220556057132,1,7.3855963,15.095188,14.091533,11.33358
882664c8cbfffff,41.86080354575397,-87.71220556057132,2,11.764291,16.031935,21.391005,19.149282
882664c8cbfffff,41.86080354575397,-87.71220556057132,3,19.238966,19.742252,24.44724,24.621727
882664c8cbfffff,41.86080354575397,-87.71220556057132,4,25.327368,34.10424,27.266024,25.905931
882664c8cbfffff,41.86080354575397,-87.71220556057132,5,32.93047,43.455048,31.454088,28.406437
882664c8cbfffff,41.86080354575397,-87.71220556057132,6,39.25959,44.254192,31.733498,30.50615
882664c8cbfffff,41.86080354575397,-87.71220556057132,7,33.319527,43.586945,31.153992,28.16243
882664c8cbfffff,41.86080354575397,-87.71220556057132,8,25.939226,36.19679,27.307007,27.690819
882664c8cbfffff,41.86080354575397,-87.71220556057132,9,17.563507,25.328035,26.668701,25.368465
882664c8cbfffff,41.86080354575397,-87.71220556057132,10,12.384133,18.253572,23.34263,20.248255
882664c8cbfffff,41.86080354575397,-87.71220556057132,11,6.0812674,15.08467,17.333517,13.040854
882664c8cbfffff,41.86080354575397,-87.71220556057132,12,5.296031,12.205167,17.23749,12.962504
882664c8cdfffff,41.869329258018205,-87.72838666634264,1,4.529006,12.8669,13.8557,8.774933
882664c8cdfffff,41.869329258018205,-87.72838666634264,2,8.133147,14.804142,20.200983,15.095746
882664c8cdfffff,41.869329258018205,-87.72838666634264,3,15.038983,18.409916,25.52807,20.777925
882664c8cdfffff,41.869329258018205,-87.72838666634264,4,29.960913,35.646255,27.645449,18.96017
882664c8cdfffff,41.869329258018205,-87.72838666634264,5,37.564804,50.155285,32.601757,23.142752
882664c8cdfffff,41.869329258018205,-87.72838666634264,6,42.930286,50.613644,31.545374,26.03745
882664c8cdfffff,41.869329258018205,-87.72838666634264,7,38.59683,50.1048,31.44754,23.302557
882664c8cdfffff,41.869329258018205,-87.72838666634264,8,31.045126,39.797737,28.24047,20.759596
882664c8cdfffff,41.869329258018205,-87.72838666634264,9,18.290655,23.825508,27.809383,19.53529
882664c8cdfffff,41.869329258018205,-87.72838666634264,10,8.844752,16.108723,20.741179,17.264269
882664c8cdfffff,41.869329258018205,-87.72838666634264,11,2.853286,13.156774,15.597245,10.2878475
882664c8cdfffff,41.869329258018205,-87.72838666634264,12,2.0680497,11.01601,15.18644,10.197164
882664c8d1fffff,41.84581884966664,-87.70270276292618,1,11.44278,20.358784,16.834684,11.563041
882664c8d1fffff,41.84581884966664,-87.70270276292618,2,17.522919,24.048994,22.405739,16.776094
882664c8d1fffff,41.84581884966664,-87.70270276292618,3,22.563627,27.081276,29.171167,24.239807
882664c8d1fffff,41.84581884966664,-87.70270276292618,4,40.37047,37.782665,35.23369,28.745472
882664c8d1fffff,41.84581884966664,-87.70270276292618,5,47.082794,53.545357,39.95471,31.40904
882664c8d1fffff,41.84581884966664,-87.70270276292618,6,53.486366,52.385998,39.892918,31.855597
882664c8d1fffff,41.84581884966664,-87.70270276292618,7,48.018494,51.666553,38.327736,29.067999
882664c8d1fffff,41.84581884966664,-87.70270276292618,8,44.329998,46.59209,35.61577,28.345934
882664c8d1fffff,41.84581884966664,-87.70270276292618,9,39.648773,37.10084,36.138836,25.83278
882664c8d1fffff,41.84581884966664,-87.70270276292618,10,22.888103,31.440165,25.353817,17.64662
882664c8d1fffff,41.84581884966664,-87.70270276292618,11,6.4463577,17.80686,19.610231,11.916426
882664c8d1fffff,41.84581884966664,-87.70270276292618,12,6.185462,14.879061,19.531855,11.370491
882664c8d3fffff,41.83832708735381,-87.69795359065716,1,16.96534,20.623554,12.808675,10.496425
882664c8d3fffff,41.83832708735381,-87.69795359065716,2,21.906818,19.641405,20.23887,16.641338
882664c8d3fffff,41.83832708735381,-87.69795359065716,3,26.745335,25.374844,26.137371,23.807432
882664c8d3fffff,41.83832708735381,-87.69795359065716,4,34.75049,36.861385,31.793886,24.224182
882664c8d3fffff,41.83832708735381,-87.69795359065716,5,37.537052,50.68279,35.443645,29.492352
882664c8d3fffff,41.83832708735381,-87.69795359065716,6,43.972603,48.033657,36.218445,30.93385
882664c8d3fffff,41.83832708735381,-87.69795359065716,7,38.706497,48.667168,34.78789,28.150036
882664c8d3fffff,41.83832708735381,-87.69795359065716,8,36.8959,38.77411,33.44026,27.074543
882664c8d3fffff,41.83832708735381,-87.69795359065716,9,27.207962,33.63022,31.956358,23.977287
882664c8d3fffff,41.83832708735381,-87.69795359065716,10,24.338913,20.450527,22.636965,19.744976
882664c8d3fffff,41.83832708735381,-87.69795359065716,11,16.301546,18.80352,16.687475,12.801755
882664c8d3fffff,41.83832708735381,-87.69795359065716,12,15.482845,15.502646,17.06471,12.410551
882664c8d5fffff,41.84685310028573,-87.71412477017631,1,14.737694,22.96572,18.045383,12.574423
882664c8d5fffff,41.84685310028573,-87.71412477017631,2,20.954058,25.028782,27.530312,20.066313
882664c8d5fffff,41.84685310028573,-87.71412477017631,3,24.523624,26.932596,31.87067,27.254194
882664c8d5fffff,41.84685310028573,-87.71412477017631,4,38.462162,35.71517,35.902836,30.89453
882664c8d5fffff,41.84685310028573,-87.71412477017631,5,43.685955,53.533096,39.436916,34.68349
882664c8d5fffff,41.84685310028573,-87.71412477017631,6,47.56101,51.685844,40.02957,34.67051
882664c8d5fffff,41.84685310028573,-87.71412477017631,7,42.46476,51.826164,37.94978,32.081966
882664c8d5fffff,41.84685310028573,-87.71412477017631,8,43.141476,43.43294,36.463997,30.604294
882664c8d5fffff,41.84685310028573,-87.71412477017631,9,40.158478,41.04908,36.557808,28.090252
882664c8d5fffff,41.84685310028573,-87.71412477017631,10,27.316029,30.750736,29.615854,20.100067
882664c8d5fffff,41.84685310028573,-87.71412477017631,11,10.987408,19.50709,20.378254,12.333003
882664c8d5fffff,41.84685310028573,-87.71412477017631,12,10.9074745,16.524426,20.08754,11.918975
882664c8d7fffff,41.8393618276901,-87.70937377479568,1,10.2055855,11.7239065,12.768976,10.586034
882664c8d7fffff,41.8393618276901,-87.70937377479568,2,17.151358,15.229727,19.28239,15.168141
882664c8d7fffff,41.8393618276901,-87.70937377479568,3,21.92203,16.813917,23.413885,19.303844
882664c8d7fffff,41.8393618276901,-87.70937377479568,4,43.175842,36.141037,27.845324,23.05395
882664c8d7fffff,41.8393618276901,-87.70937377479568,5,56.40601,47.871334,35.91112,26.355282
882664c8d7fffff,41.8393618276901,-87.70937377479568,6,58.34668,47.53636,37.68066,27.015326
882664c8d7fffff,41.8393618276901,-87.70937377479568,7,53.72513,48.424957,36.037495,24.771408
882664c8d7fffff,41.8393618276901,-87.70937377479568,8,48.01919,42.283237,31.303988,23.68241
882664c8d7fffff,41.8393618276901,-87.70937377479568,9,29.079327,20.280785,29.705523,18.923681
882664c8d7fffff,41.8393618276901,-87.70937377479568,10,18.303774,17.31024,24.139635,15.517601
882664c8d7fffff,41.8393618276901,-87.70937377479568,11,9.0813465,11.744214,16.385323,10.202592
882664c8d7fffff,41.8393618276901,-87.70937377479568,12,8.900532,9.561713,15.751449,9.671881
882664c8d9fffff,41.85227609359835,-87.69602977598967,1,16.460344,19.489288,14.6474495,13.675959
882664c8d9fffff,41.85227609359835,-87.69602977598967,2,24.676588,23.745424,26.537062,20.497374
882664c8d9fffff,41.85227609359835,-87.69602977598967,3,31.514318,26.268616,31.556114,28.677399
882664c8d9fffff,41.85227609359835,-87.69602977598967,4,36.33321,38.996765,36.78279,35.00395
882664c8d9fffff,41.85227609359835,-87.69602977598967,5,41.347706,55.24172,39.705364,36.774315
882664c8d9fffff,41.85227609359835,-87.69602977598967,6,47.21309,56.909824,42.638824,37.845505
882664c8d9fffff,41.85227609359835,-87.69602977598967,7,40.71566,53.924076,40.022614,34.819923
882664c8d9fffff,41.85227609359835,-87.69602977598967,8,40.22324,44.579815,39.241573,35.362545
882664c8d9fffff,41.85227609359835,-87.69602977598967,9,35.98892,33.749405,37.679047,29.088837
882664c8d9fffff,41.85227609359835,-87.69602977598967,10,27.793697,30.068398,31.0768,21.881882
882664c8d9fffff,41.85227609359835,-87.69602977598967,11,11.123327,16.169825,18.429224,13.547589
882664c8d9fffff,41.85227609359835,-87.69602977598967,12,10.70397,13.909732,17.914179,12.981127
882664c8dbfffff,41.84478345099569,-87.69128094341657,1,16.285341,23.74388,16.108156,10.805408
882664c8dbfffff,41.84478345099569,-87.69128094341657,2,20.812538,27.277822,22.46363,15.937979
882664c8dbfffff,41.84478345099569,-87.69128094341657,3,24.197636,30.20098,27.955145,23.905731
882664c8dbfffff,41.84478345099569,-87.69128094341657,4,33.75261,34.667217,31.95759,24.588114
882664c8dbfffff,41.84478345099569,-87.69128094341657,5,34.09858,42.105606,32.283314,25.49746
882664c8dbfffff,41.84478345099569,-87.69128094341657,6,39.586708,41.116894,34.45706,25.943186
882664c8dbfffff,41.84478345099569,-87.69128094341657,7,33.146954,40.917065,32.18163,24.476042
882664c8dbfffff,41.84478345099569,-87.69128094341657,8,35.799805,39.994946,31.080076,26.443027
882664c8dbfffff,41.84478345099569,-87.69128094341657,9,40.14947,40.43208,32.84021,24.823751
882664c8dbfffff,41.84478345099569,-87.69128094341657,10,25.78578,33.892773,23.872066,19.704395
882664c8dbfffff,41.84478345099569,-87.69128094341657,11,11.547609,20.865551,19.890015,13.073698
882664c8dbfffff,41.84478345099569,-87.69128094341657,12,10.581381,17.399439,20.369598,12.877474
882664c8ddfffff,41.85331100259599,-87.70745341935408,1,13.087744,17.395193,18.559212,11.397186
882664c8ddfffff,41.85331100259599,-87.70745341935408,2,20.365694,22.458757,24.544804,21.527466
882664c8ddfffff,41.85331100259599,-87.70745341935408,3,31.494383,26.930977,31.468805,27.075153
882664c8ddfffff,41.85331100259599,-87.70745341935408,4,56.369717,44.14933,35.54546,31.707006
882664c8ddfffff,41.85331100259599,-87.70745341935408,5,63.88131,70.464355,41.391846,35.658463
882664c8ddfffff,41.85331100259599,-87.70745341935408,6,67.05358,69.21336,42.958633,35.97598
882664c8ddfffff,41.85331100259599,-87.70745341935408,7,61.344604,68.94512,40.232864,33.30435
882664c8ddfffff,41.85331100259599,-87.70745341935408,8,58.19782,49.29529,38.873363,32.29819
882664c8ddfffff,41.85331100259599,-87.70745341935408,9,41.203278,33.226227,37.776535,29.933388
882664c8ddfffff,41.85331100259599,-87.70745341935408,10,22.198317,26.745409,29.534649,22.651213
882664c8ddfffff,41.85331100259599,-87.70745341935408,11,10.0012665,16.83891,21.327227,11.736227
882664c8ddfffff,41.85331100259599,-87.70745341935408,12,8.7673855,14.001876,20.987825,11.120142
882664ca01fffff,41.93912422768293,-87.7187961500189,1,14.684509,21.08953,15.562839,11.92232
882664ca01fffff,41.93912422768293,-87.7187961500189,2,19.716902,24.500538,25.70738,19.168198
882664ca01fffff,41.93912422768293,-87.7187961500189,3,25.366346,27.141426,30.702728,26.429434
882664ca01fffff,41.93912422768293,-87.7187961500189,4,39.14645,37.50482,35.20432,27.947104
882664ca01fffff,41.93912422768293,-87.7187961500189,5,47.364147,51.86848,38.31958,31.618395
882664ca01fffff,41.93912422768293,-87.7187961500189,6,52.160625,49.873177,38.386837,31.7697
882664ca01fffff,41.93912422768293,-87.7187961500189,7,48.277817,51.467754,36.704132,29.36838
882664ca01fffff,41.93912422768293,-87.7187961500189,8,42.83746,43.361485,34.930862,28.555542
882664ca01fffff,41.93912422768293,-87.7187961500189,9,35.203533,36.670483,36.32739,26.474298
882664ca01fffff,41.93912422768293,-87.7187961500189,10,22.879452,25.217346,26.525488,19.773506
882664ca01fffff,41.93912422768293,-87.7187961500189,11,13.345827,20.013845,17.677284,11.736992
882664ca01fffff,41.93912422768293,-87.7187961500189,12,12.480482,16.037607,17.381836,11.39416
882664ca03fffff,41.93162544380426,-87.71403495219077,1,13.032146,20.329874,13.865147,12.649468
882664ca03fffff,41.93162544380426,-87.71403495219077,2,19.582468,23.069118,24.912704,19.022429
882664ca03fffff,41.93162544380426,-87.71403495219077,3,27.34148,28.39772,29.00516,27.404272
882664ca03fffff,41.93162544380426,-87.71403495219077,4,33.4614,35.388172,33.566216,28.98409
882664ca03fffff,41.93162544380426,-87.71403495219077,5,43.164608,55.156475,39.38515,32.665474
882664ca03fffff,41.93162544380426,-87.71403495219077,6,47.787117,53.1384,40.62764,33.320652
882664ca03fffff,41.93162544380426,-87.71403495219077,7,41.236553,54.33579,37.55891,30.562078
882664ca03fffff,41.93162544380426,-87.71403495219077,8,35.34459,41.541977,32.73983,29.141834
882664ca03fffff,41.93162544380426,-87.71403495219077,9,24.047571,34.024387,30.80832,25.902704
882664ca03fffff,41.93162544380426,-87.71403495219077,10,19.99522,27.346899,26.231512,19.800692
882664ca03fffff,41.93162544380426,-87.71403495219077,11,11.844938,20.211964,16.344463,12.507465
882664ca03fffff,41.93162544380426,-87.71403495219077,12,11.40419,16.979803,16.397549,12.326467
882664ca05fffff,41.94015669172439,-87.73024115664168,1,8.896135,16.071419,16.797918,11.26112
882664ca05fffff,41.94015669172439,-87.73024115664168,2,16.344332,17.821709,25.027355,23.146273
882664ca05fffff,41.94015669172439,-87.73024115664168,3,25.28825,23.566021,31.663307,30.420351
882664ca05fffff,41.94015669172439,-87.73024115664168,4,30.72202,30.958508,34.639503,30.749613
882664ca05fffff,41.94015669172439,-87.73024115664168,5,39.851433,52.275776,39.409355,35.227024
882664ca05fffff,41.94015669172439,-87.73024115664168,6,42.576103,53.676823,40.007896,35.25354
882664ca05fffff,41.94015669172439,-87.73024115664168,7,37.195633,51.6055,37.560135,32.65521
882664ca05fffff,41.94015669172439,-87.73024115664168,8,33.730354,38.561554,34.052883,30.030516
882664ca05fffff,41.94015669172439,-87.73024115664168,9,25.46304,29.780975,32.48064,27.225054
882664ca05fffff,41.94015669172439,-87.73024115664168,10,19.567833,24.648788,25.79046,22.03593
882664ca05fffff,41.94015669172439,-87.73024115664168,11,7.5531597,16.587345,18.602257,10.903623
882664ca05fffff,41.94015669172439,-87.73024115664168,12,7.1046877,14.1260805,18.262856,10.395505
882664ca07fffff,41.93265840069522,-87.72547812888828,1,13.263824,20.184553,14.072451,14.614447
882664ca07fffff,41.93265840069522,-87.72547812888828,2,17.902283,22.245047,24.558386,19.83436
882664ca07fffff,41.93265840069522,-87.72547812888828,3,23.603985,27.53171,29.535353,26.680225
882664ca07fffff,41.93265840069522,-87.72547812888828,4,32.653004,40.597565,34.418568,28.741425
882664ca07fffff,41.93265840069522,-87.72547812888828,5,43.09883,60.212307,39.457703,32.707195
882664ca07fffff,41.93265840069522,-87.72547812888828,6,49.11355,57.639412,40.269073,33.255184
882664ca07fffff,41.93265840069522,-87.72547812888828,7,43.468796,59.677116,38.084274,30.16914
882664ca07fffff,41.93265840069522,-87.72547812888828,8,38.106514,47.21594,33.92036,29.460867
882664ca07fffff,41.93265840069522,-87.72547812888828,9,22.89261,35.46974,33.541664,26.037601
882664ca07fffff,41.93265840069522,-87.72547812888828,10,20.114561,24.992802,25.81596,20.500095
882664ca07fffff,41.93265840069522,-87.72547812888828,11,12.390184,20.057549,16.18952,14.115339
882664ca07fffff,41.93265840069522,-87.72547812888828,12,11.524836,16.916222,16.22849,13.934339
882664ca09fffff,41.94559027423408,-87.71211218843618,1,9.335588,19.248285,14.813498,13.000115
882664ca09fffff,41.94559027423408,-87.71211218843618,2,14.645128,20.303606,24.896223,19.429033
882664ca09fffff,41.94559027423408,-87.71211218843618,3,19.840666,24.950274,30.026735,26.0234
882664ca09fffff,41.94559027423408,-87.71211218843618,4,33.05629,33.775356,35.43025,26.897596
882664ca09fffff,41.94559027423408,-87.71211218843618,5,42.96898,53.7873,38.190937,30.47427
882664ca09fffff,41.94559027423408,-87.71211218843618,6,49.25641,51.311085,39.08948,30.639011
882664ca09fffff,41.94559027423408,-87.71211218843618,7,43.228336,53.387077,37.148975,28.965006
882664ca09fffff,41.94559027423408,-87.71211218843618,8,36.420338,40.591682,35.617496,27.870564
882664ca09fffff,41.94559027423408,-87.71211218843618,9,22.596466,30.383863,34.709225,24.22671
882664ca09fffff,41.94559027423408,-87.71211218843618,10,15.363905,23.829483,26.377663,20.80821
882664ca09fffff,41.94559027423408,-87.71211218843618,11,8.351337,18.776833,17.178553,13.732069
882664ca09fffff,41.94559027423408,-87.71211218843618,12,7.4859886,15.50441,17.28744,13.535845
882664ca0bfffff,41.938090610519325,-87.70735133060705,1,14.461907,21.997078,12.93528,12.629974
882664ca0bfffff,41.938090610519325,-87.70735133060705,2,19.732311,25.586569,23.131638,18.091587
882664ca0bfffff,41.938090610519325,-87.70735133060705,3,22.235872,26.922419,27.143127,25.869408
882664ca0bfffff,41.938090610519325,-87.70735133060705,4,29.398956,39.30723,30.66909,30.947006
882664ca0bfffff,41.938090610519325,-87.70735133060705,5,39.306084,51.119667,35.408463,31.635061
882664ca0bfffff,41.938090610519325,-87.70735133060705,6,43.91639,49.45138,37.106533,32.715405
882664ca0bfffff,41.938090610519325,-87.70735133060705,7,39.214687,49.94971,35.42443,30.018637
882664ca0bfffff,41.938090610519325,-87.70735133060705,8,36.444736,47.130768,31.768007,30.559994
882664ca0bfffff,41.938090610519325,-87.70735133060705,9,31.633028,38.936474,31.89167,25.863457
882664ca0bfffff,41.938090610519325,-87.70735133060705,10,24.494926,31.158913,26.562996,19.620668
882664ca0bfffff,41.938090610519325,-87.70735133060705,11,11.072862,18.389435,16.97993,12.971071
882664ca0bfffff,41.938090610519325,-87.70735133060705,12,10.921163,14.600937,16.450779,12.531083
882664ca0dfffff,41.94662339859198,-87.72355883852109,1,12.043828,16.035112,15.030548,10.980159
882664ca0dfffff,41.94662339859198,-87.72355883852109,2,18.189806,18.197702,21.56549,17.908585
882664ca0dfffff,41.94662339859198,-87.72355883852109,3,23.899885,22.647135,25.784435,23.45772
882664ca0dfffff,41.94662339859198,-87.72355883852109,4,35.28106,28.945024,31.189985,27.759777
882664ca0dfffff,41.94662339859198,-87.72355883852109,5,45.853413,45.338837,35.280643,30.843323
882664ca0dfffff,41.94662339859198,-87.72355883852109,6,50.36658,44.014687,36.86306,32.31367
882664ca0dfffff,41.94662339859198,-87.72355883852109,7,45.127777,45.846,35.747555,29.358791
882664ca0dfffff,41.94662339859198,-87.72355883852109,8,40.447506,35.285686,33.755764,29.236773
882664ca0dfffff,41.94662339859198,-87.72355883852109,9,25.997736,22.954819,30.67092,24.512978
882664ca0dfffff,41.94662339859198,-87.72355883852109,10,20.58396,20.909563,24.704695,19.233995
882664ca0dfffff,41.94662339859198,-87.72355883852109,11,10.428582,15.0806675,17.718388,11.660986
882664ca0dfffff,41.94662339859198,-87.72355883852109,12,10.104768,12.31558,17.444458,11.321953
882664ca11fffff,41.92309244567551,-87.69783408505538,1,12.063391,17.120054,15.123919,9.024929
882664ca11fffff,41.92309244567551,-87.69783408505538,2,18.302221,18.499664,23.904806,16.617146
882664ca11fffff,41.92309244567551,-87.69783408505538,3,27.025517,23.011204,29.257565,22.840355
882664ca11fffff,41.92309244567551,-87.69783408505538,4,36.685272,28.712597,32.277233,23.340168
882664ca11fffff,41.92309244567551,-87.69783408505538,5,41.754955,48.647625,35.074055,27.734507
882664ca11fffff,41.92309244567551,-87.69783408505538,6,46.764717,49.834694,34.879707,27.63812
882664ca11fffff,41.92309244567551,-87.69783408505538,7,41.403915,47.743374,32.600277,25.405586
882664ca11fffff,41.92309244567551,-87.69783408505538,8,38.83161,34.686604,31.922167,24.214893
882664ca11fffff,41.92309244567551,-87.69783408505538,9,27.235369,29.254436,30.29249,21.089287
882664ca11fffff,41.92309244567551,-87.69783408505538,10,20.334982,23.059301,24.400063,17.596806
882664ca11fffff,41.92309244567551,-87.69783408505538,11,10.337105,16.548958,15.993479,9.254804
882664ca11fffff,41.92309244567551,-87.69783408505538,12,9.989515,13.705173,16.317564,9.06401
882664ca13fffff,41.91559394532593,-87.69307769606522,1,12.739237,24.178923,14.447385,12.689617
882664ca13fffff,41.91559394532593,-87.69307769606522,2,16.384945,26.325571,24.54754,17.49953
882664ca13fffff,41.91559394532593,-87.69307769606522,3,20.38806,28.35193,30.054737,24.705902
882664ca13fffff,41.91559394532593,-87.69307769606522,4,31.244047,43.024277,35.231358,27.548004
882664ca13fffff,41.91559394532593,-87.69307769606522,5,41.586056,58.62448,40.652126,31.043777
882664ca13fffff,41.91559394532593,-87.69307769606522,6,47.600773,56.330338,41.18662,31.200357
882664ca13fffff,41.91559394532593,-87.69307769606522,7,42.09505,56.826782,38.09055,27.565851
882664ca13fffff,41.91559394532593,-87.69307769606522,8,37.155777,50.192936,35.03067,26.369442
882664ca13fffff,41.91559394532593,-87.69307769606522,9,33.328735,45.19635,35.894978,23.71698
882664ca13fffff,41.91559394532593,-87.69307769606522,10,21.99809,31.844494,26.238382,17.83092
882664ca13fffff,41.91559394532593,-87.69307769606522,11,9.405766,20.961164,16.551094,12.594306
882664ca13fffff,41.91559394532593,-87.69307769606522,12,8.540419,16.932865,16.792137,12.601185
882664ca15fffff,41.92412704734601,-87.70927524440266,1,14.945316,19.04485,15.459296,15.051491
882664ca15fffff,41.92412704734601,-87.70927524440266,2,24.191307,21.787987,26.703142,22.583786
882664ca15fffff,41.92412704734601,-87.70927524440266,3,34.34819,27.528265,31.801485,31.006395
882664ca15fffff,41.92412704734601,-87.70927524440266,4,47.13501,40.948906,37.185524,34.833874
882664ca15fffff,41.92412704734601,-87.70927524440266,5,52.46121,64.387184,39.64011,38.797634
882664ca15fffff,41.92412704734601,-87.70927524440266,6,57.56786,61.6684,39.752583,38.96616
882664ca15fffff,41.92412704734601,-87.70927524440266,7,51.41825,63.488487,38.06066,36.915607
882664ca15fffff,41.92412704734601,-87.70927524440266,8,48.78335,46.68243,36.563114,36.237816
882664ca15fffff,41.92412704734601,-87.70927524440266,9,36.413807,39.340187,35.246704,32.71216
882664ca15fffff,41.92412704734601,-87.70927524440266,10,25.67284,26.16827,28.14755,23.515797
882664ca15fffff,41.92412704734601,-87.70927524440266,11,13.333292,18.913576,17.42974,15.157672
882664ca15fffff,41.92412704734601,-87.70927524440266,12,12.744167,16.372303,17.187664,14.626963
882664ca17fffff,41.91662903869792,-87.70451702602088,1,16.727896,20.380373,13.86253,12.727845
882664ca17fffff,41.91662903869792,-87.70451702602088,2,26.118286,22.958233,23.473513,18.313084
882664ca17fffff,41.91662903869792,-87.70451702602088,3,35.88373,27.713924,29.388409,25.893
882664ca17fffff,41.91662903869792,-87.70451702602088,4,39.57103,37.228344,31.41035,28.143852
882664ca17fffff,41.91662903869792,-87.70451702602088,5,44.183586,58.733986,35.07396,31.521425
882664ca17fffff,41.91662903869792,-87.70451702602088,6,50.210506,57.124695,35.816093,32.6596
882664ca17fffff,41.91662903869792,-87.70451702602088,7,43.63661,56.85086,33.0842,29.316683
882664ca17fffff,41.91662903869792,-87.70451702602088,8,42.0764,43.458286,31.471619,27.9026
882664ca17fffff,41.91662903869792,-87.70451702602088,9,41.20898,40.186268,31.780096,25.31233
882664ca17fffff,41.91662903869792,-87.70451702602088,10,31.305222,30.54865,25.351288,18.158869
882664ca17fffff,41.91662903869792,-87.70451702602088,11,12.482648,17.025112,15.802143,12.332694
882664ca17fffff,41.91662903869792,-87.70451702602088,12,11.961824,14.6381,16.204348,12.339575
882664ca19fffff,41.92955607196146,-87.69114916229852,1,6.5714855,17.811527,13.6998,11.376122
882664ca19fffff,41.92955607196146,-87.69114916229852,2,12.328636,19.646996,23.805079,16.241903
882664ca19fffff,41.92955607196146,-87.69114916229852,3,17.083963,25.31161,28.752962,22.399818
882664ca19fffff,41.92955607196146,-87.69114916229852,4,30.52575,38.72055,32.793198,24.188091
882664ca19fffff,41.92955607196146,-87.69114916229852,5,39.872627,55.41838,38.42213,27.355675
882664ca19fffff,41.92955607196146,-87.69114916229852,6,44.361664,53.703754,38.87162,27.987513
882664ca19fffff,41.92955607196146,-87.69114916229852,7,38.838184,55.320915,37.133373,25.108156
882664ca19fffff,41.92955607196146,-87.69114916229852,8,34.375477,45.72108,32.587902,25.388186
882664ca19fffff,41.92955607196146,-87.69114916229852,9,20.34791,29.614704,32.074936,21.63649
882664ca19fffff,41.92955607196146,-87.69114916229852,10,15.391943,22.690434,25.567926,17.381628
882664ca19fffff,41.92955607196146,-87.69114916229852,11,5.5111885,18.389807,16.5358,10.442609
882664ca19fffff,41.92955607196146,-87.69114916229852,12,4.544959,15.072768,16.587715,10.44949
882664ca1bfffff,41.92205669177642,-87.68639311446763,1,10.312939,21.006575,17.071804,12.793545
882664ca1bfffff,41.92205669177642,-87.68639311446763,2,17.475367,23.776545,28.564053,21.08358
882664ca1bfffff,41.92205669177642,-87.68639311446763,3,23.626003,30.65033,34.966244,29.217588
882664ca1bfffff,41.92205669177642,-87.68639311446763,4,38.543488,41.803326,40.18538,33.20705
882664ca1bfffff,41.92205669177642,-87.68639311446763,5,45.764347,60.485394,44.287292,35.070824
882664ca1bfffff,41.92205669177642,-87.68639311446763,6,52.38418,58.527153,44.974503,35.98315
882664ca1bfffff,41.92205669177642,-87.68639311446763,7,45.75099,59.497807,42.754135,32.559875
882664ca1bfffff,41.92205669177642,-87.68639311446763,8,43.007706,48.456184,39.615566,32.821236
882664ca1bfffff,41.92205669177642,-87.68639311446763,9,33.406536,36.641613,39.671955,29.129406
882664ca1bfffff,41.92205669177642,-87.68639311446763,10,19.988493,27.085894,30.001278,21.656048
882664ca1bfffff,41.92205669177642,-87.68639311446763,11,9.055977,20.552013,19.34773,12.7923975
882664ca1bfffff,41.92205669177642,-87.68639311446763,12,8.87516,17.23872,18.909964,12.378369
882664ca1dfffff,41.93059133420319,-87.70259196302476,1,8.258905,17.460993,15.192365,11.720794
882664ca1dfffff,41.93059133420319,-87.70259196302476,2,15.501003,20.340162,24.596428,17.370583
882664ca1dfffff,41.93059133420319,-87.70259196302476,3,24.111824,27.534492,30.648006,24.70656
882664ca1dfffff,41.93059133420319,-87.70259196302476,4,30.001417,40.25497,34.95511,26.638348
882664ca1dfffff,41.93059133420319,-87.70259196302476,5,35.328045,60.26858,37.976223,29.734484
882664ca1dfffff,41.93059133420319,-87.70259196302476,6,41.933178,61.385307,38.290913,30.104109
882664ca1dfffff,41.93059133420319,-87.70259196302476,7,35.02127,59.33079,36.10396,27.107683
882664ca1dfffff,41.93059133420319,-87.70259196302476,8,31.85327,46.743523,33.93194,28.068407
882664ca1dfffff,41.93059133420319,-87.70259196302476,9,23.580383,34.85871,33.396114,24.311409
882664ca1dfffff,41.93059133420319,-87.70259196302476,10,17.804367,25.503336,24.736128,18.026535
882664ca1dfffff,41.93059133420319,-87.70259196302476,11,7.0075684,18.108622,16.759521,10.6923485
882664ca1dfffff,41.93059133420319,-87.70259196302476,12,6.5591,15.185591,17.056854,10.572753
882664ca21fffff,41.93472085607021,-87.74836504124451,1,9.922295,18.060806,17.893204,12.394986
882664ca21fffff,41.93472085607021,-87.74836504124451,2,16.392082,21.326565,27.867395,20.130877
882664ca21fffff,41.93472085607021,-87.74836504124451,3,22.296896,27.527266,32.83535,28.579533
882664ca21fffff,41.93472085607021,-87.74836504124451,4,38.890556,42.145733,40.024925,32.573364
882664ca21fffff,41.93472085607021,-87.74836504124451,5,48.118786,60.63351,43.61799,35.26005
882664ca21fffff,41.93472085607021,-87.74836504124451,6,54.54948,58.81825,44.026257,35.34038
882664ca21fffff,41.93472085607021,-87.74836504124451,7,48.8587,60.699467,42.56646,33.35983
882664ca21fffff,41.93472085607021,-87.74836504124451,8,43.80217,48.837063,39.57369,33.28891
882664ca21fffff,41.93472085607021,-87.74836504124451,9,32.61837,33.462025,40.48033,30.385006
882664ca21fffff,41.93472085607021,-87.74836504124451,10,18.967062,23.60541,29.279425,21.4334
882664ca21fffff,41.93472085607021,-87.74836504124451,11,9.406923,17.405869,20.866886,12.685382
882664ca21fffff,41.93472085607021,-87.74836504124451,12,8.440695,13.669103,20.439278,12.139447
882664ca23fffff,41.92722393829131,-87.74359984592367,1,10.673935,18.241037,12.562322,11.77692
882664ca23fffff,41.92722393829131,-87.74359984592367,2,15.009197,18.051662,21.401714,17.517748
882664ca23fffff,41.92722393829131,-87.74359984592367,3,16.833225,18.704323,25.13668,21.971434
882664ca23fffff,41.92722393829131,-87.74359984592367,4,23.855736,24.011513,26.362062,23.795479
882664ca23fffff,41.92722393829131,-87.74359984592367,5,32.8452,38.475254,30.670918,26.16395
882664ca23fffff,41.92722393829131,-87.74359984592367,6,37.22418,37.353207,31.830887,26.011183
882664ca23fffff,41.92722393829131,-87.74359984592367,7,32.254784,39.55923,29.7803,24.047487
882664ca23fffff,41.92722393829131,-87.74359984592367,8,28.27481,32.770386,26.356218,23.948261
882664ca23fffff,41.92722393829131,-87.74359984592367,9,17.109245,22.214441,24.790962,19.421488
882664ca23fffff,41.92722393829131,-87.74359984592367,10,16.147572,22.524193,22.931282,17.829414
882664ca23fffff,41.92722393829131,-87.74359984592367,11,9.504133,17.794498,14.869717,11.999073
882664ca23fffff,41.92722393829131,-87.74359984592367,12,9.424198,15.110731,15.070126,11.876931
882664ca25fffff,41.93575035441669,-87.75980877508633,1,14.489164,20.644783,16.595736,13.159141
882664ca25fffff,41.93575035441669,-87.75980877508633,2,20.722904,22.31916,28.475689,21.752926
882664ca25fffff,41.93575035441669,-87.75980877508633,3,24.674631,25.828445,34.763035,27.745968
882664ca25fffff,41.93575035441669,-87.75980877508633,4,43.602917,40.68836,41.454334,33.715626
882664ca25fffff,41.93575035441669,-87.75980877508633,5,52.00009,60.39942,47.406853,38.488136
882664ca25fffff,41.93575035441669,-87.75980877508633,6,58.01481,58.028934,48.05416,39.650425
882664ca25fffff,41.93575035441669,-87.75980877508633,7,51.99181,59.77924,46.039642,36.324276
882664ca25fffff,41.93575035441669,-87.75980877508633,8,46.760105,47.492393,43.94376,34.980392
882664ca25fffff,41.93575035441669,-87.75980877508633,9,30.163807,32.86753,42.346493,30.660421
882664ca25fffff,41.93575035441669,-87.75980877508633,10,21.60205,25.566317,32.165833,22.823826
882664ca25fffff,41.93575035441669,-87.75980877508633,11,13.44747,20.12826,19.196423,14.261406
882664ca25fffff,41.93575035441669,-87.75980877508633,12,12.3797035,15.793418,18.657001,13.938099
882664ca27fffff,41.92825393035422,-87.75504175123056,1,9.1904125,16.460476,14.56951,9.700357
882664ca27fffff,41.92825393035422,-87.75504175123056,2,16.293139,16.434881,23.18761,15.419304
882664ca27fffff,41.92825393035422,-87.75504175123056,3,22.092457,19.214468,28.9932,21.818169
882664ca27fffff,41.92825393035422,-87.75504175123056,4,32.613125,30.129229,34.06137,26.37319
882664ca27fffff,41.92825393035422,-87.75504175123056,5,39.385532,50.289146,37.74141,29.994196
882664ca27fffff,41.92825393035422,-87.75504175123056,6,46.455112,51.08768,38.78645,31.88702
882664ca27fffff,41.92825393035422,-87.75504175123056,7,39.21611,48.640003,36.269905,28.327396
882664ca27fffff,41.92825393035422,-87.75504175123056,8,34.389027,34.4325,37.131622,28.155167
882664ca27fffff,41.92825393035422,-87.75504175123056,9,21.339325,23.548027,35.795162,24.445873
882664ca27fffff,41.92825393035422,-87.75504175123056,10,16.56433,19.680166,26.638977,17.88287
882664ca27fffff,41.92825393035422,-87.75504175123056,11,8.353889,15.146494,15.988132,11.866021
882664ca27fffff,41.92825393035422,-87.75504175123056,12,7.220888,12.800756,16.312214,11.675229
882664ca29fffff,41.94118800257466,-87.74168634956658,1,12.317377,14.622648,14.776221,13.0245905
882664ca29fffff,41.94118800257466,-87.74168634956658,2,18.029543,19.14997,26.656036,22.655313
882664ca29fffff,41.94118800257466,-87.74168634956658,3,24.284273,22.458517,32.249573,29.727428
882664ca29fffff,41.94118800257466,-87.74168634956658,4,38.75034,35.304176,37.798206,33.52052
882664ca29fffff,41.94118800257466,-87.74168634956658,5,45.67828,50.006416,41.023075,37.0847
882664ca29fffff,41.94118800257466,-87.74168634956658,6,50.474762,47.87605,42.189667,38.81658
882664ca29fffff,41.94118800257466,-87.74168634956658,7,46.76044,50.094196,40.94772,36.148735
882664ca29fffff,41.94118800257466,-87.74168634956658,8,44.40458,40.989616,39.698994,35.521603
882664ca29fffff,41.94118800257466,-87.74168634956658,9,31.551916,30.24207,39.410423,32.47297
882664ca29fffff,41.94118800257466,-87.74168634956658,10,21.219952,21.0925,29.798365,23.972538
882664ca29fffff,41.94118800257466,-87.74168634956658,11,11.605263,14.415789,17.957783,13.419764
882664ca29fffff,41.94118800257466,-87.74168634956658,12,10.617577,11.894499,17.662338,13.076934
882664ca2bfffff,41.93369020480685,-87.736921492209,1,12.273264,20.063171,12.837897,11.6289215
882664ca2bfffff,41.93369020480685,-87.736921492209,2,16.646036,22.107891,23.9393,16.917416
882664ca2bfffff,41.93369020480685,-87.736921492209,3,20.272642,23.382715,29.957346,23.111923
882664ca2bfffff,41.93369020480685,-87.736921492209,4,30.601164,35.880802,34.874718,26.838276
882664ca2bfffff,41.93369020480685,-87.736921492209,5,37.93561,51.331085,41.664516,31.123125
882664ca2bfffff,41.93369020480685,-87.736921492209,6,43.950325,48.425766,42.64108,31.903835
882664ca2bfffff,41.93369020480685,-87.736921492209,7,38.444603,50.629906,40.036587,28.867224
882664ca2bfffff,41.93369020480685,-87.736921492209,8,34.872185,43.10277,36.19744,28.107197
882664ca2bfffff,41.93369020480685,-87.736921492209,9,23.677872,34.46717,35.61789,24.001637
882664ca2bfffff,41.93369020480685,-87.736921492209,10,19.832554,25.31894,26.17221,18.369608
882664ca2bfffff,41.93369020480685,-87.736921492209,11,11.226946,19.735323,15.431987,12.389254
882664ca2bfffff,41.93369020480685,-87.736921492209,12,10.281517,17.020275,15.571377,12.396132
882664ca2dfffff,41.94221816016493,-87.75313172788479,1,15.702988,23.227526,15.10278,15.505294
882664ca2dfffff,41.94221816016493,-87.75313172788479,2,22.974607,22.772467,27.306961,21.309044
882664ca2dfffff,41.94221816016493,-87.75313172788479,3,25.988958,24.79832,34.088318,26.148407
882664ca2dfffff,41.94221816016493,-87.75313172788479,4,43.37289,46.07875,38.422577,31.005997
882664ca2dfffff,41.94221816016493,-87.75313172788479,5,54.062157,60.868603,41.634464,35.862595
882664ca2dfffff,41.94221816016493,-87.75313172788479,6,59.9556,59.396805,41.39896,37.361763
882664ca2dfffff,41.94221816016493,-87.75313172788479,7,53.891277,60.05379,40.158474,33.682896
882664ca2dfffff,41.94221816016493,-87.75313172788479,8,47.52413,49.768925,40.38705,32.257317
882664ca2dfffff,41.94221816016493,-87.75313172788479,9,34.642586,35.978043,38.80422,28.27613
882664ca2dfffff,41.94221816016493,-87.75313172788479,10,23.067398,27.120974,31.118534,23.74438
882664ca2dfffff,41.94221816016493,-87.75313172788479,11,14.498682,22.591457,17.477337,15.9366455
882664ca2dfffff,41.94221816016493,-87.75313172788479,12,13.324602,19.439163,17.239227,15.845961
882664ca31fffff,41.91869576971345,-87.72739624953994,1,10.931437,21.24505,18.308367,10.875142
882664ca31fffff,41.91869576971345,-87.72739624953994,2,15.0780735,24.720587,27.326864,18.084135
882664ca31fffff,41.91869576971345,-87.72739624953994,3,17.871721,26.224157,32.0977,24.290678
882664ca31fffff,41.91869576971345,-87.72739624953994,4,33.01837,36.73771,36.471287,27.125738
882664ca31fffff,41.91869576971345,-87.72739624953994,5,41.189873,56.228283,41.22319,30.323202
882664ca31fffff,41.91869576971345,-87.72739624953994,6,47.691044,54.435726,41.130306,30.752428
882664ca31fffff,41.91869576971345,-87.72739624953994,7,41.279102,54.85226,39.44761,27.81226
882664ca31fffff,41.91869576971345,-87.72739624953994,8,36.253933,42.44193,37.721336,27.475054
882664ca31fffff,41.91869576971345,-87.72739624953994,9,25.383484,37.169502,38.535404,25.056128
882664ca31fffff,41.91869576971345,-87.72739624953994,10,17.917715,25.204325,30.0138,18.681784
882664ca31fffff,41.91869576971345,-87.72739624953994,11,9.194473,19.57532,20.385231,10.906514
882664ca31fffff,41.91869576971345,-87.72739624953994,12,8.329126,15.746203,19.947464,10.492486
882664ca33fffff,41.91119913316773,-87.72263586296117,1,9.622916,12.799437,17.354666,8.893477
882664ca33fffff,41.91119913316773,-87.72263586296117,2,16.805874,17.189646,20.438873,16.786064
882664ca33fffff,41.91119913316773,-87.72263586296117,3,28.388283,21.134083,27.56704,21.920746
882664ca33fffff,41.91119913316773,-87.72263586296117,4,34.629025,31.260664,31.684603,26.349115
882664ca33fffff,41.91119913316773,-87.72263586296117,5,46.908928,55.179707,38.733074,31.132364
882664ca33fffff,41.91119913316773,-87.72263586296117,6,51.835133,57.450428,39.91017,31.753637
882664ca33fffff,41.91119913316773,-87.72263586296117,7,43.91402,54.50961,37.92607,29.16921
882664ca33fffff,41.91119913316773,-87.72263586296117,8,36.513508,37.66631,34.456566,26.37232
882664ca33fffff,41.91119913316773,-87.72263586296117,9,24.412315,25.847385,32.812874,24.117445
882664ca33fffff,41.91119913316773,-87.72263586296117,10,19.223852,21.219187,23.416672,16.821022
882664ca33fffff,41.91119913316773,-87.72263586296117,11,6.968245,12.625833,19.276943,8.935036
882664ca33fffff,41.91119913316773,-87.72263586296117,12,5.562249,9.121184,19.440468,8.815439
882664ca35fffff,41.9197274072184,-87.73883614128842,1,12.241657,16.328094,15.0676365,14.188201
882664ca35fffff,41.9197274072184,-87.73883614128842,2,17.66274,19.613922,23.85625,20.801113
882664ca35fffff,41.9197274072184,-87.73883614128842,3,23.464468,25.039192,29.945436,25.358923
882664ca35fffff,41.9197274072184,-87.73883614128842,4,38.004036,41.594814,33.499416,26.226753
882664ca35fffff,41.9197274072184,-87.73883614128842,5,47.769928,62.30795,39.681282,31.54083
882664ca35fffff,41.9197274072184,-87.73883614128842,6,53.05286,60.259167,41.208157,33.82927
882664ca35fffff,41.9197274072184,-87.73883614128842,7,48.84199,61.66151,39.09088,29.690144
882664ca35fffff,41.9197274072184,-87.73883614128842,8,43.122875,48.610653,35.22508,27.3373
882664ca35fffff,41.9197274072184,-87.73883614128842,9,26.446142,33.732204,33.957546,24.359821
882664ca35fffff,41.9197274072184,-87.73883614128842,10,19.385332,21.643002,26.672039,21.38436
882664ca35fffff,41.9197274072184,-87.73883614128842,11,10.949352,15.901427,18.2694,14.3580675
882664ca35fffff,41.9197274072184,-87.73883614128842,12,10.003923,13.430797,17.670233,13.859745
882664ca37fffff,41.9122312632414,-87.73407392670522,1,12.689967,18.958832,9.265898,8.334968
882664ca37fffff,41.9122312632414,-87.73407392670522,2,16.894705,20.9862,15.190324,11.358538
882664ca37fffff,41.9122312632414,-87.73407392670522,3,19.905466,23.297691,20.268269,17.991287
882664ca37fffff,41.9122312632414,-87.73407392670522,4,26.273981,31.968182,21.872623,20.96799
882664ca37fffff,41.9122312632414,-87.73407392670522,5,37.994762,42.597706,28.162598,21.772936
882664ca37fffff,41.9122312632414,-87.73407392670522,6,42.655796,42.40805,30.498459,23.150795
882664ca37fffff,41.9122312632414,-87.73407392670522,7,38.27612,42.788944,27.954676,19.739851
882664ca37fffff,41.9122312632414,-87.73407392670522,8,33.709732,40.294205,23.181393,19.696568
882664ca37fffff,41.9122312632414,-87.73407392670522,9,31.014921,33.208237,24.452942,15.613857
882664ca37fffff,41.9122312632414,-87.73407392670522,10,22.128801,26.229042,19.611103,12.427724
882664ca37fffff,41.9122312632414,-87.73407392670522,11,9.146077,14.88244,13.014575,8.664912
882664ca37fffff,41.9122312632414,-87.73407392670522,12,8.822263,12.285857,13.475751,8.613971
882664ca39fffff,41.92516049671833,-87.72071659160173,1,5.8493433,12.518527,14.474037,8.807614
882664ca39fffff,41.92516049671833,-87.72071659160173,2,13.17827,15.849618,18.187836,15.102469
882664ca39fffff,41.92516049671833,-87.72071659160173,3,21.877033,21.699766,24.295492,20.535524
882664ca39fffff,41.92516049671833,-87.72071659160173,4,25.73754,25.347578,28.05554,24.150183
882664ca39fffff,41.92516049671833,-87.72071659160173,5,36.0431,47.569805,32.25734,28.298195
882664ca39fffff,41.92516049671833,-87.72071659160173,6,40.850266,48.529354,33.09476,28.111404
882664ca39fffff,41.92516049671833,-87.72071659160173,7,33.723267,46.19029,30.972042,26.219728
882664ca39fffff,41.92516049671833,-87.72071659160173,8,28.39876,30.90076,27.443897,24.002943
882664ca39fffff,41.92516049671833,-87.72071659160173,9,18.419016,23.747082,26.22959,21.166176
882664ca39fffff,41.92516049671833,-87.72071659160173,10,15.771757,21.479933,19.279047,15.492008
882664ca39fffff,41.92516049671833,-87.72071659160173,11,4.7042513,12.740857,16.644226,9.119824
882664ca39fffff,41.92516049671833,-87.72071659160173,12,4.255783,9.887845,16.998528,8.797124
882664ca3bfffff,41.91766298018358,-87.71595654414826,1,14.974676,16.982088,15.626144,15.798181
882664ca3bfffff,41.91766298018358,-87.71595654414826,2,24.74829,19.77671,27.241154,22.984598
882664ca3bfffff,41.91766298018358,-87.71595654414826,3,34.041485,27.004023,32.469822,30.835436
882664ca3bfffff,41.91766298018358,-87.71595654414826,4,35.590645,29.147255,39.515476,37.441345
882664ca3bfffff,41.91766298018358,-87.71595654414826,5,48.815403,53.766502,46.42728,40.76365
882664ca3bfffff,41.91766298018358,-87.71595654414826,6,52.61906,50.64678,47.276207,41.6138
882664ca3bfffff,41.91766298018358,-87.71595654414826,7,48.407455,52.57732,44.09667,38.69552
882664ca3bfffff,41.91766298018358,-87.71595654414826,8,36.996162,35.78303,39.634136,38.493107
882664ca3bfffff,41.91766298018358,-87.71595654414826,9,31.199415,33.886425,37.795513,34.120316
882664ca3bfffff,41.91766298018358,-87.71595654414826,10,24.988367,24.51682,28.959545,24.075466
882664ca3bfffff,41.91766298018358,-87.71595654414826,11,14.363636,16.715313,18.072866,15.913223
882664ca3bfffff,41.91766298018358,-87.71595654414826,12,14.149564,14.453033,17.45614,15.300392
882664ca3dfffff,41.926192793723104,-87.73215812574472,1,13.479588,20.308716,13.959667,13.159572
882664ca3dfffff,41.926192793723104,-87.73215812574472,2,19.953547,25.13311,24.80869,19.743635
882664ca3dfffff,41.926192793723104,-87.73215812574472,3,25.303509,28.863083,31.82602,28.364523
882664ca3dfffff,41.926192793723104,-87.73215812574472,4,40.672504,42.91884,40.494354,31.28852
882664ca3dfffff,41.926192793723104,-87.73215812574472,5,49.073486,59.33476,44.140385,33.459583
882664ca3dfffff,41.926192793723104,-87.73215812574472,6,55.50418,56.822094,45.423,34.672836
882664ca3dfffff,41.926192793723104,-87.73215812574472,7,50.102734,58.8902,43.969357,32.285393
882664ca3dfffff,41.926192793723104,-87.73215812574472,8,45.78861,49.44822,42.31573,31.460676
882664ca3dfffff,41.926192793723104,-87.73215812574472,9,35.561886,41.215687,42.72988,29.644367
882664ca3dfffff,41.926192793723104,-87.73215812574472,10,21.997025,26.7618,28.127506,21.167307
882664ca3dfffff,41.926192793723104,-87.73215812574472,11,13.032877,19.315704,17.51071,14.008159
882664ca3dfffff,41.926192793723104,-87.73215812574472,12,12.087448,15.40033,17.12377,13.533422
882664ca41fffff,41.95955747036798,-87.71018825181667,1,11.241861,21.379145,16.019579,14.099479
882664ca41fffff,41.95955747036798,-87.71018825181667,2,16.03534,24.929443,26.051811,19.360373
882664ca41fffff,41.95955747036798,-87.71018825181667,3,22.157623,32.703304,31.63167,27.107912
882664ca41fffff,41.95955747036798,-87.71018825181667,4,31.40656,47.608955,36.162216,29.64239
882664ca41fffff,41.95955747036798,-87.71018825181667,5,41.321995,65.6906,41.271034,32.36789
882664ca41fffff,41.95955747036798,-87.71018825181667,6,48.17315,63.794323,42.082405,33.41137
882664ca41fffff,41.95955747036798,-87.71018825181667,7,41.69196,65.05237,39.897606,29.438885
882664ca41fffff,41.95955747036798,-87.71018825181667,8,36.15264,53.34919,35.900845,29.165192
882664ca41fffff,41.95955747036798,-87.71018825181667,9,25.672548,39.69869,37.004173,26.386433
882664ca41fffff,41.95955747036798,-87.71018825181667,10,17.966831,26.568153,27.651524,19.545294
882664ca41fffff,41.95955747036798,-87.71018825181667,11,10.368219,21.269032,18.136644,13.265968
882664ca41fffff,41.95955747036798,-87.71018825181667,12,9.401991,17.04613,17.892214,13.0849695
882664ca43fffff,41.952056539896326,-87.7054262434395,1,10.095499,18.207264,14.7733345,11.749551
882664ca43fffff,41.952056539896326,-87.7054262434395,2,14.592459,19.8334,24.671448,18.251738
882664ca43fffff,41.952056539896326,-87.7054262434395,3,19.578632,23.374998,29.59389,24.410488
882664ca43fffff,41.952056539896326,-87.7054262434395,4,32.17225,30.13286,33.745163,25.822231
882664ca43fffff,41.952056539896326,-87.7054262434395,5,40.617844,50.284836,36.621864,30.028957
882664ca43fffff,41.952056539896326,-87.7054262434395,6,46.51129,47.91468,36.399487,30.630283
882664ca43fffff,41.952056539896326,-87.7054262434395,7,40.60449,49.952385,35.287094,27.872019
882664ca43fffff,41.952056539896326,-87.7054262434395,8,35.750534,36.72599,34.07093,26.967724
882664ca43fffff,41.952056539896326,-87.7054262434395,9,21.742222,29.72772,33.555496,23.874367
882664ca43fffff,41.952056539896326,-87.7054262434395,10,17.388033,23.395435,26.570124,19.603697
882664ca43fffff,41.952056539896326,-87.7054262434395,11,8.618458,18.023209,16.882595,12.138962
882664ca43fffff,41.952056539896326,-87.7054262434395,12,7.753111,14.680769,17.0756,12.074642
882664ca45fffff,41.960590762298885,-87.72163837737239,1,14.187062,18.919636,17.526989,13.956721
882664ca45fffff,41.960590762298885,-87.72163837737239,2,22.090048,23.337029,29.51267,22.916294
882664ca45fffff,41.960590762298885,-87.72163837737239,3,33.993958,31.561691,35.099308,31.411709
882664ca45fffff,41.960590762298885,-87.72163837737239,4,40.82995,38.48709,39.84165,32.514942
882664ca45fffff,41.960590762298885,-87.72163837737239,5,52.4373,64.68282,43.876446,35.998398
882664ca45fffff,41.960590762298885,-87.72163837737239,6,55.668003,62.650234,45.006786,37.097633
882664ca45fffff,41.960590762298885,-87.72163837737239,7,51.97766,63.99468,42.2844,34.159847
882664ca45fffff,41.960590762298885,-87.72163837737239,8,44.02669,45.24155,39.20946,34.372982
882664ca45fffff,41.960590762298885,-87.72163837737239,9,33.157173,33.99448,38.314686,30.592018
882664ca45fffff,41.960590762298885,-87.72163837737239,10,23.856144,28.275955,30.273367,23.61881
882664ca45fffff,41.960590762298885,-87.72163837737239,11,12.683588,19.684666,19.83546,13.659238
882664ca45fffff,41.960590762298885,-87.72163837737239,12,11.356547,16.3138,19.019585,13.128527
882664ca47fffff,41.95309032495737,-87.71687453714642,1,20.17779,24.074226,16.385958,14.573694
882664ca47fffff,41.95309032495737,-87.71687453714642,2,26.43396,26.982632,28.50997,22.131638
882664ca47fffff,41.95309032495737,-87.71687453714642,3,34.689163,30.169092,35.756794,32.197975
882664ca47fffff,41.95309032495737,-87.71687453714642,4,44.99221,42.233097,40.50468,37.30411
882664ca47fffff,41.95309032495737,-87.71687453714642,5,52.41999,64.40184,44.9545,40.641636
882664ca47fffff,41.95309032495737,-87.71687453714642,6,56.353558,62.287266,46.081806,41.702305
882664ca47fffff,41.95309032495737,-87.71687453714642,7,50.60763,61.795544,42.905426,38.476448
882664ca47fffff,41.95309032495737,-87.71687453714642,8,47.030956,48.662777,40.81994,37.15497
882664ca47fffff,41.95309032495737,-87.71687453714642,9,43.408054,45.83038,40.220524,33.426872
882664ca47fffff,41.95309032495737,-87.71687453714642,10,32.710823,34.531555,31.439783,22.960278
882664ca47fffff,41.95309032495737,-87.71687453714642,11,16.165302,20.779215,19.16269,14.281392
882664ca47fffff,41.95309032495737,-87.71687453714642,12,14.859062,17.482594,18.881351,13.938562
882664ca49fffff,41.96602483437105,-87.70349998183059,1,9.830807,20.584595,18.269709,11.98269
882664ca49fffff,41.96602483437105,-87.70349998183059,2,16.528032,25.028097,30.241789,21.648844
882664ca49fffff,41.96602483437105,-87.70349998183059,3,24.588116,31.403646,36.42111,29.02423
882664ca49fffff,41.96602483437105,-87.70349998183059,4,39.56017,46.273125,42.629932,35.05116
882664ca49fffff,41.96602483437105,-87.70349998183059,5,49.853374,67.35898,47.529255,37.81081
882664ca49fffff,41.96602483437105,-87.70349998183059,6,55.636772,66.243034,48.614693,39.08866
882664ca49fffff,41.96602483437105,-87.70349998183059,7,49.821762,67.14496,45.763943,35.299854
882664ca49fffff,41.96602483437105,-87.70349998183059,8,43.43368,53.775776,42.790215,35.807686
882664ca49fffff,41.96602483437105,-87.70349998183059,9,32.600605,38.391563,42.052822,32.533813
882664ca49fffff,41.96602483437105,-87.70349998183059,10,19.051935,27.129456,32.463634,22.642714
882664ca49fffff,41.96602483437105,-87.70349998183059,11,8.731371,20.226929,20.847374,12.004923
882664ca49fffff,41.96602483437105,-87.70349998183059,12,7.7651415,16.555626,20.409607,11.590895
882664ca4bfffff,41.95852302421694,-87.69873831432805,1,11.443786,16.312939,16.742529,11.39382
882664ca4bfffff,41.95852302421694,-87.69873831432805,2,21.047825,20.471054,28.149506,20.485643
882664ca4bfffff,41.95852302421694,-87.69873831432805,3,32.201767,28.01475,34.367165,27.835382
882664ca4bfffff,41.95852302421694,-87.69873831432805,4,42.487896,33.658592,38.75183,32.191837
882664ca4bfffff,41.95852302421694,-87.69873831432805,5,48.308117,58.81664,43.90666,34.80315
882664ca4bfffff,41.95852302421694,-87.69873831432805,6,54.56636,57.567368,45.21705,37.015144
882664ca4bfffff,41.95852302421694,-87.69873831432805,7,47.35956,58.2747,43.07029,33.91246
882664ca4bfffff,41.95852302421694,-87.69873831432805,8,42.763004,40.223763,39.661953,34.874275
882664ca4bfffff,41.95852302421694,-87.69873831432805,9,32.051746,27.798716,37.584198,31.128832
882664ca4bfffff,41.95852302421694,-87.69873831432805,10,22.002245,25.697823,31.15644,22.283352
882664ca4bfffff,41.95852302421694,-87.69873831432805,11,9.538186,16.751501,19.365084,12.392557
882664ca4bfffff,41.95852302421694,-87.69873831432805,12,8.008723,12.877499,19.397757,12.328238
882664ca4dfffff,41.967058787435896,-87.71495175191673,1,17.200542,20.459942,15.330301,9.403639
882664ca4dfffff,41.967058787435896,-87.71495175191673,2,25.363934,21.898163,24.698248,16.063139
882664ca4dfffff,41.967058787435896,-87.71495175191673,3,32.68557,26.248632,29.067753,22.330093
882664ca4dfffff,41.967058787435896,-87.71495175191673,4,43.308983,27.502682,32.720695,22.979956
882664ca4dfffff,41.967058787435896,-87.71495175191673,5,45.159126,46.54116,36.311234,26.476183
882664ca4dfffff,41.967058787435896,-87.71495175191673,6,47.832943,44.687847,37.85143,26.866264
882664ca4dfffff,41.967058787435896,-87.71495175191673,7,42.963444,45.075584,34.204338,24.242773
882664ca4dfffff,41.967058787435896,-87.71495175191673,8,43.95658,32.58424,33.099648,22.457243
882664ca4dfffff,41.967058787435896,-87.71495175191673,9,40.1896,27.682852,31.376476,18.83196
882664ca4dfffff,41.967058787435896,-87.71495175191673,10,26.909878,25.903536,27.390894,16.040487
882664ca4dfffff,41.967058787435896,-87.71495175191673,11,14.0725765,19.21578,16.635376,9.800418
882664ca4dfffff,41.967058787435896,-87.71495175191673,12,13.63183,16.617928,16.769707,9.7361
882664ca51fffff,41.943520565193054,-87.68921945257274,1,12.529087,17.829342,16.567196,10.40477
882664ca51fffff,41.943520565193054,-87.68921945257274,2,20.474337,19.928957,26.876514,17.513203
882664ca51fffff,41.943520565193054,-87.68921945257274,3,29.999237,26.8019,31.513165,24.330816
882664ca51fffff,41.943520565193054,-87.68921945257274,4,36.245647,29.540106,33.85494,26.504148
882664ca51fffff,41.943520565193054,-87.68921945257274,5,40.52364,55.074265,38.21921,29.402895
882664ca51fffff,41.943520565193054,-87.68921945257274,6,46.78188,53.23841,38.72893,29.560339
882664ca51fffff,41.943520565193054,-87.68921945257274,7,39.477646,54.271446,36.53444,27.520878
882664ca51fffff,41.943520565193054,-87.68921945257274,8,35.290516,35.979614,32.656338,28.101414
882664ca51fffff,41.943520565193054,-87.68921945257274,9,28.356339,28.589348,31.594578,23.932724
882664ca51fffff,41.943520565193054,-87.68921945257274,10,21.167696,25.548067,26.931808,18.609371
882664ca51fffff,41.943520565193054,-87.68921945257274,11,10.319061,18.273739,18.549757,10.8075
882664ca51fffff,41.943520565193054,-87.68921945257274,12,8.843644,14.511121,18.639051,10.555303
882664ca53fffff,41.93601991710358,-87.68446225705073,1,13.2926,17.177711,16.024591,12.405593
882664ca53fffff,41.93601991710358,-87.68446225705073,2,21.169844,20.342,26.526281,20.812778
882664ca53fffff,41.93601991710358,-87.68446225705073,3,30.157278,27.399433,31.90908,28.032831
882664ca53fffff,41.93601991710358,-87.68446225705073,4,42.13558,40.407288,36.691143,31.471325
882664ca53fffff,41.93601991710358,-87.68446225705073,5,50.98367,65.688286,38.617672,35.4115
882664ca53fffff,41.93601991710358,-87.68446225705073,6,56.41571,66.369125,39.853516,36.1282
882664ca53fffff,41.93601991710358,-87.68446225705073,7,48.558613,64.745094,36.559284,32.694115
882664ca53fffff,41.93601991710358,-87.68446225705073,8,43.204723,45.95574,37.33618,31.99897
882664ca53fffff,41.93601991710358,-87.68446225705073,9,29.386366,35.692543,35.338955,28.797693
882664ca53fffff,41.93601991710358,-87.68446225705073,10,21.2572,24.71825,28.807798,21.813261
882664ca53fffff,41.93601991710358,-87.68446225705073,11,11.664681,17.174477,17.294987,12.747913
882664ca53fffff,41.93601991710358,-87.68446225705073,12,10.531679,14.1319895,17.586353,12.557119
882664ca55fffff,41.94455599641126,-87.70066572615039,1,11.0203495,18.930754,16.881416,11.944031
882664ca55fffff,41.94455599641126,-87.70066572615039,2,16.531656,22.741547,25.180061,20.734531
882664ca55fffff,41.94455599641126,-87.70066572615039,3,23.781736,27.248478,31.637356,27.707293
882664ca55fffff,41.94455599641126,-87.70066572615039,4,41.56737,38.357048,35.112015,31.830301
882664ca55fffff,41.94455599641126,-87.70066572615039,5,53.501457,57.176422,40.53682,34.35836
882664ca55fffff,41.94455599641126,-87.70066572615039,6,58.299576,55.878838,41.1187,35.11211
882664ca55fffff,41.94455599641126,-87.70066572615039,7,51.444935,56.928616,38.89833,31.748062
882664ca55fffff,41.94455599641126,-87.70066572615039,8,45.164368,44.293446,35.427586,31.458233
882664ca55fffff,41.94455599641126,-87.70066572615039,9,38.459175,33.961845,36.271965,29.152357
882664ca55fffff,41.94455599641126,-87.70066572615039,10,21.218937,25.563501,27.262756,21.46147
882664ca55fffff,41.94455599641126,-87.70066572615039,11,9.7535305,18.459072,19.052011,12.027829
882664ca55fffff,41.94455599641126,-87.70066572615039,12,8.787304,14.236162,18.614244,11.613801
882664ca57fffff,41.93705584030299,-87.6959066993148,1,7.8727455,16.604141,15.229374,10.276371
882664ca57fffff,41.93705584030299,-87.6959066993148,2,15.687761,19.239868,25.033371,16.429783
882664ca57fffff,41.93705584030299,-87.6959066993148,3,23.927322,26.330332,32.990643,23.541384
882664ca57fffff,41.93705584030299,-87.6959066993148,4,34.082237,40.738876,37.300182,26.005789
882664ca57fffff,41.93705584030299,-87.6959066993148,5,39.08858,59.590145,41.26587,28.705286
882664ca57fffff,41.93705584030299,-87.6959066993148,6,46.047028,61.29235,42.115494,29.90647
882664ca57fffff,41.93705584030299,-87.6959066993148,7,39.35279,58.197704,39.649532,26.804523
882664ca57fffff,41.93705584030299,-87.6959066993148,8,37.03555,46.449078,38.033203,27.203962
882664ca57fffff,41.93705584030299,-87.6959066993148,9,25.149658,34.752216,36.678783,23.482698
882664ca57fffff,41.93705584030299,-87.6959066993148,10,18.661892,23.41026,26.41839,17.357235
882664ca57fffff,41.93705584030299,-87.6959066993148,11,6.8017626,16.129158,16.87807,9.922849
882664ca57fffff,41.93705584030299,-87.6959066993148,12,6.2732105,13.502728,16.959412,9.803253
882664ca59fffff,41.949985508420745,-87.68253022209846,1,7.368883,17.749887,16.396622,12.759417
882664ca59fffff,41.949985508420745,-87.68253022209846,2,13.618038,19.09714,24.592878,18.643253
882664ca59fffff,41.949985508420745,-87.68253022209846,3,17.89836,25.312332,28.996462,24.138603
882664ca59fffff,41.949985508420745,-87.68253022209846,4,31.032396,29.96007,32.808964,27.378544
882664ca59fffff,41.949985508420745,-87.68253022209846,5,39.944473,48.62091,37.189224,30.406347
882664ca59fffff,41.949985508420745,-87.68253022209846,6,46.56431,46.92738,37.82904,31.318674
882664ca59fffff,41.949985508420745,-87.68253022209846,7,39.931118,48.404984,35.959778,28.28636
882664ca59fffff,41.949985508420745,-87.68253022209846,8,34.69414,37.072273,31.941477,28.248083
882664ca59fffff,41.949985508420745,-87.68253022209846,9,20.482014,26.857811,31.130877,23.419647
882664ca59fffff,41.949985508420745,-87.68253022209846,10,16.497065,23.627058,25.3469,19.524141
882664ca59fffff,41.949985508420745,-87.68253022209846,11,5.987464,18.131163,18.449907,12.751836
882664ca59fffff,41.949985508420745,-87.68253022209846,12,5.8066483,15.587695,18.695684,12.687518
882664ca5bfffff,41.94248398064934,-87.67777336861224,1,14.445473,19.7467,17.884615,9.449439
882664ca5bfffff,41.94248398064934,-87.67777336861224,2,21.981,22.886566,25.208157,19.098751
882664ca5bfffff,41.94248398064934,-87.67777336861224,3,32.5599,26.665417,33.54825,27.085018
882664ca5bfffff,41.94248398064934,-87.67777336861224,4,40.817734,34.0145,35.13436,29.830494
882664ca5bfffff,41.94248398064934,-87.67777336861224,5,48.63546,57.327896,39.334183,34.42188
882664ca5bfffff,41.94248398064934,-87.67777336861224,6,49.706112,55.76133,38.901115,34.235035
882664ca5bfffff,41.94248398064934,-87.67777336861224,7,45.902195,55.383423,36.45137,31.602646
882664ca5bfffff,41.94248398064934,-87.67777336861224,8,39.99956,39.699394,34.151405,30.10905
882664ca5bfffff,41.94248398064934,-87.67777336861224,9,43.55022,33.54295,35.153374,26.94656
882664ca5bfffff,41.94248398064934,-87.67777336861224,10,25.659792,31.583128,26.146652,20.209185
882664ca5bfffff,41.94248398064934,-87.67777336861224,11,10.458391,17.711475,19.043222,9.803497
882664ca5bfffff,41.94248398064934,-87.67777336861224,12,9.224506,14.145951,18.830812,9.262993
882664ca5dfffff,41.951021601027534,-87.69397813812037,1,7.290574,17.447678,11.410267,12.559912
882664ca5dfffff,41.951021601027534,-87.69397813812037,2,15.329957,17.569366,19.86731,18.209208
882664ca5dfffff,41.951021601027534,-87.69397813812037,3,22.406548,23.112743,25.435965,25.2937
882664ca5dfffff,41.951021601027534,-87.69397813812037,4,31.068161,42.16823,28.511791,28.819141
882664ca5dfffff,41.951021601027534,-87.69397813812037,5,41.353138,60.392017,33.183533,32.83427
882664ca5dfffff,41.951021601027534,-87.69397813812037,6,48.46842,61.106754,32.72552,34.454308
882664ca5dfffff,41.951021601027534,-87.69397813812037,7,40.67415,58.930714,30.723724,30.441412
882664ca5dfffff,41.951021601027534,-87.69397813812037,8,32.722633,47.433098,28.508104,29.431875
882664ca5dfffff,41.951021601027534,-87.69397813812037,9,18.18525,33.78717,27.106758,26.256437
882664ca5dfffff,41.951021601027534,-87.69397813812037,10,15.424858,21.36701,20.810986,19.42914
882664ca5dfffff,41.951021601027534,-87.69397813812037,11,5.8629847,16.813387,12.172387,13.374387
882664ca5dfffff,41.951021601027534,-87.69397813812037,12,5.515398,14.869226,12.701591,13.254789
882664ca61fffff,41.9551544333789,-87.73977168608559,1,9.555196,12.75667,15.986774,8.876183
882664ca61fffff,41.9551544333789,-87.73977168608559,2,16.787558,15.681892,19.955292,16.854176
882664ca61fffff,41.9551544333789,-87.73977168608559,3,26.642572,20.257494,24.633022,21.412958
882664ca61fffff,41.9551544333789,-87.73977168608559,4,40.82067,35.788425,31.433939,26.747417
882664ca61fffff,41.9551544333789,-87.73977168608559,5,56.105972,56.413685,38.075905,31.445847
882664ca61fffff,41.9551544333789,-87.73977168608559,6,59.970512,54.691135,38.139057,32.784454
882664ca61fffff,41.9551544333789,-87.73977168608559,7,53.407913,56.310684,36.65393,29.423588
882664ca61fffff,41.9551544333789,-87.73977168608559,8,45.266235,43.72828,32.003906,27.3193
882664ca61fffff,41.9551544333789,-87.73977168608559,9,31.680386,24.228996,30.408178,24.737719
882664ca61fffff,41.9551544333789,-87.73977168608559,10,19.086317,19.85252,21.993183,16.345827
882664ca61fffff,41.9551544333789,-87.73977168608559,11,7.4748745,13.112897,18.054073,8.56725
882664ca61fffff,41.9551544333789,-87.73977168608559,12,6.294275,9.828724,17.734749,8.228216
882664ca63fffff,41.94765536941574,-87.735005675496,1,15.428635,18.758226,10.520185,11.248812
882664ca63fffff,41.94765536941574,-87.735005675496,2,20.506002,19.60909,21.2076,17.543158
882664ca63fffff,41.94765536941574,-87.735005675496,3,22.425274,18.53994,25.454617,24.068521
882664ca63fffff,41.94765536941574,-87.735005675496,4,31.045353,29.061693,28.871498,27.443846
882664ca63fffff,41.94765536941574,-87.735005675496,5,37.142975,40.372734,34.804787,28.812792
882664ca63fffff,41.94765536941574,-87.735005675496,6,41.81531,38.890495,36.500423,29.516953
882664ca63fffff,41.94765536941574,-87.735005675496,7,37.216194,41.175636,34.702034,27.422369
882664ca63fffff,41.94765536941574,-87.735005675496,8,37.747723,36.895515,30.103409,28.385546
882664ca63fffff,41.94765536941574,-87.735005675496,9,25.327934,23.582159,29.430569,23.29296
882664ca63fffff,41.94765536941574,-87.735005675496,10,23.031403,22.4344,24.86541,18.921188
882664ca63fffff,41.94765536941574,-87.735005675496,11,14.767008,18.070723,14.304234,11.620075
882664ca63fffff,41.94765536941574,-87.735005675496,12,14.615309,15.775524,13.9084,11.089366
882664ca65fffff,41.956184756601374,-87.75122053949855,1,12.011742,15.360859,15.978498,9.316377
882664ca65fffff,41.956184756601374,-87.75122053949855,2,16.880154,17.034935,26.481016,19.259325
882664ca65fffff,41.956184756601374,-87.75122053949855,3,23.590473,21.16756,30.485104,24.950632
882664ca65fffff,41.956184756601374,-87.75122053949855,4,26.907442,22.688614,32.61197,24.482548
882664ca65fffff,41.956184756601374,-87.75122053949855,5,31.816553,40.378162,37.89181,29.0177
882664ca65fffff,41.956184756601374,-87.75122053949855,6,35.692314,38.526848,37.934135,29.466112
882664ca65fffff,41.956184756601374,-87.75122053949855,7,31.112629,39.77632,34.960194,26.797201
882664ca65fffff,41.956184756601374,-87.75122053949855,8,25.028252,28.136688,31.972204,24.534716
882664ca65fffff,41.956184756601374,-87.75122053949855,9,19.371777,26.773617,30.903772,22.082087
882664ca65fffff,41.956184756601374,-87.75122053949855,10,17.072954,22.261383,26.680487,19.781513
882664ca65fffff,41.956184756601374,-87.75122053949855,11,10.167566,15.552232,18.034517,10.253875
882664ca65fffff,41.956184756601374,-87.75122053949855,12,9.726822,13.5009985,17.936441,9.87367
882664ca67fffff,41.94868618663632,-87.74645269845163,1,9.501509,19.105736,18.58231,12.72241
882664ca67fffff,41.94868618663632,-87.74645269845163,2,17.877527,21.068901,29.427046,21.153214
882664ca67fffff,41.94868618663632,-87.74645269845163,3,26.163574,29.03564,35.88788,29.157892
882664ca67fffff,41.94868618663632,-87.74645269845163,4,36.131523,41.50843,40.02418,33.393555
882664ca67fffff,41.94868618663632,-87.74645269845163,5,43.03238,65.07299,43.652824,36.101906
882664ca67fffff,41.94868618663632,-87.74645269845163,6,49.75878,67.29351,44.199608,36.11701
882664ca67fffff,41.94868618663632,-87.74645269845163,7,42.34228,64.900085,41.780563,33.512047
882664ca67fffff,41.94868618663632,-87.74645269845163,8,39.19637,49.115837,38.893692,33.71064
882664ca67fffff,41.94868618663632,-87.74645269845163,9,28.816021,35.891357,37.405994,29.457245
882664ca67fffff,41.94868618663632,-87.74645269845163,10,19.937704,27.001286,29.948334,21.056055
882664ca67fffff,41.94868618663632,-87.74645269845163,11,8.182554,19.519257,20.258783,12.274627
882664ca67fffff,41.94868618663632,-87.74645269845163,12,7.734084,16.596224,20.066431,11.824845
882664ca69fffff,41.96162289994033,-87.73308869008524,1,12.874765,17.08999,17.907713,14.608045
882664ca69fffff,41.96162289994033,-87.73308869008524,2,19.538029,19.716448,29.150742,21.341963
882664ca69fffff,41.96162289994033,-87.73308869008524,3,26.842833,26.898182,33.940594,28.421028
882664ca69fffff,41.96162289994033,-87.73308869008524,4,38.5591,43.553345,39.310017,32.418438
882664ca69fffff,41.96162289994033,-87.73308869008524,5,49.513805,63.64935,45.074425,36.613415
882664ca69fffff,41.96162289994033,-87.73308869008524,6,55.528522,61.934715,45.245754,36.772808
882664ca69fffff,41.96162289994033,-87.73308869008524,7,49.69702,63.630993,43.700996,34.07536
882664ca69fffff,41.96162289994033,-87.73308869008524,8,43.64906,50.744915,38.712116,33.79054
882664ca69fffff,41.96162289994033,-87.73308869008524,9,27.923914,31.437712,38.60003,29.50237
882664ca69fffff,41.96162289994033,-87.73308869008524,10,22.178211,22.939074,30.018377,21.430943
882664ca69fffff,41.96162289994033,-87.73308869008524,11,11.847794,17.811083,20.139973,13.3917055
882664ca69fffff,41.96162289994033,-87.73308869008524,12,10.881565,14.69515,19.359047,12.860994
882664ca6bfffff,41.95412295614128,-87.72832301833165,1,13.526244,16.077677,14.171631,13.140081
882664ca6bfffff,41.95412295614128,-87.72832301833165,2,21.737005,20.027866,22.4352,19.502073
882664ca6bfffff,41.95412295614128,-87.72832301833165,3,32.358242,26.474003,28.446352,26.355927
882664ca6bfffff,41.95412295614128,-87.72832301833165,4,38.078674,31.268965,38.681053,32.8077
882664ca6bfffff,41.95412295614128,-87.72832301833165,5,54.477673,56.463196,45.01119,37.788757
882664ca6bfffff,41.95412295614128,-87.72832301833165,6,58.636963,53.392056,46.449505,38.820827
882664ca6bfffff,41.95412295614128,-87.72832301833165,7,54.261623,55.848278,43.64355,35.78219
882664ca6bfffff,41.95412295614128,-87.72832301833165,8,38.76954,37.98259,39.249683,34.83048
882664ca6bfffff,41.95412295614128,-87.72832301833165,9,26.510103,33.654762,36.708755,30.906765
882664ca6bfffff,41.95412295614128,-87.72832301833165,10,19.903423,24.381397,24.004736,20.8889
882664ca6bfffff,41.95412295614128,-87.72832301833165,11,12.5677595,15.474193,17.184542,13.157354
882664ca6bfffff,41.95412295614128,-87.72832301833165,12,11.5694,12.866882,16.848131,12.813489
882664ca6dfffff,41.96265388322333,-87.7445391890452,1,12.593753,12.074861,16.8155,9.363659
882664ca6dfffff,41.96265388322333,-87.7445391890452,2,19.791222,13.735974,20.970516,16.396582
882664ca6dfffff,41.96265388322333,-87.7445391890452,3,29.033684,18.449726,26.83133,21.107033
882664ca6dfffff,41.96265388322333,-87.7445391890452,4,48.152473,38.920216,32.38365,24.477558
882664ca6dfffff,41.96265388322333,-87.7445391890452,5,63.362766,54.247726,38.742027,29.199205
882664ca6dfffff,41.96265388322333,-87.7445391890452,6,66.99599,53.005688,40.632122,30.27387
882664ca6dfffff,41.96265388322333,-87.7445391890452,7,60.40449,54.62523,38.706306,27.705912
882664ca6dfffff,41.96265388322333,-87.7445391890452,8,50.81328,46.28089,35.900455,25.663437
882664ca6dfffff,41.96265388322333,-87.7445391890452,9,33.404884,24.182556,34.05209,23.240341
882664ca6dfffff,41.96265388322333,-87.7445391890452,10,19.651285,17.54428,24.775658,16.969046
882664ca6dfffff,41.96265388322333,-87.7445391890452,11,10.369935,12.14439,20.402756,9.299348
882664ca6dfffff,41.96265388322333,-87.7445391890452,12,9.311675,9.608419,20.083431,8.897262
882664ca81fffff,41.88664088999507,-87.68549903389409,1,10.429682,16.98527,17.749771,13.518363
882664ca81fffff,41.88664088999507,-87.68549903389409,2,18.804466,19.68123,27.765013,21.575148
882664ca81fffff,41.88664088999507,-87.68549903389409,3,27.208012,27.889702,35.353462,30.305546
882664ca81fffff,41.88664088999507,-87.68549903389409,4,42.572205,41.283756,38.850178,34.61423
882664ca81fffff,41.88664088999507,-87.68549903389409,5,50.9197,65.84923,42.198162,37.351578
882664ca81fffff,41.88664088999507,-87.68549903389409,6,57.859787,67.206696,42.77229,38.22707
882664ca81fffff,41.88664088999507,-87.68549903389409,7,50.113907,65.0126,40.40678,34.949657
882664ca81fffff,41.88664088999507,-87.68549903389409,8,44.080433,47.776054,38.901863,35.50367
882664ca81fffff,41.88664088999507,-87.68549903389409,9,27.430428,32.66573,37.437126,30.808628
882664ca81fffff,41.88664088999507,-87.68549903389409,10,19.050604,25.681732,29.373268,22.593388
882664ca81fffff,41.88664088999507,-87.68549903389409,11,8.878237,17.32852,19.430231,13.695919
882664ca81fffff,41.88664088999507,-87.68549903389409,12,7.564272,13.622765,19.627325,13.505125
882664ca83fffff,41.8791448262368,-87.68074825304946,1,7.7259426,20.017563,15.235084,13.661399
882664ca83fffff,41.8791448262368,-87.68074825304946,2,13.301464,21.348133,24.964165,18.698175
882664ca83fffff,41.8791448262368,-87.68074825304946,3,17.755243,27.281984,30.382824,25.240675
882664ca83fffff,41.8791448262368,-87.68074825304946,4,35.378178,45.318054,35.28325,27.397314
882664ca83fffff,41.8791448262368,-87.68074825304946,5,44.68293,63.002953,40.437176,30.75409
882664ca83fffff,41.8791448262368,-87.68074825304946,6,51.53408,61.32629,40.97167,31.836454
882664ca83fffff,41.8791448262368,-87.68074825304946,7,44.9372,63.091297,39.102398,28.6341
882664ca83fffff,41.8791448262368,-87.68074825304946,8,37.726192,52.452663,34.878822,28.756609
882664ca83fffff,41.8791448262368,-87.68074825304946,9,21.895065,35.196636,34.02085,24.154633
882664ca83fffff,41.8791448262368,-87.68074825304946,10,14.524221,24.998238,25.555174,19.582651
882664ca83fffff,41.8791448262368,-87.68074825304946,11,6.6759796,20.635075,17.156925,13.164371
882664ca83fffff,41.8791448262368,-87.68074825304946,12,5.7097483,17.182005,17.114563,13.171251
882664ca85fffff,41.88767679625662,-87.6969312400011,1,14.2653055,16.39841,19.046118,11.406837
882664ca85fffff,41.88767679625662,-87.6969312400011,2,20.628431,19.086763,28.221603,19.97166
882664ca85fffff,41.88767679625662,-87.6969312400011,3,30.68481,23.256296,35.054985,27.783897
882664ca85fffff,41.88767679625662,-87.6969312400011,4,38.543663,34.254227,42.738384,32.106968
882664ca85fffff,41.88767679625662,-87.6969312400011,5,47.887257,54.92693,45.785328,35.9017
882664ca85fffff,41.88767679625662,-87.6969312400011,6,54.809875,55.23964,47.004593,36.773163
882664ca85fffff,41.88767679625662,-87.6969312400011,7,46.77276,52.770844,45.154945,34.037876
882664ca85fffff,41.88767679625662,-87.6969312400011,8,41.196114,37.91297,45.085033,33.071674
882664ca85fffff,41.88767679625662,-87.6969312400011,9,26.370142,26.523258,43.207077,29.552526
882664ca85fffff,41.88767679625662,-87.6969312400011,10,21.482931,22.050753,31.309048,21.07043
882664ca85fffff,41.88767679625662,-87.6969312400011,11,11.905358,14.89234,21.333138,12.011879
882664ca85fffff,41.88767679625662,-87.6969312400011,12,10.680324,11.678366,21.061813,11.633293
882664ca87fffff,41.88018122277357,-87.69217863221772,1,10.936928,18.636154,17.810488,9.105481
882664ca87fffff,41.88018122277357,-87.69217863221772,2,16.545065,22.325583,24.271927,16.314236
882664ca87fffff,41.88018122277357,-87.69217863221772,3,23.294842,27.273827,29.743147,23.214375
882664ca87fffff,41.88018122277357,-87.69217863221772,4,41.041935,39.18211,32.91168,26.293089
882664ca87fffff,41.88018122277357,-87.69217863221772,5,51.01925,56.146378,38.15489,29.073637
882664ca87fffff,41.88018122277357,-87.69217863221772,6,54.42296,55.29132,37.88122,29.709925
882664ca87fffff,41.88018122277357,-87.69217863221772,7,50.528507,55.41304,36.380325,26.43343
882664ca87fffff,41.88018122277357,-87.69217863221772,8,45.559017,45.622517,34.202656,26.693813
882664ca87fffff,41.88018122277357,-87.69217863221772,9,31.902067,30.832586,34.821213,24.005316
882664ca87fffff,41.88018122277357,-87.69217863221772,10,20.942408,24.48266,27.45267,17.848652
882664ca87fffff,41.88018122277357,-87.69217863221772,11,9.106697,17.985695,20.153267,9.888359
882664ca87fffff,41.88018122277357,-87.69217863221772,12,8.060387,14.141435,19.842491,9.474329
882664ca89fffff,41.89310077723909,-87.67881745663847,1,15.638124,19.08367,14.497992,13.512256
882664ca89fffff,41.89310077723909,-87.67881745663847,2,23.27868,21.711636,24.719454,19.314716
882664ca89fffff,41.89310077723909,-87.67881745663847,3,31.96075,27.18006,29.272884,26.438704
882664ca89fffff,41.89310077723909,-87.67881745663847,4,36.004105,34.327126,33.61285,29.042727
882664ca89fffff,41.89310077723909,-87.67881745663847,5,45.28664,57.469093,38.973087,32.775295
882664ca89fffff,41.89310077723909,-87.67881745663847,6,51.817596,54.869453,39.81662,32.978256
882664ca89fffff,41.89310077723909,-87.67881745663847,7,45.151405,56.46258,36.36522,30.041235
882664ca89fffff,41.89310077723909,-87.67881745663847,8,40.15306,40.179413,33.17526,29.212032
882664ca89fffff,41.89310077723909,-87.67881745663847,9,28.208178,33.80578,33.11512,26.03061
882664ca89fffff,41.89310077723909,-87.67881745663847,10,26.604902,25.687258,25.8492,18.786968
882664ca89fffff,41.89310077723909,-87.67881745663847,11,15.248396,18.92653,16.321342,13.547142
882664ca89fffff,41.89310077723909,-87.67881745663847,12,14.115395,15.775052,16.586658,13.422116
882664ca8bfffff,41.88560383349407,-87.67406701723512,1,17.130737,19.516861,16.39374,12.083022
882664ca8bfffff,41.88560383349407,-87.67406701723512,2,24.329815,22.331676,27.365967,21.350485
882664ca8bfffff,41.88560383349407,-87.67406701723512,3,33.638,27.405281,32.14842,29.56306
882664ca8bfffff,41.88560383349407,-87.67406701723512,4,47.648033,32.11045,36.07087,33.461952
882664ca8bfffff,41.88560383349407,-87.67406701723512,5,50.094517,61.047253,38.05479,36.147068
882664ca8bfffff,41.88560383349407,-87.67406701723512,6,55.079895,59.25286,37.833553,36.502213
882664ca8bfffff,41.88560383349407,-87.67406701723512,7,49.333824,60.66857,35.709816,33.32465
882664ca8bfffff,41.88560383349407,-87.67406701723512,8,47.838478,37.228127,37.6681,33.50172
882664ca8bfffff,41.88560383349407,-87.67406701723512,9,37.824474,38.353138,36.673306,30.44542
882664ca8bfffff,41.88560383349407,-87.67406701723512,10,27.008272,27.540148,30.8355,22.949919
882664ca8bfffff,41.88560383349407,-87.67406701723512,11,15.580885,19.122433,18.055721,12.702023
882664ca8bfffff,41.88560383349407,-87.67406701723512,12,14.354731,16.210897,17.747833,12.4645605
882664ca8dfffff,41.89413734350913,-87.69025130098125,1,11.250167,17.87656,15.604107,9.949587
882664ca8dfffff,41.89413734350913,-87.69025130098125,2,19.452488,20.019567,25.321136,17.146988
882664ca8dfffff,41.89413734350913,-87.69025130098125,3,28.703661,26.311857,29.941465,23.8156
882664ca8dfffff,41.89413734350913,-87.69025130098125,4,35.54293,26.870743,33.138294,25.877087
882664ca8dfffff,41.89413734350913,-87.69025130098125,5,39.84209,52.04529,38.282387,28.492472
882664ca8dfffff,41.89413734350913,-87.69025130098125,6,46.10033,50.535133,38.732983,28.954475
882664ca8dfffff,41.89413734350913,-87.69025130098125,7,38.91179,51.242474,36.3048,26.349525
882664ca8dfffff,41.89413734350913,-87.69025130098125,8,34.895203,33.310234,32.809505,26.551933
882664ca8dfffff,41.89413734350913,-87.69025130098125,9,28.72754,26.93078,31.656689,22.583687
882664ca8dfffff,41.89413734350913,-87.69025130098125,10,20.678846,25.638678,26.143291,17.361584
882664ca8dfffff,41.89413734350913,-87.69025130098125,11,9.187635,18.32096,17.132544,9.939422
882664ca8dfffff,41.89413734350913,-87.69025130098125,12,7.860592,14.488321,17.26687,9.875102
882664ca91fffff,41.87061111676162,-87.66457059524387,1,18.56257,23.644655,15.676832,15.054693
882664ca91fffff,41.87061111676162,-87.66457059524387,2,26.999878,26.96802,28.03243,22.712763
882664ca91fffff,41.87061111676162,-87.66457059524387,3,35.99484,30.278118,34.244823,32.832577
882664ca91fffff,41.87061111676162,-87.66457059524387,4,49.05946,43.18174,39.360016,36.484303
882664ca91fffff,41.87061111676162,-87.66457059524387,5,54.77367,65.395966,43.562157,39.12366
882664ca91fffff,41.87061111676162,-87.66457059524387,6,58.548653,62.921925,45.68328,40.028065
882664ca91fffff,41.87061111676162,-87.66457059524387,7,52.96131,62.657173,42.642498,37.69859
882664ca91fffff,41.87061111676162,-87.66457059524387,8,51.778667,48.769848,39.941128,36.73354
882664ca91fffff,41.87061111676162,-87.66457059524387,9,49.672935,44.66602,39.81479,33.134182
882664ca91fffff,41.87061111676162,-87.66457059524387,10,32.125134,34.392506,31.979643,24.788033
882664ca91fffff,41.87061111676162,-87.66457059524387,11,13.749416,20.457405,19.18798,15.843309
882664ca91fffff,41.87061111676162,-87.66457059524387,12,12.523262,17.753061,18.571259,15.312598
882664ca93fffff,41.86311534455066,-87.65982461139276,1,18.035461,18.772491,15.31652,11.888563
882664ca93fffff,41.86311534455066,-87.65982461139276,2,23.384285,21.3755,26.016352,19.781775
882664ca93fffff,41.86311534455066,-87.65982461139276,3,31.908955,24.448828,30.780502,29.619741
882664ca93fffff,41.86311534455066,-87.65982461139276,4,31.403347,24.923668,36.89914,32.36394
882664ca93fffff,41.86311534455066,-87.65982461139276,5,29.362556,44.414894,39.65677,34.074135
882664ca93fffff,41.86311534455066,-87.65982461139276,6,35.38948,42.408367,41.494675,35.150978
882664ca93fffff,41.86311534455066,-87.65982461139276,7,28.664204,42.107155,38.740215,32.26627
882664ca93fffff,41.86311534455066,-87.65982461139276,8,32.56083,28.994148,38.77453,32.086163
882664ca93fffff,41.86311534455066,-87.65982461139276,9,35.84419,33.465992,39.44543,28.631548
882664ca93fffff,41.86311534455066,-87.65982461139276,10,28.962885,29.790068,29.062439,20.972298
882664ca93fffff,41.86311534455066,-87.65982461139276,11,13.385321,15.308638,17.932688,13.143815
882664ca93fffff,41.86311534455066,-87.65982461139276,12,12.944576,13.446993,17.957747,13.079497
882664ca95fffff,41.87164915262277,-87.67599895781557,1,15.279291,22.578669,16.446186,15.074971
882664ca95fffff,41.87164915262277,-87.67599895781557,2,25.504644,26.003637,27.954874,23.400793
882664ca95fffff,41.87164915262277,-87.67599895781557,3,34.73566,30.708632,35.543037,32.692055
882664ca95fffff,41.87164915262277,-87.67599895781557,4,47.635048,43.40085,39.24806,35.30087
882664ca95fffff,41.87164915262277,-87.67599895781557,5,49.43609,68.08719,43.45234,38.93413
882664ca95fffff,41.87164915262277,-87.67599895781557,6,54.54274,65.694275,44.99526,40.429264
882664ca95fffff,41.87164915262277,-87.67599895781557,7,48.50579,65.45875,42.837227,37.716347
882664ca95fffff,41.87164915262277,-87.67599895781557,8,50.28757,49.567226,40.173992,35.456276
882664ca95fffff,41.87164915262277,-87.67599895781557,9,45.99646,45.18492,39.592518,31.672419
882664ca95fffff,41.87164915262277,-87.67599895781557,10,30.599426,34.32435,31.09238,23.744297
882664ca95fffff,41.87164915262277,-87.67599895781557,11,10.80192,19.140675,19.611406,16.245554
882664ca95fffff,41.87164915262277,-87.67599895781557,12,10.132715,16.823677,19.146841,15.643641
882664ca97fffff,41.864153869541234,-87.67125114756088,1,13.345062,18.590822,16.91666,14.18765
882664ca97fffff,41.864153869541234,-87.67125114756088,2,21.117146,21.825994,26.146925,21.500261
882664ca97fffff,41.864153869541234,-87.67125114756088,3,29.108477,28.641624,34.51781,31.72661
882664ca97fffff,41.864153869541234,-87.67125114756088,4,39.283962,37.793587,38.88816,35.831894
882664ca97fffff,41.864153869541234,-87.67125114756088,5,41.87611,60.170967,41.75232,37.00122
882664ca97fffff,41.864153869541234,-87.67125114756088,6,48.857582,61.324352,43.490112,38.45735
882664ca97fffff,41.864153869541234,-87.67125114756088,7,41.458725,57.914715,41.103718,35.545116
882664ca97fffff,41.864153869541234,-87.67125114756088,8,41.793324,44.65452,39.038513,35.49104
882664ca97fffff,41.864153869541234,-87.67125114756088,9,36.97099,39.107307,38.691788,31.572372
882664ca97fffff,41.864153869541234,-87.67125114756088,10,28.142693,31.918701,28.390512,22.680769
882664ca97fffff,41.864153869541234,-87.67125114756088,11,9.954733,15.9515295,19.672901,15.251667
882664ca97fffff,41.864153869541234,-87.67125114756088,12,9.426182,13.5239,19.925549,14.9289665
882664ca99fffff,41.87706858374991,-87.65788806491692,1,16.009802,21.701485,15.034851,11.319619
882664ca99fffff,41.87706858374991,-87.65788806491692,2,23.285917,23.183628,25.397635,18.546474
882664ca99fffff,41.87706858374991,-87.65788806491692,3,31.227953,25.947008,30.08215,27.159416
882664ca99fffff,41.87706858374991,-87.65788806491692,4,39.160976,29.124174,33.440495,30.471474
882664ca99fffff,41.87706858374991,-87.65788806491692,5,44.1164,51.723003,37.53384,32.991543
882664ca99fffff,41.87706858374991,-87.65788806491692,6,50.143322,49.811424,37.979908,33.069145
882664ca99fffff,41.87706858374991,-87.65788806491692,7,43.32513,49.398033,34.329464,29.704979
882664ca99fffff,41.87706858374991,-87.65788806491692,8,41.782177,34.9367,34.07862,28.680683
882664ca99fffff,41.87706858374991,-87.65788806491692,9,37.118492,35.615047,33.894875,24.324268
882664ca99fffff,41.87706858374991,-87.65788806491692,10,29.55585,31.92561,28.03698,18.652285
882664ca99fffff,41.87706858374991,-87.65788806491692,11,12.090662,18.349844,16.100256,12.264615
882664ca99fffff,41.87706858374991,-87.65788806491692,12,10.864504,16.061079,16.23458,12.200297
882664ca9bfffff,41.86957193155456,-87.65314242366102,1,16.247206,22.36052,16.634697,9.811019
882664ca9bfffff,41.86957193155456,-87.65314242366102,2,25.34333,22.867138,28.22279,18.44153
882664ca9bfffff,41.86957193155456,-87.65314242366102,3,32.96029,25.534073,33.533978,26.07124
882664ca9bfffff,41.86957193155456,-87.65314242366102,4,39.585823,31.852215,36.680573,28.725006
882664ca9bfffff,41.86957193155456,-87.65314242366102,5,39.638004,53.463577,41.362545,32.44873
882664ca9bfffff,41.86957193155456,-87.65314242366102,6,45.124485,51.964123,42.75585,33.71373
882664ca9bfffff,41.86957193155456,-87.65314242366102,7,39.07867,51.193043,39.488422,29.814943
882664ca9bfffff,41.86957193155456,-87.65314242366102,8,42.417603,38.07995,38.304947,28.9007
882664ca9bfffff,41.86957193155456,-87.65314242366102,9,41.12571,34.623512,38.285484,25.216726
882664ca9bfffff,41.86957193155456,-87.65314242366102,10,31.106514,31.335724,30.930223,19.416824
882664ca9bfffff,41.86957193155456,-87.65314242366102,11,12.009874,18.862278,18.970581,10.673246
882664ca9bfffff,41.86957193155456,-87.65314242366102,12,11.489044,16.508238,19.003258,10.608929
882664ca9dfffff,41.878107279872125,-87.66931806364751,1,18.923605,23.110098,15.693363,13.183434
882664ca9dfffff,41.878107279872125,-87.66931806364751,2,26.535482,24.988314,26.123486,21.698362
882664ca9dfffff,41.878107279872125,-87.66931806364751,3,34.24379,26.355944,32.16421,29.79333
882664ca9dfffff,41.878107279872125,-87.66931806364751,4,39.038807,30.711424,36.718388,31.51197
882664ca9dfffff,41.878107279872125,-87.66931806364751,5,36.67441,50.226295,39.529846,33.771896
882664ca9dfffff,41.878107279872125,-87.66931806364751,6,42.22292,47.793423,40.871334,35.15708
882664ca9dfffff,41.878107279872125,-87.66931806364751,7,35.80614,47.170185,38.661453,31.964025
882664ca9dfffff,41.878107279872125,-87.66931806364751,8,39.0936,36.292088,38.12926,30.190697
882664ca9dfffff,41.878107279872125,-87.66931806364751,9,45.07188,37.298088,38.321976,26.892466
882664ca9dfffff,41.878107279872125,-87.66931806364751,10,31.299456,33.75923,29.427935,21.53671
882664ca9dfffff,41.878107279872125,-87.66931806364751,11,13.044901,19.461533,18.07975,14.130001
882664ca9dfffff,41.878107279872125,-87.66931806364751,12,12.604153,17.488638,17.824635,13.806696
882664caa1fffff,41.88225056608351,-87.71503995623256,1,13.963129,14.478416,15.079232,10.341636
882664caa1fffff,41.88225056608351,-87.71503995623256,2,19.514332,17.504644,24.899345,16.500011
882664caa1fffff,41.88225056608351,-87.71503995623256,3,27.861578,19.886303,26.907286,22.781734
882664caa1fffff,41.88225056608351,-87.71503995623256,4,28.781965,26.051546,30.538832,27.591581
882664caa1fffff,41.88225056608351,-87.71503995623256,5,32.61106,44.013332,34.588474,28.99944
882664caa1fffff,41.88225056608351,-87.71503995623256,6,37.199154,43.692806,37.442688,30.02612
882664caa1fffff,41.88225056608351,-87.71503995623256,7,31.60273,43.624855,34.720177,27.695347
882664caa1fffff,41.88225056608351,-87.71503995623256,8,33.45806,30.850874,33.72935,28.742546
882664caa1fffff,41.88225056608351,-87.71503995623256,9,24.26607,22.313276,32.037014,23.138376
882664caa1fffff,41.88225056608351,-87.71503995623256,10,21.187588,20.390432,29.585516,17.918472
882664caa1fffff,41.88225056608351,-87.71503995623256,11,12.088184,13.176952,18.910353,10.687368
882664caa1fffff,41.88225056608351,-87.71503995623256,12,11.57567,11.094944,18.25191,10.247382
882664caa3fffff,41.87475636342743,-87.71028518241718,1,16.54778,20.712172,14.28238,10.501842
882664caa3fffff,41.87475636342743,-87.71028518241718,2,21.934849,21.925255,23.008226,18.075905
882664caa3fffff,41.87475636342743,-87.71028518241718,3,25.562447,23.703,27.20591,24.211395
882664caa3fffff,41.87475636342743,-87.71028518241718,4,40.62708,28.76182,31.39484,27.447605
882664caa3fffff,41.87475636342743,-87.71028518241718,5,44.848946,40.488495,33.001255,30.843935
882664caa3fffff,41.87475636342743,-87.71028518241718,6,50.632343,37.898384,33.4711,31.532795
882664caa3fffff,41.87475636342743,-87.71028518241718,7,45.223904,39.08189,31.690805,28.385202
882664caa3fffff,41.87475636342743,-87.71028518241718,8,44.043896,32.64332,31.240862,29.171545
882664caa3fffff,41.87475636342743,-87.71028518241718,9,30.219217,28.774601,30.949478,24.452187
882664caa3fffff,41.87475636342743,-87.71028518241718,10,24.218544,25.439156,24.570234,20.552526
882664caa3fffff,41.87475636342743,-87.71028518241718,11,15.683111,19.65451,18.23821,12.134964
882664caa3fffff,41.87475636342743,-87.71028518241718,12,14.81777,17.043829,18.318527,11.804468
882664caa5fffff,41.88328351271743,-87.72647089926856,1,14.065984,18.965815,13.184305,9.10881
882664caa5fffff,41.88328351271743,-87.72647089926856,2,20.130314,21.670504,18.411703,12.751122
882664caa5fffff,41.88328351271743,-87.72647089926856,3,25.376616,21.77933,21.84434,20.196302
882664caa5fffff,41.88328351271743,-87.72647089926856,4,28.558426,34.275574,21.911875,21.89297
882664caa5fffff,41.88328351271743,-87.72647089926856,5,31.619263,47.076496,25.278063,24.797459
882664caa5fffff,41.88328351271743,-87.72647089926856,6,37.114872,46.848217,25.832878,26.376484
882664caa5fffff,41.88328351271743,-87.72647089926856,7,31.582973,44.511406,25.038166,24.110384
882664caa5fffff,41.88328351271743,-87.72647089926856,8,32.05985,38.411156,20.981936,23.214912
882664caa5fffff,41.88328351271743,-87.72647089926856,9,26.89904,28.383753,21.274952,19.157448
882664caa5fffff,41.88328351271743,-87.72647089926856,10,23.395481,26.855888,20.16257,16.032001
882664caa5fffff,41.88328351271743,-87.72647089926856,11,9.355841,15.490272,16.269281,10.124665
882664caa5fffff,41.88328351271743,-87.72647089926856,12,9.117479,13.738845,15.79153,9.719625
882664caa7fffff,41.87578980120311,-87.7217142998973,1,13.653208,19.385227,17.790781,11.856453
882664caa7fffff,41.87578980120311,-87.7217142998973,2,20.223715,23.350359,27.82852,20.510195
882664caa7fffff,41.87578980120311,-87.7217142998973,3,29.94001,26.827017,33.906994,27.628876
882664caa7fffff,41.87578980120311,-87.7217142998973,4,46.8146,43.89787,39.183853,32.540237
882664caa7fffff,41.87578980120311,-87.7217142998973,5,52.529556,69.999825,42.15549,34.9628
882664caa7fffff,41.87578980120311,-87.7217142998973,6,58.35398,67.36614,43.257145,35.042267
882664caa7fffff,41.87578980120311,-87.7217142998973,7,51.920334,67.92283,41.559544,33.359898
882664caa7fffff,41.87578980120311,-87.7217142998973,8,48.743923,48.88598,41.849113,33.55015
882664caa7fffff,41.87578980120311,-87.7217142998973,9,33.494377,33.185284,40.569912,29.437954
882664caa7fffff,41.87578980120311,-87.7217142998973,10,20.258883,26.745947,31.365322,21.491316
882664caa7fffff,41.87578980120311,-87.7217142998973,11,11.766731,18.435509,20.52041,13.335116
882664caa7fffff,41.87578980120311,-87.7217142998973,12,10.633732,15.438677,20.073214,12.606732
882664caa9fffff,41.88871155220878,-87.70836363465062,1,13.996767,18.855131,17.123749,12.334592
882664caa9fffff,41.88871155220878,-87.70836363465062,2,22.27123,22.49453,24.668165,20.021574
882664caa9fffff,41.88871155220878,-87.70836363465062,3,32.530914,28.064093,29.404285,26.440138
882664caa9fffff,41.88871155220878,-87.70836363465062,4,45.73415,38.396515,32.957012,31.296783
882664caa9fffff,41.88871155220878,-87.70836363465062,5,53.292393,65.217125,37.70866,34.554684
882664caa9fffff,41.88871155220878,-87.70836363465062,6,58.885494,63.469315,37.711945,34.99464
882664caa9fffff,41.88871155220878,-87.70836363465062,7,52.531696,63.7704,35.780174,32.489338
882664caa9fffff,41.88871155220878,-87.70836363465062,8,47.810467,44.134476,34.280502,31.704624
882664caa9fffff,41.88871155220878,-87.70836363465062,9,35.898388,36.690613,32.595173,27.95694
882664caa9fffff,41.88871155220878,-87.70836363465062,10,23.216946,26.449467,28.096865,20.137915
882664caa9fffff,41.88871155220878,-87.70836363465062,11,11.796305,18.076466,19.0056,12.51651
882664caa9fffff,41.88871155220878,-87.70836363465062,12,11.275476,15.390955,18.813251,12.354627
882664caabfffff,41.8812164694124,-87.70360920024716,1,16.179108,24.101782,16.247482,10.582853
882664caabfffff,41.8812164694124,-87.70360920024716,2,22.625406,28.778046,23.969965,16.51529
882664caabfffff,41.8812164694124,-87.70360920024716,3,30.825474,29.318722,31.596504,24.086641
882664caabfffff,41.8812164694124,-87.70360920024716,4,39.342236,44.380054,37.074253,28.027323
882664caabfffff,41.8812164694124,-87.70360920024716,5,41.756588,62.65706,41.537174,30.55016
882664caabfffff,41.8812164694124,-87.70360920024716,6,49.250584,61.99048,41.907238,32.142048
882664caabfffff,41.8812164694124,-87.70360920024716,7,41.588837,58.319458,39.29295,28.492403
882664caabfffff,41.8812164694124,-87.70360920024716,8,40.996754,49.70795,38.613926,28.692598
882664caabfffff,41.8812164694124,-87.70360920024716,9,38.98144,46.020035,39.43604,25.505934
882664caabfffff,41.8812164694124,-87.70360920024716,10,27.612875,36.35811,26.970818,18.848904
882664caabfffff,41.8812164694124,-87.70360920024716,11,10.355831,20.489439,17.800632,12.217933
882664caabfffff,41.8812164694124,-87.70360920024716,12,9.142748,18.027714,18.081131,12.098337
882664caadfffff,41.8897451577819,-87.71979621693691,1,13.037291,18.538383,18.507599,17.276213
882664caadfffff,41.8897451577819,-87.71979621693691,2,21.461803,18.621527,29.409428,24.498688
882664caadfffff,41.8897451577819,-87.71979621693691,3,30.264221,25.026495,34.834682,29.252035
882664caadfffff,41.8897451577819,-87.71979621693691,4,42.138214,37.804382,38.081867,29.323177
882664caadfffff,41.8897451577819,-87.71979621693691,5,50.480587,60.391964,39.0104,32.11873
882664caadfffff,41.8897451577819,-87.71979621693691,6,54.2497,59.723083,39.252666,33.8759
882664caadfffff,41.8897451577819,-87.71979621693691,7,48.8835,59.918358,38.33186,30.711191
882664caadfffff,41.8897451577819,-87.71979621693691,8,42.72254,42.064316,39.15517,30.837976
882664caadfffff,41.8897451577819,-87.71979621693691,9,36.350586,28.1367,37.255886,28.147593
882664caadfffff,41.8897451577819,-87.71979621693691,10,20.141197,23.912577,32.71444,26.669079
882664caadfffff,41.8897451577819,-87.71979621693691,11,10.567268,18.632757,20.44615,16.46302
882664caadfffff,41.8897451577819,-87.71979621693691,12,8.832247,15.426134,20.283152,16.404718
882664cab1fffff,41.8662274724372,-87.69410479019831,1,10.158785,13.671577,18.4494,12.468789
882664cab1fffff,41.8662274724372,-87.69410479019831,2,15.742285,15.906866,27.966839,20.94887
882664cab1fffff,41.8662274724372,-87.69410479019831,3,20.827549,20.284552,31.493965,26.246565
882664cab1fffff,41.8662274724372,-87.69410479019831,4,33.065266,32.21036,35.701637,31.109663
882664cab1fffff,41.8662274724372,-87.69410479019831,5,38.39723,45.787045,40.312386,34.603043
882664cab1fffff,41.8662274724372,-87.69410479019831,6,43.676693,44.536045,41.750057,35.52506
882664cab1fffff,41.8662274724372,-87.69410479019831,7,38.580444,45.299015,40.342354,33.2091
882664cab1fffff,41.8662274724372,-87.69410479019831,8,36.6526,37.214985,36.958084,32.719635
882664cab1fffff,41.8662274724372,-87.69410479019831,9,25.713902,25.145485,36.471058,28.954813
882664cab1fffff,41.8662274724372,-87.69410479019831,10,18.174252,19.17877,30.16738,22.022284
882664cab1fffff,41.8662274724372,-87.69410479019831,11,8.915731,13.466642,22.083145,12.843533
882664cab1fffff,41.8662274724372,-87.69410479019831,12,8.734915,11.770036,21.620392,12.4295025
882664cab3fffff,41.858733559035166,-87.68935481328998,1,11.898557,17.632439,15.1799965,15.009461
882664cab3fffff,41.858733559035166,-87.68935481328998,2,19.12679,20.735184,26.768938,22.260914
882664cab3fffff,41.858733559035166,-87.68935481328998,3,25.291136,26.945978,32.221195,30.70093
882664cab3fffff,41.858733559035166,-87.68935481328998,4,39.056248,45.106506,38.322372,33.362576
882664cab3fffff,41.858733559035166,-87.68935481328998,5,49.124268,58.387928,43.88911,36.386745
882664cab3fffff,41.858733559035166,-87.68935481328998,6,54.6124,55.826862,46.766224,36.968376
882664cab3fffff,41.858733559035166,-87.68935481328998,7,48.175785,57.996677,44.906345,35.512936
882664cab3fffff,41.858733559035166,-87.68935481328998,8,44.192028,52.663578,40.793167,34.949688
882664cab3fffff,41.858733559035166,-87.68935481328998,9,28.054058,33.529324,39.29972,31.490532
882664cab3fffff,41.858733559035166,-87.68935481328998,10,21.63411,24.519749,31.551199,24.095469
882664cab3fffff,41.858733559035166,-87.68935481328998,11,11.019244,17.878498,20.254276,15.362195
882664cab3fffff,41.858733559035166,-87.68935481328998,12,10.8384285,15.971656,19.699318,14.887459
882664cab5fffff,41.8672625502023,-87.70553189485909,1,21.047405,23.142273,16.939516,13.964784
882664cab5fffff,41.8672625502023,-87.70553189485909,2,26.686369,26.87688,26.286074,20.809454
882664cab5fffff,41.8672625502023,-87.70553189485909,3,35.927795,28.287098,31.769539,27.222311
882664cab5fffff,41.8672625502023,-87.70553189485909,4,42.940605,40.64211,38.036793,33.193607
882664cab5fffff,41.8672625502023,-87.70553189485909,5,45.229546,63.163704,42.362003,35.307465
882664cab5fffff,41.8672625502023,-87.70553189485909,6,51.116,61.99698,43.42572,36.087387
882664cab5fffff,41.8672625502023,-87.70553189485909,7,44.69688,60.992718,40.12115,32.746944
882664cab5fffff,41.8672625502023,-87.70553189485909,8,44.754498,47.33505,39.899826,33.45221
882664cab5fffff,41.8672625502023,-87.70553189485909,9,48.769638,42.146828,40.97616,28.770031
882664cab5fffff,41.8672625502023,-87.70553189485909,10,30.057604,33.348297,29.721844,21.447697
882664cab5fffff,41.8672625502023,-87.70553189485909,11,14.573925,19.341154,19.248323,14.563574
882664cab5fffff,41.8672625502023,-87.70553189485909,12,13.347769,17.291967,18.96699,14.220742
882664cab7fffff,41.85976912679654,-87.70078009292692,1,12.95615,12.3206005,11.296736,12.413047
882664cab7fffff,41.85976912679654,-87.70078009292692,2,21.933746,19.457603,18.075058,19.614561
882664cab7fffff,41.85976912679654,-87.70078009292692,3,32.335926,23.943058,21.084253,23.724754
882664cab7fffff,41.85976912679654,-87.70078009292692,4,38.366673,29.853764,25.910362,27.554153
882664cab7fffff,41.85976912679654,-87.70078009292692,5,44.79312,49.699604,29.886347,30.203058
882664cab7fffff,41.85976912679654,-87.70078009292692,6,44.5954,48.51564,31.386744,31.146275
882664cab7fffff,41.85976912679654,-87.70078009292692,7,41.290127,48.998154,29.50701,29.054226
882664cab7fffff,41.85976912679654,-87.70078009292692,8,40.369446,33.822735,26.658928,28.88105
882664cab7fffff,41.85976912679654,-87.70078009292692,9,33.317772,24.199238,25.575016,25.41143
882664cab7fffff,41.85976912679654,-87.70078009292692,10,22.304203,22.5601,20.186598,20.050978
882664cab7fffff,41.85976912679654,-87.70078009292692,11,11.747704,12.509568,14.53576,12.930447
882664cab7fffff,41.85976912679654,-87.70078009292692,12,11.011972,9.7379875,13.893993,12.450696
882664cab9fffff,41.87268603906752,-87.68742751047148,1,13.897166,19.524511,16.73885,12.3564
882664cab9fffff,41.87268603906752,-87.68742751047148,2,20.391268,22.065697,25.36266,18.875114
882664cab9fffff,41.87268603906752,-87.68742751047148,3,28.140999,27.93696,32.43992,26.199627
882664cab9fffff,41.87268603906752,-87.68742751047148,4,40.61456,46.841682,37.882004,29.908121
882664cab9fffff,41.87268603906752,-87.68742751047148,5,53.281055,63.327526,43.85648,33.47361
882664cab9fffff,41.87268603906752,-87.68742751047148,6,59.31829,61.608418,45.46604,35.165684
882664cab9fffff,41.87268603906752,-87.68742751047148,7,53.046024,61.908165,43.40318,31.270622
882664cab9fffff,41.87268603906752,-87.68742751047148,8,45.914673,54.335545,40.009876,30.533472
882664cab9fffff,41.87268603906752,-87.68742751047148,9,36.88608,39.436386,40.011276,28.638437
882664cab9fffff,41.87268603906752,-87.68742751047148,10,26.214333,27.256832,28.337046,19.034576
882664cab9fffff,41.87268603906752,-87.68742751047148,11,10.287448,16.61055,19.750559,11.381213
882664cab9fffff,41.87268603906752,-87.68742751047148,12,9.149106,13.150085,18.986425,10.854301
882664cabbfffff,41.865191245526844,-87.68267787413082,1,14.92343,20.456276,10.842542,11.191558
882664cabbfffff,41.865191245526844,-87.68267787413082,2,20.899445,22.332594,20.756664,18.237577
882664cabbfffff,41.865191245526844,-87.68267787413082,3,22.767628,22.05111,23.756725,23.799055
882664cabbfffff,41.865191245526844,-87.68267787413082,4,27.94279,29.958788,26.38426,27.633144
882664cabbfffff,41.865191245526844,-87.68267787413082,5,38.30011,41.6438,32.236084,29.36398
882664cabbfffff,41.865191245526844,-87.68267787413082,6,39.69666,39.82309,34.606472,30.254795
882664cabbfffff,41.865191245526844,-87.68267787413082,7,38.93917,42.07237,32.95613,28.547949
882664cabbfffff,41.865191245526844,-87.68267787413082,8,31.743666,37.02301,30.15391,29.162643
882664cabbfffff,41.865191245526844,-87.68267787413082,9,35.357513,26.688774,30.191734,24.816662
882664cabbfffff,41.865191245526844,-87.68267787413082,10,24.496216,25.629074,25.201036,21.009176
882664cabbfffff,41.865191245526844,-87.68267787413082,11,11.476327,18.608814,14.935057,12.253988
882664cabbfffff,41.865191245526844,-87.68267787413082,12,11.471219,15.852005,14.262501,11.641166
882664cabdfffff,41.87372177602571,-87.69885625230694,1,16.502254,18.991596,12.828881,9.940961
882664cabdfffff,41.87372177602571,-87.69885625230694,2,21.169441,21.088371,21.48939,15.30059
882664cabdfffff,41.87372177602571,-87.69885625230694,3,24.058968,20.686123,27.035316,21.23322
882664cabdfffff,41.87372177602571,-87.69885625230694,4,38.261013,34.90016,33.872993,26.086493
882664cabdfffff,41.87372177602571,-87.69885625230694,5,45.02765,49.330513,40.356647,29.379095
882664cabdfffff,41.87372177602571,-87.69885625230694,6,51.238247,46.757282,40.878845,30.565125
882664cabdfffff,41.87372177602571,-87.69885625230694,7,45.50119,48.11601,38.971165,27.496424
882664cabdfffff,41.87372177602571,-87.69885625230694,8,40.490494,41.906506,36.14733,27.328562
882664cabdfffff,41.87372177602571,-87.69885625230694,9,30.035515,31.840923,34.767567,22.74868
882664cabdfffff,41.87372177602571,-87.69885625230694,10,21.336578,23.212252,24.35466,16.658731
882664cabdfffff,41.87372177602571,-87.69885625230694,11,15.088383,18.208767,15.67073,11.20811
882664cabdfffff,41.87372177602571,-87.69885625230694,12,15.008448,16.763725,15.46956,11.117425
882664cac1fffff,41.90705909743359,-87.67688548382804,1,16.123863,22.292128,16.67108,12.996797
882664cac1fffff,41.90705909743359,-87.67688548382804,2,24.953817,23.604418,26.77465,21.186064
882664cac1fffff,41.90705909743359,-87.67688548382804,3,32.179646,28.17341,30.878292,27.49602
882664cac1fffff,41.90705909743359,-87.67688548382804,4,43.506474,35.752712,33.881855,31.725046
882664cac1fffff,41.90705909743359,-87.67688548382804,5,47.867973,58.29044,38.74439,34.579525
882664cac1fffff,41.90705909743359,-87.67688548382804,6,51.643475,56.294273,39.57724,34.466297
882664cac1fffff,41.90705909743359,-87.67688548382804,7,45.86887,57.092117,36.918156,32.581165
882664cac1fffff,41.90705909743359,-87.67688548382804,8,46.386105,41.778824,35.050602,32.00895
882664cac1fffff,41.90705909743359,-87.67688548382804,9,33.993916,38.24098,32.812218,28.213955
882664cac1fffff,41.90705909743359,-87.67688548382804,10,27.566582,28.896725,29.731106,21.210093
882664cac1fffff,41.90705909743359,-87.67688548382804,11,14.895515,22.032614,18.432404,13.155213
882664cac1fffff,41.90705909743359,-87.67688548382804,12,14.454767,19.753693,18.177288,12.741185
882664cac3fffff,41.89956088405421,-87.67213389975309,1,15.891992,24.91961,16.77116,13.728541
882664cac3fffff,41.89956088405421,-87.67213389975309,2,23.821436,20.6832,28.131962,19.402267
882664cac3fffff,41.89956088405421,-87.67213389975309,3,28.506203,24.053183,31.719095,23.948795
882664cac3fffff,41.89956088405421,-87.67213389975309,4,36.545578,33.277122,33.143887,26.205639
882664cac3fffff,41.89956088405421,-87.67213389975309,5,49.266953,58.239433,36.246067,30.752367
882664cac3fffff,41.89956088405421,-87.67213389975309,6,54.984756,57.11442,36.400608,31.708408
882664cac3fffff,41.89956088405421,-87.67213389975309,7,47.40224,56.4864,33.25819,27.605198
882664cac3fffff,41.89956088405421,-87.67213389975309,8,40.068092,36.42029,34.15639,26.459541
882664cac3fffff,41.89956088405421,-87.67213389975309,9,27.606188,30.669416,32.47345,22.481216
882664cac3fffff,41.89956088405421,-87.67213389975309,10,25.695866,26.635988,31.570873,21.011171
882664cac3fffff,41.89956088405421,-87.67213389975309,11,13.126573,24.166344,17.91533,13.7897215
882664cac3fffff,41.89956088405421,-87.67213389975309,12,11.492437,20.74168,18.114363,13.9775505
882664cac5fffff,41.9080958335439,-87.68832279542097,1,15.599796,22.094995,17.181932,10.868208
882664cac5fffff,41.9080958335439,-87.68832279542097,2,22.569994,23.65098,26.543737,18.249308
882664cac5fffff,41.9080958335439,-87.68832279542097,3,32.13081,29.394472,31.644327,25.785755
882664cac5fffff,41.9080958335439,-87.68832279542097,4,35.64608,31.743105,34.87118,27.608772
882664cac5fffff,41.9080958335439,-87.68832279542097,5,40.586475,55.749058,38.816177,29.577505
882664cac5fffff,41.9080958335439,-87.68832279542097,6,46.84472,53.964592,39.266777,30.039509
882664cac5fffff,41.9080958335439,-87.68832279542097,7,39.656178,53.130665,36.53488,27.043606
882664cac5fffff,41.9080958335439,-87.68832279542097,8,37.011852,38.228172,33.41208,27.918652
882664cac5fffff,41.9080958335439,-87.68832279542097,9,40.894352,31.943718,34.07831,24.115017
882664cac5fffff,41.9080958335439,-87.68832279542097,10,27.74761,32.739193,27.364521,18.929226
882664cac5fffff,41.9080958335439,-87.68832279542097,11,10.222822,19.556854,18.710382,10.897159
882664cac5fffff,41.9080958335439,-87.68832279542097,12,8.8957815,16.022728,18.907473,10.832841
882664cac7fffff,41.90059811071863,-87.68356938248962,1,15.424705,23.22376,15.030704,13.483476
882664cac7fffff,41.90059811071863,-87.68356938248962,2,22.432875,24.839811,24.032938,20.676489
882664cac7fffff,41.90059811071863,-87.68356938248962,3,29.089838,27.549393,29.6984,28.305975
882664cac7fffff,41.90059811071863,-87.68356938248962,4,35.670765,33.936275,32.691795,32.989613
882664cac7fffff,41.90059811071863,-87.68356938248962,5,39.94305,53.70537,36.431885,36.36568
882664cac7fffff,41.90059811071863,-87.68356938248962,6,46.94771,53.93692,36.73726,36.14479
882664cac7fffff,41.90059811071863,-87.68356938248962,7,39.60508,50.640717,33.332817,32.66399
882664cac7fffff,41.90059811071863,-87.68356938248962,8,36.917812,39.574787,32.10916,31.42651
882664cac7fffff,41.90059811071863,-87.68356938248962,9,37.676826,41.0539,31.96905,27.081663
882664cac7fffff,41.90059811071863,-87.68356938248962,10,27.457216,33.619514,25.58414,20.719116
882664cac7fffff,41.90059811071863,-87.68356938248962,11,9.619489,19.893084,16.51558,14.022089
882664cac7fffff,41.90059811071863,-87.68356938248962,12,9.2719,18.098349,16.859718,13.831295
882664cac9fffff,41.91352030320222,-87.67019960429818,1,13.668201,23.698378,15.652252,12.199699
882664cac9fffff,41.91352030320222,-87.67019960429818,2,20.46076,26.007036,25.997297,18.428902
882664cac9fffff,41.91352030320222,-87.67019960429818,3,29.69189,29.46285,31.760258,26.608849
882664cac9fffff,41.91352030320222,-87.67019960429818,4,36.751003,44.636784,35.1271,28.139097
882664cac9fffff,41.91352030320222,-87.67019960429818,5,44.51377,65.93105,37.599995,31.480862
882664cac9fffff,41.91352030320222,-87.67019960429818,6,51.471497,66.71245,37.99406,31.59788
882664cac9fffff,41.91352030320222,-87.67019960429818,7,44.206993,63.38934,35.318707,28.500057
882664cac9fffff,41.91352030320222,-87.67019960429818,8,40.74397,50.65267,34.279106,27.683084
882664cac9fffff,41.91352030320222,-87.67019960429818,9,35.216087,44.076843,35.231346,24.029346
882664cac9fffff,41.91352030320222,-87.67019960429818,10,26.453783,33.452675,26.512388,18.34805
882664cac9fffff,41.91352030320222,-87.67019960429818,11,10.133709,20.51074,16.931278,11.805125
882664cac9fffff,41.91352030320222,-87.67019960429818,12,9.00071,17.08724,17.186436,11.685528
882664cacbfffff,41.90602120998877,-87.66544836254006,1,17.650131,21.673279,18.123684,12.304703
882664cacbfffff,41.90602120998877,-87.66544836254006,2,25.823206,24.086004,29.542358,21.263458
882664cacbfffff,41.90602120998877,-87.66544836254006,3,35.46728,29.826881,34.97466,29.82575
882664cacbfffff,41.90602120998877,-87.66544836254006,4,46.420868,36.806892,39.36064,32.964325
882664cacbfffff,41.90602120998877,-87.66544836254006,5,50.28563,61.412975,43.43515,35.595467
882664cacbfffff,41.90602120998877,-87.66544836254006,6,55.392277,59.628506,44.01276,36.13667
882664cacbfffff,41.90602120998877,-87.66544836254006,7,49.457912,58.873695,41.259182,33.06156
882664cacbfffff,41.90602120998877,-87.66544836254006,8,47.842056,44.0529,38.517757,33.847275
882664cacbfffff,41.90602120998877,-87.66544836254006,9,49.923122,37.31063,37.261986,29.65795
882664cacbfffff,41.90602120998877,-87.66544836254006,10,30.433754,33.84016,31.09455,22.15531
882664cacbfffff,41.90602120998877,-87.66544836254006,11,12.431313,19.229984,20.156128,12.044342
882664cacbfffff,41.90602120998877,-87.66544836254006,12,11.889683,16.605455,19.816727,11.630314
882664cacdfffff,41.91455770013736,-87.68163855518856,1,13.986021,19.748144,14.546861,8.338822
882664cacdfffff,41.91455770013736,-87.68163855518856,2,21.712868,19.63028,24.161385,16.543324
882664cacdfffff,41.91455770013736,-87.68163855518856,3,28.9671,22.52192,28.744144,22.246878
882664cacdfffff,41.91455770013736,-87.68163855518856,4,40.243004,23.39728,30.662428,22.463839
882664cacdfffff,41.91455770013736,-87.68163855518856,5,42.56436,43.743374,35.809097,26.137863
882664cacdfffff,41.91455770013736,-87.68163855518856,6,46.2122,41.570225,35.630375,26.729815
882664cacdfffff,41.91455770013736,-87.68163855518856,7,41.773098,43.05152,32.931465,24.0609
882664cacdfffff,41.91455770013736,-87.68163855518856,8,39.670116,29.296968,31.249697,22.84468
882664cacdfffff,41.91455770013736,-87.68163855518856,9,31.17131,26.780533,30.311157,20.09577
882664cacdfffff,41.91455770013736,-87.68163855518856,10,22.512451,24.300962,25.845879,17.055532
882664cacdfffff,41.91455770013736,-87.68163855518856,11,11.935589,19.627216,16.051668,9.824553
882664cacdfffff,41.91455770013736,-87.68163855518856,12,10.709431,16.237576,16.280268,9.760233
882664cad1fffff,41.89102419302646,-87.65595033896504,1,18.275394,21.885883,15.822401,11.157576
882664cad1fffff,41.89102419302646,-87.65595033896504,2,23.947577,23.309814,26.424297,18.590271
882664cad1fffff,41.89102419302646,-87.65595033896504,3,32.5126,26.543596,30.909098,27.534355
882664cad1fffff,41.89102419302646,-87.65595033896504,4,36.217377,29.787128,34.694603,30.764698
882664cad1fffff,41.89102419302646,-87.65595033896504,5,42.264317,53.182686,38.258656,33.63775
882664cad1fffff,41.89102419302646,-87.65595033896504,6,48.52256,51.271107,38.7031,34.071194
882664cad1fffff,41.89102419302646,-87.65595033896504,7,41.47305,50.857716,35.054264,30.277922
882664cad1fffff,41.89102419302646,-87.65595033896504,8,38.64687,35.59966,34.55301,29.493172
882664cad1fffff,41.89102419302646,-87.65595033896504,9,36.026325,35.67425,34.984158,25.196144
882664cad1fffff,41.89102419302646,-87.65595033896504,10,29.609236,32.051796,28.283922,19.161623
882664cad1fffff,41.89102419302646,-87.65595033896504,11,13.844059,18.534243,17.381882,11.877352
882664cad1fffff,41.89102419302646,-87.65595033896504,12,12.617903,15.110753,17.578976,11.813034
882664cad3fffff,41.88352627005485,-87.65120355588328,1,13.429773,21.0826,15.825064,10.102425
882664cad3fffff,41.88352627005485,-87.65120355588328,2,20.485464,23.159916,26.588604,20.57525
882664cad3fffff,41.88352627005485,-87.65120355588328,3,28.091125,25.529144,30.257423,27.740816
882664cad3fffff,41.88352627005485,-87.65120355588328,4,32.88224,30.942238,32.32607,29.35359
882664cad3fffff,41.88352627005485,-87.65120355588328,5,35.54317,49.583496,37.217613,33.732574
882664cad3fffff,41.88352627005485,-87.65120355588328,6,38.619934,47.891594,38.24255,33.771687
882664cad3fffff,41.88352627005485,-87.65120355588328,7,34.83924,47.55796,33.982285,30.595163
882664cad3fffff,41.88352627005485,-87.65120355588328,8,34.445637,36.155155,32.87364,29.333267
882664cad3fffff,41.88352627005485,-87.65120355588328,9,31.894648,36.824947,32.26938,25.8462
882664cad3fffff,41.88352627005485,-87.65120355588328,10,25.41127,31.583515,28.367699,21.575453
882664cad3fffff,41.88352627005485,-87.65120355588328,11,9.206816,18.152843,17.874043,10.578096
882664cad3fffff,41.88352627005485,-87.65120355588328,12,8.7660675,16.819878,17.777401,10.107166
882664cad5fffff,41.89206306038806,-87.6673838023311,1,14.0212555,20.976772,16.442223,11.763268
882664cad5fffff,41.89206306038806,-87.6673838023311,2,22.516813,24.052526,28.113197,20.500162
882664cad5fffff,41.89206306038806,-87.6673838023311,3,32.44833,28.764336,33.592396,28.788977
882664cad5fffff,41.89206306038806,-87.6673838023311,4,45.449646,39.822483,37.497395,31.409462
882664cad5fffff,41.89206306038806,-87.6673838023311,5,50.12305,65.45531,41.48168,34.84841
882664cad5fffff,41.89206306038806,-87.6673838023311,6,55.461025,63.84257,41.979664,35.24229
882664cad5fffff,41.89206306038806,-87.6673838023311,7,49.192753,64.394775,39.200382,32.314507
882664cad5fffff,41.89206306038806,-87.6673838023311,8,46.986736,44.507526,38.043625,30.81006
882664cad5fffff,41.89206306038806,-87.6673838023311,9,35.65162,39.053017,38.336803,27.119799
882664cad5fffff,41.89206306038806,-87.6673838023311,10,24.915821,27.889109,30.3982,20.384748
882664cad5fffff,41.89206306038806,-87.6673838023311,11,12.234375,19.827456,18.08585,11.918799
882664cad5fffff,41.89206306038806,-87.6673838023311,12,11.008215,16.319994,17.683685,11.504771
882664cad7fffff,41.88456562682383,-87.66263519092972,1,15.86964,22.71683,15.6033745,14.120872
882664cad7fffff,41.88456562682383,-87.66263519092972,2,23.847412,25.263605,27.18938,21.5758
882664cad7fffff,41.88456562682383,-87.66263519092972,3,32.638004,27.24455,33.22306,29.84057
882664cad7fffff,41.88456562682383,-87.66263519092972,4,45.038357,42.865456,38.32562,34.345802
882664cad7fffff,41.88456562682383,-87.66263519092972,5,50.425144,64.580345,42.96594,38.03204
882664cad7fffff,41.88456562682383,-87.66263519092972,6,55.5318,62.535187,43.79415,38.42809
882664cad7fffff,41.88456562682383,-87.66263519092972,7,50.017197,62.506912,39.76154,34.777245
882664cad7fffff,41.88456562682383,-87.66263519092972,8,48.38361,48.600246,38.895103,34.304394
882664cad7fffff,41.88456562682383,-87.66263519092972,9,41.803783,44.694313,37.90908,30.287928
882664cad7fffff,41.88456562682383,-87.66263519092972,10,29.85608,32.67136,29.221928,21.891392
882664cad7fffff,41.88456562682383,-87.66263519092972,11,12.006248,19.617756,17.246994,14.041328
882664cad7fffff,41.88456562682383,-87.66263519092972,12,10.780088,17.328981,16.96566,13.698499
882664cad9fffff,41.89748297802839,-87.64926350705616,1,16.119692,23.916904,17.390753,12.968468
882664cad9fffff,41.89748297802839,-87.64926350705616,2,23.765373,26.279188,27.323965,20.852976
882664cad9fffff,41.89748297802839,-87.64926350705616,3,32.736618,30.89336,34.31805,29.324682
882664cad9fffff,41.89748297802839,-87.64926350705616,4,41.84692,44.9179,37.64679,32.796967
882664cad9fffff,41.89748297802839,-87.64926350705616,5,47.530846,68.50285,40.563732,36.159184
882664cad9fffff,41.89748297802839,-87.64926350705616,6,54.48857,69.35188,41.144012,36.5392
882664cad9fffff,41.89748297802839,-87.64926350705616,7,46.840748,65.741394,38.468643,33.36632
882664cad9fffff,41.89748297802839,-87.64926350705616,8,44.108723,50.843735,38.196774,32.340954
882664cad9fffff,41.89748297802839,-87.64926350705616,9,42.002514,42.889313,38.522762,28.157228
882664cad9fffff,41.89748297802839,-87.64926350705616,10,28.145765,34.214058,30.391485,21.240149
882664cad9fffff,41.89748297802839,-87.64926350705616,11,10.519114,20.385654,19.22203,13.123762
882664cad9fffff,41.89748297802839,-87.64926350705616,12,9.30603,17.089035,19.419125,12.932968
882664cadbfffff,41.88998417522496,-87.64451706744605,1,17.01834,22.861876,14.989427,12.09708
882664cadbfffff,41.88998417522496,-87.64451706744605,2,23.738834,23.964655,25.845327,19.108164
882664cadbfffff,41.88998417522496,-87.64451706744605,3,31.521015,26.441355,30.24937,26.659098
882664cadbfffff,41.88998417522496,-87.64451706744605,4,36.310528,30.716246,33.936928,29.775043
882664cadbfffff,41.88998417522496,-87.64451706744605,5,39.87523,51.031,38.747,33.440514
882664cadbfffff,41.88998417522496,-87.64451706744605,6,45.90215,49.18859,39.63316,33.666527
882664cadbfffff,41.88998417522496,-87.64451706744605,7,39.083965,48.7938,35.64795,30.185709
882664cadbfffff,41.88998417522496,-87.64451706744605,8,39.272465,36.51548,33.89665,29.87718
882664cadbfffff,41.88998417522496,-87.64451706744605,9,36.63841,36.36876,32.748447,26.155933
882664cadbfffff,41.88998417522496,-87.64451706744605,10,29.684126,32.111137,27.329851,19.85429
882664cadbfffff,41.88998417522496,-87.64451706744605,11,12.771622,19.524975,16.310957,12.506194
882664cadbfffff,41.88998417522496,-87.64451706744605,12,12.330879,17.73024,16.50805,12.441876
882664caddfffff,41.89852250646728,-87.66069860763987,1,13.939222,22.148998,15.742941,8.856147
882664caddfffff,41.89852250646728,-87.66069860763987,2,20.883158,23.704983,24.052338,15.892028
882664caddfffff,41.89852250646728,-87.66069860763987,3,30.131304,28.588663,29.118237,22.57533
882664caddfffff,41.89852250646728,-87.66069860763987,4,38.984253,26.470852,31.812035,22.99198
882664caddfffff,41.89852250646728,-87.66069860763987,5,41.21144,47.881065,35.958584,24.960712
882664caddfffff,41.89852250646728,-87.66069860763987,6,45.520992,46.0966,36.432228,25.37935
882664caddfffff,41.89852250646728,-87.66069860763987,7,40.28114,45.395214,33.700344,22.687742
882664caddfffff,41.89852250646728,-87.66069860763987,8,39.14736,32.874363,31.02046,22.901297
882664caddfffff,41.89852250646728,-87.66069860763987,9,44.803814,29.261662,31.68888,19.32626
882664caddfffff,41.89852250646728,-87.66069860763987,10,26.418173,32.793198,25.315447,16.156422
882664caddfffff,41.89852250646728,-87.66069860763987,11,8.306108,19.610857,17.241337,9.218267
882664caddfffff,41.89852250646728,-87.66069860763987,12,6.979066,16.076729,17.375664,9.15395
882664cae1fffff,41.90266911099911,-87.70644091620713,1,21.97727,17.822418,14.006031,13.681939
882664cae1fffff,41.90266911099911,-87.70644091620713,2,28.153093,20.672297,25.102528,20.234392
882664cae1fffff,41.90266911099911,-87.70644091620713,3,35.669918,24.78763,29.815496,29.333368
882664cae1fffff,41.90266911099911,-87.70644091620713,4,34.821342,31.08893,36.01602,32.04161
882664cae1fffff,41.90266911099911,-87.70644091620713,5,39.48581,51.20381,40.14468,35.8154
882664cae1fffff,41.90266911099911,-87.70644091620713,6,45.71584,49.136066,42.072727,37.461884
882664cae1fffff,41.90266911099911,-87.70644091620713,7,39.309795,48.97441,38.565628,33.45829
882664cae1fffff,41.90266911099911,-87.70644091620713,8,38.809105,35.221973,37.267544,32.28794
882664cae1fffff,41.90266911099911,-87.70644091620713,9,40.71653,33.746693,38.13461,29.85745
882664cae1fffff,41.90266911099911,-87.70644091620713,10,33.966595,27.258228,27.255526,20.477432
882664cae1fffff,41.90266911099911,-87.70644091620713,11,18.198612,14.501547,16.70179,13.706967
882664cae1fffff,41.90266911099911,-87.70644091620713,12,17.75787,12.639902,16.754875,13.525967
882664cae3fffff,41.89517275912807,-87.70168533445353,1,14.210871,21.242743,18.588163,12.692959
882664cae3fffff,41.89517275912807,-87.70168533445353,2,21.657505,24.721441,27.368553,21.407465
882664cae3fffff,41.89517275912807,-87.70168533445353,3,31.951038,30.149485,33.65849,28.638071
882664cae3fffff,41.89517275912807,-87.70168533445353,4,49.248302,46.115242,37.89424,33.96612
882664cae3fffff,41.89517275912807,-87.70168533445353,5,57.638016,75.34894,41.134674,37.034702
882664cae3fffff,41.89517275912807,-87.70168533445353,6,63.462456,72.82135,41.075283,36.88655
882664cae3fffff,41.89517275912807,-87.70168533445353,7,57.11752,73.05232,39.206192,34.381237
882664cae3fffff,41.89517275912807,-87.70168533445353,8,52.39362,51.333214,39.370144,34.15921
882664cae3fffff,41.89517275912807,-87.70168533445353,9,35.652054,36.794052,37.97257,30.09162
882664cae3fffff,41.89517275912807,-87.70168533445353,10,23.213423,28.56651,31.116186,21.873196
882664cae3fffff,41.89517275912807,-87.70168533445353,11,12.349291,20.370821,20.354176,13.186483
882664cae3fffff,41.89517275912807,-87.70168533445353,12,11.136208,16.922821,20.01477,12.898124
882664cae5fffff,41.903702884475486,-87.71787696537523,1,15.919759,17.07661,12.679871,10.793464
882664cae5fffff,41.903702884475486,-87.71787696537523,2,18.84832,19.261328,23.882633,16.703665
882664cae5fffff,41.903702884475486,-87.71787696537523,3,23.87615,23.634485,29.567467,22.216587
882664cae5fffff,41.903702884475486,-87.71787696537523,4,26.797548,34.67817,34.33105,25.990795
882664cae5fffff,41.903702884475486,-87.71787696537523,5,36.99352,48.118454,38.63982,31.830046
882664cae5fffff,41.903702884475486,-87.71787696537523,6,43.058964,44.5825,40.122784,32.917767
882664cae5fffff,41.903702884475486,-87.71787696537523,7,37.163948,47.435177,37.723263,30.062168
882664cae5fffff,41.903702884475486,-87.71787696537523,8,31.363321,40.269363,35.916794,27.502588
882664cae5fffff,41.903702884475486,-87.71787696537523,9,22.413029,32.667694,35.054165,23.41968
882664cae5fffff,41.903702884475486,-87.71787696537523,10,19.879137,22.21405,26.331392,18.273207
882664cae5fffff,41.903702884475486,-87.71787696537523,11,14.207834,16.317888,16.151787,11.405599
882664cae5fffff,41.903702884475486,-87.71787696537523,12,13.250456,14.19822,16.40348,11.146645
882664cae7fffff,41.89620702402612,-87.71311955614922,1,13.026266,20.583817,16.098404,11.302062
882664cae7fffff,41.89620702402612,-87.71311955614922,2,17.518671,22.961306,25.26854,18.358917
882664cae7fffff,41.89620702402612,-87.71311955614922,3,21.055527,25.321642,31.411789,24.926083
882664cae7fffff,41.89620702402612,-87.71311955614922,4,34.9609,31.99147,36.850037,29.624577
882664cae7fffff,41.89620702402612,-87.71311955614922,5,39.59932,49.287003,42.24674,32.386734
882664cae7fffff,41.89620702402612,-87.71311955614922,6,45.86916,47.09284,42.691525,32.30647
882664cae7fffff,41.89620702402612,-87.71311955614922,7,40.21621,47.657215,39.548046,28.908823
882664cae7fffff,41.89620702402612,-87.71311955614922,8,39.237724,37.435013,37.96326,28.261726
882664cae7fffff,41.89620702402612,-87.71311955614922,9,30.06626,34.7421,37.96187,25.017735
882664cae7fffff,41.89620702402612,-87.71311955614922,10,21.193148,24.765896,28.196278,18.507196
882664cae7fffff,41.89620702402612,-87.71311955614922,11,11.68792,18.914085,18.206308,11.449259
882664cae7fffff,41.89620702402612,-87.71311955614922,12,11.607985,15.711421,17.768541,11.035231
882664cae9fffff,41.90913141824956,-87.69976029641205,1,20.91214,20.638355,13.780691,11.793907
882664cae9fffff,41.90913141824956,-87.69976029641205,2,27.170973,23.223166,24.315784,18.714802
882664cae9fffff,41.90913141824956,-87.69976029641205,3,35.47787,26.680635,30.196787,27.131178
882664cae9fffff,41.90913141824956,-87.69976029641205,4,35.96195,28.822697,34.437943,27.687874
882664cae9fffff,41.90913141824956,-87.69976029641205,5,41.75886,48.72158,36.867386,31.206758
882664cae9fffff,41.90913141824956,-87.69976029641205,6,46.0402,46.71634,38.838554,32.502377
882664cae9fffff,41.90913141824956,-87.69976029641205,7,41.443817,46.575054,36.21589,29.24177
882664cae9fffff,41.90913141824956,-87.69976029641205,8,38.770287,33.50391,35.763515,28.283186
882664cae9fffff,41.90913141824956,-87.69976029641205,9,42.800243,33.056072,36.12829,25.909306
882664cae9fffff,41.90913141824956,-87.69976029641205,10,33.47141,29.270945,26.327269,19.25887
882664cae9fffff,41.90913141824956,-87.69976029641205,11,16.774372,17.205296,16.297985,11.933689
882664cae9fffff,41.90913141824956,-87.69976029641205,12,16.33363,15.199434,16.351067,11.75269
882664caebfffff,41.90163418639024,-87.6950050549431,1,15.369619,19.855568,14.961576,9.610937
882664caebfffff,41.90163418639024,-87.6950050549431,2,21.151258,22.99983,22.92947,14.573614
882664caebfffff,41.90163418639024,-87.6950050549431,3,30.166477,25.307644,27.163837,19.796377
882664caebfffff,41.90163418639024,-87.6950050549431,4,36.814198,32.022884,31.410294,22.148272
882664caebfffff,41.90163418639024,-87.6950050549431,5,44.046562,54.257656,36.92136,25.845299
882664caebfffff,41.90163418639024,-87.6950050549431,6,50.669987,52.20334,37.050156,27.259974
882664caebfffff,41.90163418639024,-87.6950050549431,7,43.638615,52.712677,33.88358,23.533
882664caebfffff,41.90163418639024,-87.6950050549431,8,38.560703,37.947865,31.474852,23.150015
882664caebfffff,41.90163418639024,-87.6950050549431,9,28.838522,33.605225,30.561895,19.79669
882664caebfffff,41.90163418639024,-87.6950050549431,10,24.121325,26.436712,23.993828,15.179849
882664caebfffff,41.90163418639024,-87.6950050549431,11,13.337888,19.23241,16.304258,10.087261
882664caebfffff,41.90163418639024,-87.6950050549431,12,12.111731,15.237767,16.653692,10.09414
882664caedfffff,41.91016585148069,-87.71119798589444,1,14.467716,20.36373,15.390585,13.084203
882664caedfffff,41.91016585148069,-87.71119798589444,2,21.490181,23.5128,25.271303,20.145798
882664caedfffff,41.91016585148069,-87.71119798589444,3,30.205355,28.764925,30.808317,27.649405
882664caedfffff,41.91016585148069,-87.71119798589444,4,40.205574,37.44737,33.563587,28.89525
882664caedfffff,41.91016585148069,-87.71119798589444,5,50.446426,59.844955,36.688984,33.38822
882664caedfffff,41.91016585148069,-87.71119798589444,6,55.45546,60.504684,37.233208,33.51089
882664caedfffff,41.91016585148069,-87.71119798589444,7,50.139652,58.85541,34.695797,30.641226
882664caedfffff,41.91016585148069,-87.71119798589444,8,41.187546,43.030468,32.752148,29.405758
882664caedfffff,41.91016585148069,-87.71119798589444,9,30.138609,35.837708,32.196404,25.888123
882664caedfffff,41.91016585148069,-87.71119798589444,10,22.078465,27.129662,25.128609,20.015104
882664caedfffff,41.91016585148069,-87.71119798589444,11,13.164803,20.266844,16.727343,12.608079
882664caedfffff,41.91016585148069,-87.71119798589444,12,12.031801,16.544836,16.780432,12.300602
882664cb01fffff,41.946327256560245,-87.79891507691026,1,15.39364,18.866638,10.069581,10.905932
882664cb01fffff,41.946327256560245,-87.79891507691026,2,21.44578,19.72553,18.627378,16.897661
882664cb01fffff,41.946327256560245,-87.79891507691026,3,27.149487,24.122448,25.332228,23.112978
882664cb01fffff,41.946327256560245,-87.79891507691026,4,34.9958,32.56658,31.90701,27.278625
882664cb01fffff,41.946327256560245,-87.79891507691026,5,41.322647,45.746258,34.023457,29.99707
882664cb01fffff,41.946327256560245,-87.79891507691026,6,47.696373,43.03669,34.619846,30.895994
882664cb01fffff,41.946327256560245,-87.79891507691026,7,41.281765,44.761917,34.011494,29.216494
882664cb01fffff,41.946327256560245,-87.79891507691026,8,34.941387,35.993595,32.716156,28.96208
882664cb01fffff,41.946327256560245,-87.79891507691026,9,25.26898,32.280376,31.74359,25.562002
882664cb01fffff,41.946327256560245,-87.79891507691026,10,20.83432,21.515064,19.984398,18.188122
882664cb01fffff,41.946327256560245,-87.79891507691026,11,13.431598,17.353502,14.700383,12.076865
882664cb01fffff,41.946327256560245,-87.79891507691026,12,12.474219,14.795036,15.091764,11.667246
882664cb03fffff,41.938831931272986,-87.79414107636336,1,15.626866,16.775185,13.1150055,7.9674125
882664cb03fffff,41.938831931272986,-87.79414107636336,2,21.026463,16.593613,21.182577,13.144373
882664cb03fffff,41.938831931272986,-87.79414107636336,3,25.281952,19.78943,27.209206,20.277716
882664cb03fffff,41.938831931272986,-87.79414107636336,4,28.790545,30.437971,33.034958,24.034779
882664cb03fffff,41.938831931272986,-87.79414107636336,5,38.911808,45.363663,39.11563,27.397139
882664cb03fffff,41.938831931272986,-87.79414107636336,6,44.930973,42.639477,40.051956,28.638073
882664cb03fffff,41.938831931272986,-87.79414107636336,7,38.956497,43.65044,38.48492,26.407412
882664cb03fffff,41.938831931272986,-87.79414107636336,8,32.4878,34.69911,35.82392,26.441591
882664cb03fffff,41.938831931272986,-87.79414107636336,9,22.5414,25.549171,34.908516,23.083817
882664cb03fffff,41.938831931272986,-87.79414107636336,10,23.326555,16.495035,24.445728,15.122547
882664cb03fffff,41.938831931272986,-87.79414107636336,11,13.866719,14.508732,16.29122,9.118751
882664cb03fffff,41.938831931272986,-87.79414107636336,12,12.909339,12.162439,16.03913,8.591839
882664cb05fffff,41.94735164682879,-87.81036136855893,1,18.298681,16.814623,13.619123,10.502783
882664cb05fffff,41.94735164682879,-87.81036136855893,2,23.656374,17.962927,22.205778,17.562876
882664cb05fffff,41.94735164682879,-87.81036136855893,3,29.816866,22.266617,28.207745,24.111254
882664cb05fffff,41.94735164682879,-87.81036136855893,4,37.97708,37.897842,36.760864,29.363707
882664cb05fffff,41.94735164682879,-87.81036136855893,5,50.175243,53.525433,43.960403,33.382423
882664cb05fffff,41.94735164682879,-87.81036136855893,6,56.656666,50.381622,45.71048,33.7506
882664cb05fffff,41.94735164682879,-87.81036136855893,7,50.250893,53.16735,44.208817,31.327932
882664cb05fffff,41.94735164682879,-87.81036136855893,8,41.145065,45.395016,39.319725,31.204466
882664cb05fffff,41.94735164682879,-87.81036136855893,9,27.686594,31.67779,38.143013,27.866743
882664cb05fffff,41.94735164682879,-87.81036136855893,10,23.395111,21.180233,24.995779,19.170918
882664cb05fffff,41.94735164682879,-87.81036136855893,11,16.881601,15.826389,17.734114,10.774224
882664cb05fffff,41.94735164682879,-87.81036136855893,12,15.924216,12.64224,17.290548,10.281073
882664cb07fffff,41.93985681727155,-87.8055855403437,1,19.095043,16.735073,11.567022,12.759461
882664cb07fffff,41.93985681727155,-87.8055855403437,2,22.732817,17.587467,21.952515,21.98133
882664cb07fffff,41.93985681727155,-87.8055855403437,3,26.83334,21.68181,28.070312,28.713894
882664cb07fffff,41.93985681727155,-87.8055855403437,4,32.07043,30.35954,34.465515,35.689114
882664cb07fffff,41.93985681727155,-87.8055855403437,5,43.373516,47.620464,39.087803,42.011955
882664cb07fffff,41.93985681727155,-87.8055855403437,6,47.09228,43.64,40.787003,43.073624
882664cb07fffff,41.93985681727155,-87.8055855403437,7,43.27195,46.640564,39.060284,40.721687
882664cb07fffff,41.93985681727155,-87.8055855403437,8,34.68334,35.919754,36.39452,38.2897
882664cb07fffff,41.93985681727155,-87.8055855403437,9,28.945704,29.868015,35.066162,35.084694
882664cb07fffff,41.93985681727155,-87.8055855403437,10,23.655142,20.04639,24.685877,24.428032
882664cb07fffff,41.93985681727155,-87.8055855403437,11,17.188643,15.201947,14.933117,14.271264
882664cb07fffff,41.93985681727155,-87.8055855403437,12,16.457937,12.899397,14.404309,13.567972
882664cb09fffff,41.9527979181182,-87.79224263189421,1,12.55666,16.245735,15.460214,11.229359
882664cb09fffff,41.9527979181182,-87.79224263189421,2,19.763798,18.928305,25.157297,20.454855
882664cb09fffff,41.9527979181182,-87.79224263189421,3,26.486282,23.938665,29.244944,27.189535
882664cb09fffff,41.9527979181182,-87.79224263189421,4,39.400288,38.026268,31.910587,31.751436
882664cb09fffff,41.9527979181182,-87.79224263189421,5,43.878574,62.531155,33.58259,34.406475
882664cb09fffff,41.9527979181182,-87.79224263189421,6,47.4738,61.765728,33.55218,34.29331
882664cb09fffff,41.9527979181182,-87.79224263189421,7,42.44788,62.45422,31.950068,31.689085
882664cb09fffff,41.9527979181182,-87.79224263189421,8,40.261406,43.75076,31.546534,32.679543
882664cb09fffff,41.9527979181182,-87.79224263189421,9,25.75479,31.990574,29.375595,26.548979
882664cb09fffff,41.9527979181182,-87.79224263189421,10,20.945051,22.718586,25.847279,21.411045
882664cb09fffff,41.9527979181182,-87.79224263189421,11,11.214199,15.709225,17.04283,11.629285
882664cb09fffff,41.9527979181182,-87.79224263189421,12,10.86661,12.17989,16.977472,11.08878
882664cb0bfffff,41.94530171269211,-87.78746896610924,1,12.339264,14.460897,17.47385,13.7621765
882664cb0bfffff,41.94530171269211,-87.78746896610924,2,17.852783,17.417963,26.921772,22.91475
882664cb0bfffff,41.94530171269211,-87.78746896610924,3,24.677603,21.666735,31.977476,29.52632
882664cb0bfffff,41.94530171269211,-87.78746896610924,4,40.675713,33.12478,35.55023,33.650227
882664cb0bfffff,41.94530171269211,-87.78746896610924,5,48.880383,49.58168,40.75301,39.494267
882664cb0bfffff,41.94530171269211,-87.78746896610924,6,53.678493,47.624626,42.13834,40.019962
882664cb0bfffff,41.94530171269211,-87.78746896610924,7,47.02043,49.61923,40.97047,38.261887
882664cb0bfffff,41.94530171269211,-87.78746896610924,8,45.34695,39.13798,37.509888,34.855698
882664cb0bfffff,41.94530171269211,-87.78746896610924,9,33.70916,26.628931,37.216164,31.807207
882664cb0bfffff,41.94530171269211,-87.78746896610924,10,20.995022,21.96835,30.161638,23.853846
882664cb0bfffff,41.94530171269211,-87.78746896610924,11,11.273012,14.712836,21.198116,14.761505
882664cb0bfffff,41.94530171269211,-87.78746896610924,12,10.306784,11.8394985,20.480518,14.1595955
882664cb0dfffff,41.95382296629886,-87.80369057111218,1,6.941909,14.144926,14.818485,10.993529
882664cb0dfffff,41.95382296629886,-87.80369057111218,2,14.551478,15.060552,21.427275,16.9976
882664cb0dfffff,41.95382296629886,-87.80369057111218,3,19.85107,22.037764,25.658781,23.605337
882664cb0dfffff,41.95382296629886,-87.80369057111218,4,30.353182,39.946957,32.485916,28.797087
882664cb0dfffff,41.95382296629886,-87.80369057111218,5,45.226475,56.58752,38.292004,31.28202
882664cb0dfffff,41.95382296629886,-87.80369057111218,6,51.371277,55.108986,39.331573,31.515823
882664cb0dfffff,41.95382296629886,-87.80369057111218,7,44.066685,56.771027,37.402554,29.623829
882664cb0dfffff,41.95382296629886,-87.80369057111218,8,32.07981,46.607742,32.16699,30.022158
882664cb0dfffff,41.95382296629886,-87.80369057111218,9,18.194427,25.305635,30.844105,26.257599
882664cb0dfffff,41.95382296629886,-87.80369057111218,10,14.657187,18.382355,21.809113,19.032007
882664cb0dfffff,41.95382296629886,-87.80369057111218,11,5.2262964,13.990781,17.481705,11.59808
882664cb0dfffff,41.95382296629886,-87.80369057111218,12,4.953448,11.706056,17.374718,11.104928
882664cb11fffff,41.93031045669056,-87.77792611359553,1,13.649313,14.455319,16.09283,9.994868
882664cb11fffff,41.93031045669056,-87.77792611359553,2,20.817764,19.475788,21.502636,21.208254
882664cb11fffff,41.93031045669056,-87.77792611359553,3,31.336329,22.585636,28.13285,27.059006
882664cb11fffff,41.93031045669056,-87.77792611359553,4,40.323566,28.142307,30.523346,27.69977
882664cb11fffff,41.93031045669056,-87.77792611359553,5,50.64379,53.95782,37.173054,30.94919
882664cb11fffff,41.93031045669056,-87.77792611359553,6,52.876884,52.910034,36.851315,31.751833
882664cb11fffff,41.93031045669056,-87.77792611359553,7,48.829567,51.912083,35.398155,29.302914
882664cb11fffff,41.93031045669056,-87.77792611359553,8,42.882706,33.729404,32.587444,27.91847
882664cb11fffff,41.93031045669056,-87.77792611359553,9,41.01089,28.7756,33.091835,26.160091
882664cb11fffff,41.93031045669056,-87.77792611359553,10,28.453209,28.07275,24.598013,22.484472
882664cb11fffff,41.93031045669056,-87.77792611359553,11,10.3675785,12.608106,17.96851,11.212078
882664cb11fffff,41.93031045669056,-87.77792611359553,12,8.960455,9.778355,17.654453,10.798048
882664cb13fffff,41.92281540689636,-87.7731569255984,1,14.902552,19.666128,16.069023,10.326127
882664cb13fffff,41.92281540689636,-87.7731569255984,2,17.363024,23.189249,27.894037,18.614075
882664cb13fffff,41.92281540689636,-87.7731569255984,3,21.562162,23.856953,31.94877,25.817474
882664cb13fffff,41.92281540689636,-87.7731569255984,4,31.67829,30.992798,36.55168,32.18668
882664cb13fffff,41.92281540689636,-87.7731569255984,5,37.272736,43.319218,41.076088,35.41163
882664cb13fffff,41.92281540689636,-87.7731569255984,6,43.773907,40.380383,42.03421,35.89306
882664cb13fffff,41.92281540689636,-87.7731569255984,7,37.594986,41.761307,39.59372,32.99188
882664cb13fffff,41.92281540689636,-87.7731569255984,8,36.694847,34.825294,39.953438,32.110786
882664cb13fffff,41.92281540689636,-87.7731569255984,9,29.864847,32.232452,41.15052,29.556458
882664cb13fffff,41.92281540689636,-87.7731569255984,10,19.633488,24.551777,32.431087,20.086296
882664cb13fffff,41.92281540689636,-87.7731569255984,11,13.39801,17.883102,19.486088,11.697041
882664cb13fffff,41.92281540689636,-87.7731569255984,12,12.532661,15.289362,18.876286,11.283012
882664cb15fffff,41.931336990827965,-87.78936856883709,1,8.98258,13.520464,9.897261,11.437463
882664cb15fffff,41.931336990827965,-87.78936856883709,2,17.417059,17.538273,19.21681,18.395761
882664cb15fffff,41.931336990827965,-87.78936856883709,3,26.587887,22.828976,23.427368,24.54277
882664cb15fffff,41.931336990827965,-87.78936856883709,4,38.792683,36.74992,25.94818,29.563334
882664cb15fffff,41.931336990827965,-87.78936856883709,5,48.187347,57.59427,30.06849,33.80168
882664cb15fffff,41.931336990827965,-87.78936856883709,6,50.089176,56.99735,30.081978,32.43146
882664cb15fffff,41.931336990827965,-87.78936856883709,7,44.740276,58.049847,29.333048,31.214544
882664cb15fffff,41.931336990827965,-87.78936856883709,8,41.379826,43.79844,26.466785,28.61249
882664cb15fffff,41.931336990827965,-87.78936856883709,9,26.751432,25.305933,24.96764,23.205975
882664cb15fffff,41.931336990827965,-87.78936856883709,10,17.90467,23.351376,22.152634,17.3757
882664cb15fffff,41.931336990827965,-87.78936856883709,11,7.795989,14.297698,13.372834,10.614097
882664cb15fffff,41.931336990827965,-87.78936856883709,12,7.347519,11.674197,13.180768,10.0869665
882664cb17fffff,41.9238424356158,-87.78459755369738,1,13.345694,19.132357,16.097506,9.738358
882664cb17fffff,41.9238424356158,-87.78459755369738,2,19.384909,22.34983,23.000011,18.341656
882664cb17fffff,41.9238424356158,-87.78459755369738,3,29.011015,26.814236,28.017239,25.859646
882664cb17fffff,41.9238424356158,-87.78459755369738,4,36.2593,37.81807,29.30066,32.144703
882664cb17fffff,41.9238424356158,-87.78459755369738,5,44.282215,62.381287,32.265762,32.24754
882664cb17fffff,41.9238424356158,-87.78459755369738,6,48.31679,60.869675,32.7282,32.509327
882664cb17fffff,41.9238424356158,-87.78459755369738,7,43.188297,59.91145,30.341387,29.176147
882664cb17fffff,41.9238424356158,-87.78459755369738,8,40.848705,43.49486,28.78358,30.738655
882664cb17fffff,41.9238424356158,-87.78459755369738,9,34.992943,33.47112,29.111074,24.287569
882664cb17fffff,41.9238424356158,-87.78459755369738,10,25.809166,31.830627,24.932922,18.461315
882664cb17fffff,41.9238424356158,-87.78459755369738,11,9.659328,16.760368,17.715618,10.201566
882664cb17fffff,41.9238424356158,-87.78459755369738,12,9.139093,14.158155,17.477905,9.603238
882664cb19fffff,41.93677869977796,-87.77125269282587,1,20.669806,20.962223,14.169718,15.292251
882664cb19fffff,41.93677869977796,-87.77125269282587,2,25.61768,24.56227,23.37408,23.372793
882664cb19fffff,41.93677869977796,-87.77125269282587,3,30.462502,30.796436,30.999212,31.22313
882664cb19fffff,41.93677869977796,-87.77125269282587,4,38.359753,47.22445,36.38732,36.75622
882664cb19fffff,41.93677869977796,-87.77125269282587,5,49.464355,63.815544,42.635056,39.29353
882664cb19fffff,41.93677869977796,-87.77125269282587,6,55.802513,60.462135,43.86126,39.916443
882664cb19fffff,41.93677869977796,-87.77125269282587,7,49.369072,62.542416,41.65084,36.94749
882664cb19fffff,41.93677869977796,-87.77125269282587,8,42.991337,54.3164,38.05408,36.918827
882664cb19fffff,41.93677869977796,-87.77125269282587,9,33.91187,45.611576,40.34311,34.868484
882664cb19fffff,41.93677869977796,-87.77125269282587,10,27.915525,27.072275,27.215319,24.431225
882664cb19fffff,41.93677869977796,-87.77125269282587,11,19.109789,19.199816,17.653185,15.755018
882664cb19fffff,41.93677869977796,-87.77125269282587,12,18.072325,16.003613,17.251368,15.324924
882664cb1bfffff,41.92928276984336,-87.76648384075726,1,7.987314,20.255558,13.297012,9.253419
882664cb1bfffff,41.92928276984336,-87.76648384075726,2,14.304661,21.007149,22.389896,13.495168
882664cb1bfffff,41.92928276984336,-87.76648384075726,3,17.812449,20.90205,28.876554,19.541224
882664cb1bfffff,41.92928276984336,-87.76648384075726,4,26.704445,38.147434,34.031803,23.24733
882664cb1bfffff,41.92928276984336,-87.76648384075726,5,33.416355,53.78136,39.782303,27.09426
882664cb1bfffff,41.92928276984336,-87.76648384075726,6,39.480892,50.397816,39.809216,28.906532
882664cb1bfffff,41.92928276984336,-87.76648384075726,7,34.318108,51.742466,38.679024,25.756254
882664cb1bfffff,41.92928276984336,-87.76648384075726,8,31.120237,43.40632,35.93518,25.423264
882664cb1bfffff,41.92928276984336,-87.76648384075726,9,19.904533,31.354328,36.186077,21.692865
882664cb1bfffff,41.92928276984336,-87.76648384075726,10,17.576601,22.570974,25.019268,15.896232
882664cb1bfffff,41.92928276984336,-87.76648384075726,11,7.429384,18.81985,15.498813,10.896594
882664cb1bfffff,41.92928276984336,-87.76648384075726,12,6.4839525,16.293526,15.228705,10.553764
882664cb1dfffff,41.937805892085976,-87.78269679355446,1,15.071636,16.554358,15.496716,12.966844
882664cb1dfffff,41.937805892085976,-87.78269679355446,2,21.449966,19.774046,27.435429,21.775843
882664cb1dfffff,41.937805892085976,-87.78269679355446,3,29.487152,24.12096,32.58955,29.225796
882664cb1dfffff,41.937805892085976,-87.78269679355446,4,39.22359,29.99758,37.815147,33.11043
882664cb1dfffff,41.937805892085976,-87.78269679355446,5,41.295494,52.014313,39.85138,36.13054
882664cb1dfffff,41.937805892085976,-87.78269679355446,6,46.28087,50.787186,40.93929,37.21277
882664cb1dfffff,41.937805892085976,-87.78269679355446,7,40.793697,52.2301,39.23854,34.676662
882664cb1dfffff,41.937805892085976,-87.78269679355446,8,38.914505,36.26788,40.210415,34.687122
882664cb1dfffff,41.937805892085976,-87.78269679355446,9,33.711605,30.767029,38.695316,31.465656
882664cb1dfffff,41.937805892085976,-87.78269679355446,10,21.592228,24.38814,30.464573,23.413437
882664cb1dfffff,41.937805892085976,-87.78269679355446,11,13.368128,16.34524,18.174475,13.934683
882664cb1dfffff,41.937805892085976,-87.78269679355446,12,12.927383,14.040871,17.92935,13.520655
882664cb21fffff,41.94190312943496,-87.82847500818293,1,8.878215,11.122815,11.993111,9.564778
882664cb21fffff,41.94190312943496,-87.82847500818293,2,17.048557,14.565542,19.128428,14.9548855
882664cb21fffff,41.94190312943496,-87.82847500818293,3,23.44731,21.095194,23.760881,21.263939
882664cb21fffff,41.94190312943496,-87.82847500818293,4,33.01748,36.821297,31.453043,27.505014
882664cb21fffff,41.94190312943496,-87.82847500818293,5,45.379787,50.307293,38.866314,29.469418
882664cb21fffff,41.94190312943496,-87.82847500818293,6,51.3061,48.29304,40.10736,30.258448
882664cb21fffff,41.94190312943496,-87.82847500818293,7,44.82371,50.47468,39.053757,28.595612
882664cb21fffff,41.94190312943496,-87.82847500818293,8,36.631363,42.338486,34.086124,29.086866
882664cb21fffff,41.94190312943496,-87.82847500818293,9,23.40761,23.071348,31.86855,23.136496
882664cb21fffff,41.94190312943496,-87.82847500818293,10,17.26633,16.92546,22.938046,17.045681
882664cb21fffff,41.94190312943496,-87.82847500818293,11,8.167849,11.280432,16.080462,9.938744
882664cb21fffff,41.94190312943496,-87.82847500818293,12,7.8232346,10.073062,15.777271,9.508647
882664cb25fffff,41.94292455546636,-87.83992001022372,1,5.829839,11.805395,6.7559037,8.197006
882664cb25fffff,41.94292455546636,-87.83992001022372,2,15.75074,17.282696,12.452904,14.00898
882664cb25fffff,41.94292455546636,-87.83992001022372,3,22.210218,23.591585,16.826027,19.02929
882664cb25fffff,41.94292455546636,-87.83992001022372,4,24.245975,35.626694,22.599316,23.858486
882664cb25fffff,41.94292455546636,-87.83992001022372,5,39.175785,49.019627,27.214005,28.631292
882664cb25fffff,41.94292455546636,-87.83992001022372,6,43.42785,47.398224,28.163557,30.283447
882664cb25fffff,41.94292455546636,-87.83992001022372,7,38.605408,47.35432,27.500257,27.25092
882664cb25fffff,41.94292455546636,-87.83992001022372,8,26.998192,37.040127,25.412704,25.44887
882664cb25fffff,41.94292455546636,-87.83992001022372,9,21.056501,22.953194,24.777002,23.60436
882664cb25fffff,41.94292455546636,-87.83992001022372,10,16.3166,18.599928,16.778818,17.798294
882664cb25fffff,41.94292455546636,-87.83992001022372,11,5.0743613,11.730822,11.202401,8.980841
882664cb25fffff,41.94292455546636,-87.83992001022372,12,4.6292357,9.467598,11.347493,8.886423
882664cb29fffff,41.948374883430695,-87.82180784014592,1,10.825107,14.462406,11.492914,12.874181
882664cb29fffff,41.948374883430695,-87.82180784014592,2,18.013716,16.127016,20.224384,19.535265
882664cb29fffff,41.948374883430695,-87.82180784014592,3,24.29443,24.189907,25.432922,26.112434
882664cb29fffff,41.948374883430695,-87.82180784014592,4,28.55089,34.846626,29.185968,31.803236
882664cb29fffff,41.948374883430695,-87.82180784014592,5,36.792606,45.53163,33.107178,35.35497
882664cb29fffff,41.948374883430695,-87.82180784014592,6,42.058754,43.380592,34.636353,36.193077
882664cb29fffff,41.948374883430695,-87.82180784014592,7,36.164017,45.94712,33.504017,34.03356
882664cb29fffff,41.948374883430695,-87.82180784014592,8,30.530466,39.32257,30.394714,33.907093
882664cb29fffff,41.948374883430695,-87.82180784014592,9,24.28178,28.062405,28.406586,29.548323
882664cb29fffff,41.948374883430695,-87.82180784014592,10,17.063086,18.534624,22.876629,20.6991
882664cb29fffff,41.948374883430695,-87.82180784014592,11,9.449275,14.706208,16.403873,13.1423
882664cb29fffff,41.948374883430695,-87.82180784014592,12,9.104661,13.600925,16.191711,12.69892
882664cb2bfffff,41.940880550014505,-87.81703018458657,1,9.490457,11.72797,12.74246,9.599572
882664cb2bfffff,41.940880550014505,-87.81703018458657,2,13.976186,13.068358,19.429617,16.781853
882664cb2bfffff,41.940880550014505,-87.81703018458657,3,17.040428,17.844028,23.042042,23.71204
882664cb2bfffff,41.940880550014505,-87.81703018458657,4,23.569538,27.232132,29.580606,31.958246
882664cb2bfffff,41.940880550014505,-87.81703018458657,5,32.875504,40.54006,31.523952,34.915302
882664cb2bfffff,41.940880550014505,-87.81703018458657,6,37.536537,39.460056,33.506638,36.587227
882664cb2bfffff,41.940880550014505,-87.81703018458657,7,32.417023,40.982437,31.606136,34.176857
882664cb2bfffff,41.940880550014505,-87.81703018458657,8,27.242205,32.540962,32.775,33.233013
882664cb2bfffff,41.940880550014505,-87.81703018458657,9,16.919395,18.635984,31.175974,28.559708
882664cb2bfffff,41.940880550014505,-87.81703018458657,10,13.803,14.070954,23.160158,18.81884
882664cb2bfffff,41.940880550014505,-87.81703018458657,11,8.302711,10.174047,15.644288,11.101688
882664cb2bfffff,41.940880550014505,-87.81703018458657,12,8.033964,8.937782,15.42697,10.641775
882664cb2dfffff,41.949396966299226,-87.83325449076172,1,7.7548685,10.676584,3.5972667,3.9786537
882664cb2dfffff,41.949396966299226,-87.83325449076172,2,14.538838,10.553553,8.00258,9.242913
882664cb2dfffff,41.949396966299226,-87.83325449076172,3,19.640882,16.042814,10.681295,13.361636
882664cb2dfffff,41.949396966299226,-87.83325449076172,4,17.168404,19.637651,15.988375,19.935497
882664cb2dfffff,41.949396966299226,-87.83325449076172,5,29.247803,31.144655,20.180906,20.983109
882664cb2dfffff,41.949396966299226,-87.83325449076172,6,32.493206,29.271572,21.665462,21.199615
882664cb2dfffff,41.949396966299226,-87.83325449076172,7,29.654802,31.663761,20.775394,21.259464
882664cb2dfffff,41.949396966299226,-87.83325449076172,8,21.103792,24.816069,18.114222,21.77156
882664cb2dfffff,41.949396966299226,-87.83325449076172,9,15.281107,16.774466,16.533009,17.926786
882664cb2dfffff,41.949396966299226,-87.83325449076172,10,15.356652,11.762706,10.337552,12.0136385
882664cb2dfffff,41.949396966299226,-87.83325449076172,11,7.510674,9.094177,8.097325,5.4607015
882664cb2dfffff,41.949396966299226,-87.83325449076172,12,7.4686027,7.4077463,8.345301,5.114137
882664cb33fffff,41.91839985595965,-87.80270617858724,1,16.656982,14.017627,10.189203,7.5246587
882664cb33fffff,41.91839985595965,-87.80270617858724,2,21.528973,15.409901,18.07883,13.698452
882664cb33fffff,41.91839985595965,-87.80270617858724,3,24.93962,17.639559,22.685053,19.597748
882664cb33fffff,41.91839985595965,-87.80270617858724,4,29.956573,30.92271,28.03068,23.683872
882664cb33fffff,41.91839985595965,-87.80270617858724,5,40.921284,42.44058,33.86137,25.343056
882664cb33fffff,41.91839985595965,-87.80270617858724,6,45.644344,40.889156,35.982235,26.7331
882664cb33fffff,41.91839985595965,-87.80270617858724,7,40.832176,42.249767,34.813244,24.680803
882664cb33fffff,41.91839985595965,-87.80270617858724,8,33.156544,37.147457,31.05561,26.286905
882664cb33fffff,41.91839985595965,-87.80270617858724,9,24.105333,25.910269,28.82706,20.914625
882664cb33fffff,41.91839985595965,-87.80270617858724,10,22.596571,17.21914,21.646482,16.685896
882664cb33fffff,41.91839985595965,-87.80270617858724,11,15.81293,12.531391,14.59098,8.629866
882664cb33fffff,41.91839985595965,-87.80270617858724,12,15.569198,10.446848,14.176509,8.039897
882664cb39fffff,41.93236237218798,-87.80081120557355,1,17.736147,16.759535,13.451933,14.251473
882664cb39fffff,41.93236237218798,-87.80081120557355,2,23.687145,17.558,22.489136,20.957296
882664cb39fffff,41.93236237218798,-87.80081120557355,3,28.269583,23.202806,28.946037,27.246626
882664cb39fffff,41.93236237218798,-87.80081120557355,4,39.36464,40.997997,34.66621,32.330383
882664cb39fffff,41.93236237218798,-87.80081120557355,5,49.568775,56.940247,42.787098,36.49221
882664cb39fffff,41.93236237218798,-87.80081120557355,6,54.898968,54.574688,44.014107,37.958492
882664cb39fffff,41.93236237218798,-87.80081120557355,7,50.69033,56.75433,41.61539,34.108334
882664cb39fffff,41.93236237218798,-87.80081120557355,8,42.666885,48.815838,36.124973,33.86094
882664cb39fffff,41.93236237218798,-87.80081120557355,9,28.254147,37.577404,34.776333,30.459835
882664cb39fffff,41.93236237218798,-87.80081120557355,10,25.940908,20.883345,24.660446,21.624395
882664cb39fffff,41.93236237218798,-87.80081120557355,11,17.414654,15.859683,16.694054,13.626915
882664cb39fffff,41.93236237218798,-87.80081120557355,12,17.162605,13.270008,16.08001,13.036948
882664cb3bfffff,41.92486831196886,-87.79603836361433,1,11.85806,11.949141,13.933198,8.892901
882664cb3bfffff,41.92486831196886,-87.79603836361433,2,17.26321,12.951775,21.41711,15.3080435
882664cb3bfffff,41.92486831196886,-87.79603836361433,3,22.941555,17.46828,27.470318,20.951702
882664cb3bfffff,41.92486831196886,-87.79603836361433,4,32.80215,30.768623,32.615524,26.388105
882664cb3bfffff,41.92486831196886,-87.79603836361433,5,42.10255,42.49732,35.566513,28.102188
882664cb3bfffff,41.92486831196886,-87.79603836361433,6,47.277843,40.95339,36.39701,28.7375
882664cb3bfffff,41.92486831196886,-87.79603836361433,7,41.160828,42.710083,36.196392,26.773342
882664cb3bfffff,41.92486831196886,-87.79603836361433,8,34.345562,35.744072,35.245674,27.415854
882664cb3bfffff,41.92486831196886,-87.79603836361433,9,21.368269,18.805182,33.09217,21.200588
882664cb3bfffff,41.92486831196886,-87.79603836361433,10,18.031836,15.6573925,24.185137,16.123991
882664cb3bfffff,41.92486831196886,-87.79603836361433,11,10.1829,12.00055,17.483822,9.773014
882664cb3bfffff,41.92486831196886,-87.79603836361433,12,9.838286,10.19509,17.360462,9.377112
882664cb43fffff,41.95926880149397,-87.7855682045935,1,14.462596,16.26842,13.870295,11.706086
882664cb43fffff,41.95926880149397,-87.7855682045935,2,20.848324,18.014833,23.558542,19.131968
882664cb43fffff,41.95926880149397,-87.7855682045935,3,26.036852,22.888872,29.789404,25.772217
882664cb43fffff,41.95926880149397,-87.7855682045935,4,32.891243,35.375412,35.550106,28.141417
882664cb43fffff,41.95926880149397,-87.7855682045935,5,47.962486,49.04696,40.829536,31.362036
882664cb43fffff,41.95926880149397,-87.7855682045935,6,51.677998,46.418213,43.192417,32.325554
882664cb43fffff,41.95926880149397,-87.7855682045935,7,48.037533,48.976974,41.78109,30.48823
882664cb43fffff,41.95926880149397,-87.7855682045935,8,37.759644,42.393085,38.730534,29.446878
882664cb43fffff,41.95926880149397,-87.7855682045935,9,26.191225,29.019932,36.334232,26.458946
882664cb43fffff,41.95926880149397,-87.7855682045935,10,22.452868,20.3961,27.586271,20.76002
882664cb43fffff,41.95926880149397,-87.7855682045935,11,13.684671,15.256174,18.692265,11.924055
882664cb43fffff,41.95926880149397,-87.7855682045935,12,12.727287,12.627818,18.392105,11.580884
882664cb49fffff,41.97323825612873,-87.78366628323343,1,18.063889,16.957993,11.723363,12.334658
882664cb49fffff,41.97323825612873,-87.78366628323343,2,23.266537,18.695108,19.502787,19.165482
882664cb49fffff,41.97323825612873,-87.78366628323343,3,28.501606,23.348228,24.693731,25.729586
882664cb49fffff,41.97323825612873,-87.78366628323343,4,34.454365,34.393776,31.498194,31.53803
882664cb49fffff,41.97323825612873,-87.78366628323343,5,49.18613,53.488358,38.763073,35.96361
882664cb49fffff,41.97323825612873,-87.78366628323343,6,52.95118,50.19778,39.127003,37.029327
882664cb49fffff,41.97323825612873,-87.78366628323343,7,49.084564,53.036083,37.00958,34.537327
882664cb49fffff,41.97323825612873,-87.78366628323343,8,37.037823,42.095142,32.008213,34.223713
882664cb49fffff,41.97323825612873,-87.78366628323343,9,27.557775,33.09693,30.117327,30.316236
882664cb49fffff,41.97323825612873,-87.78366628323343,10,24.07088,22.09135,20.90161,21.365194
882664cb49fffff,41.97323825612873,-87.78366628323343,11,16.153488,16.34128,14.4938965,13.015615
882664cb49fffff,41.97323825612873,-87.78366628323343,12,15.422784,13.347851,14.075781,12.574933
882664cb4bfffff,41.96573990623576,-87.77889179430588,1,13.581638,21.230213,14.572629,15.328156
882664cb4bfffff,41.96573990623576,-87.77889179430588,2,20.244408,23.137737,26.428217,22.15081
882664cb4bfffff,41.96573990623576,-87.77889179430588,3,25.10907,28.043447,32.552658,29.890083
882664cb4bfffff,41.96573990623576,-87.77889179430588,4,44.834282,45.38264,38.273495,33.567085
882664cb4bfffff,41.96573990623576,-87.77889179430588,5,55.34839,63.757393,43.660328,37.56725
882664cb4bfffff,41.96573990623576,-87.77889179430588,6,59.958694,61.40412,44.47748,37.98731
882664cb4bfffff,41.96573990623576,-87.77889179430588,7,54.011497,63.52095,42.55778,35.03336
882664cb4bfffff,41.96573990623576,-87.77889179430588,8,47.941566,52.73004,39.18156,34.215405
882664cb4bfffff,41.96573990623576,-87.77889179430588,9,31.103384,38.191063,37.71184,30.380436
882664cb4bfffff,41.96573990623576,-87.77889179430588,10,20.539768,25.920685,29.760069,23.254072
882664cb4bfffff,41.96573990623576,-87.77889179430588,11,12.37775,20.92222,17.845268,14.993068
882664cb4bfffff,41.96573990623576,-87.77889179430588,12,11.432322,17.706665,17.549824,14.650238
882664cb4dfffff,41.97426412532259,-87.79511934842027,1,12.385325,15.401628,13.274944,13.068309
882664cb4dfffff,41.97426412532259,-87.79511934842027,2,21.484552,16.862516,18.394287,19.638708
882664cb4dfffff,41.97426412532259,-87.79511934842027,3,26.390862,23.109625,24.482288,23.639135
882664cb4dfffff,41.97426412532259,-87.79511934842027,4,31.121626,37.135414,28.02409,25.198992
882664cb4dfffff,41.97426412532259,-87.79511934842027,5,45.717514,50.678043,30.640285,29.61274
882664cb4dfffff,41.97426412532259,-87.79511934842027,6,48.930622,49.264347,30.68457,30.786314
882664cb4dfffff,41.97426412532259,-87.79511934842027,7,42.821842,50.12922,30.64661,27.740362
882664cb4dfffff,41.97426412532259,-87.79511934842027,8,35.081097,41.171562,30.03205,26.687948
882664cb4dfffff,41.97426412532259,-87.79511934842027,9,27.718357,28.245474,27.860813,25.370636
882664cb4dfffff,41.97426412532259,-87.79511934842027,10,22.079418,21.924362,23.616356,20.828314
882664cb4dfffff,41.97426412532259,-87.79511934842027,11,11.362348,16.08462,18.380983,11.29445
882664cb4dfffff,41.97426412532259,-87.79511934842027,12,10.167468,13.214578,18.233,11.04016
882664cb51fffff,41.95074435999369,-87.76934729866787,1,14.345675,15.243425,15.92123,9.532101
882664cb51fffff,41.95074435999369,-87.76934729866787,2,20.376808,17.36486,23.093285,17.310572
882664cb51fffff,41.95074435999369,-87.76934729866787,3,27.304987,21.640804,27.83409,23.338022
882664cb51fffff,41.95074435999369,-87.76934729866787,4,39.385975,35.16379,34.475216,27.152864
882664cb51fffff,41.95074435999369,-87.76934729866787,5,51.857574,51.888084,39.530045,30.60863
882664cb51fffff,41.95074435999369,-87.76934729866787,6,57.837185,49.7498,40.902027,32.03901
882664cb51fffff,41.95074435999369,-87.76934729866787,7,51.264713,51.642044,39.378654,29.214678
882664cb51fffff,41.95074435999369,-87.76934729866787,8,43.365627,41.21154,37.130657,28.450562
882664cb51fffff,41.95074435999369,-87.76934729866787,9,28.819765,28.66645,36.228775,25.014845
882664cb51fffff,41.95074435999369,-87.76934729866787,10,21.887936,19.853043,26.325539,18.313848
882664cb51fffff,41.95074435999369,-87.76934729866787,11,12.321507,14.21119,19.001873,9.9226
882664cb51fffff,41.95074435999369,-87.76934729866787,12,11.364127,11.713925,18.682545,9.583566
882664cb53fffff,41.943247164426666,-87.76457729068734,1,11.763119,16.59563,15.756916,13.307874
882664cb53fffff,41.943247164426666,-87.76457729068734,2,17.508427,18.325386,26.300602,21.226208
882664cb53fffff,41.943247164426666,-87.76457729068734,3,21.380594,21.555193,30.410069,27.086082
882664cb53fffff,41.943247164426666,-87.76457729068734,4,36.448406,35.376503,33.440292,32.64981
882664cb53fffff,41.943247164426666,-87.76457729068734,5,41.929485,48.09811,35.947258,33.793762
882664cb53fffff,41.943247164426666,-87.76457729068734,6,47.20192,47.235588,37.2336,33.778008
882664cb53fffff,41.943247164426666,-87.76457729068734,7,41.202324,48.940804,36.365906,32.501858
882664cb53fffff,41.943247164426666,-87.76457729068734,8,41.72485,41.698833,35.460888,33.594982
882664cb53fffff,41.943247164426666,-87.76457729068734,9,24.158052,22.19456,34.560947,26.55808
882664cb53fffff,41.943247164426666,-87.76457729068734,10,20.214106,21.719763,30.052904,22.029928
882664cb53fffff,41.943247164426666,-87.76457729068734,11,10.52792,16.976162,19.332312,14.56152
882664cb53fffff,41.943247164426666,-87.76457729068734,12,10.275337,14.824819,18.996233,14.089664
882664cb55fffff,41.95177171599398,-87.78079487410955,1,16.051033,16.360891,13.762711,11.823717
882664cb55fffff,41.95177171599398,-87.78079487410955,2,22.201931,18.018257,21.836613,18.244001
882664cb55fffff,41.95177171599398,-87.78079487410955,3,28.301283,22.691225,27.382896,24.339159
882664cb55fffff,41.95177171599398,-87.78079487410955,4,34.090176,31.937923,33.161663,26.490894
882664cb55fffff,41.95177171599398,-87.78079487410955,5,45.041775,48.02911,38.134956,30.340958
882664cb55fffff,41.95177171599398,-87.78079487410955,6,49.15374,45.427197,38.474293,31.087063
882664cb55fffff,41.95177171599398,-87.78079487410955,7,45.554543,47.67788,36.929535,28.063843
882664cb55fffff,41.95177171599398,-87.78079487410955,8,38.46822,38.58152,32.723385,27.273392
882664cb55fffff,41.95177171599398,-87.78079487410955,9,25.911186,29.093908,31.039503,24.17494
882664cb55fffff,41.95177171599398,-87.78079487410955,10,25.251598,20.789215,21.891571,18.315643
882664cb55fffff,41.95177171599398,-87.78079487410955,11,14.181951,15.796767,15.919386,10.675996
882664cb55fffff,41.95177171599398,-87.78079487410955,12,14.00999,13.701081,15.540318,10.149084
882664cb57fffff,41.94427501529172,-87.7760230370652,1,13.921993,16.595655,15.411618,13.787755
882664cb57fffff,41.94427501529172,-87.7760230370652,2,19.856438,17.959692,23.60759,21.870823
882664cb57fffff,41.94427501529172,-87.7760230370652,3,26.327896,22.051222,28.037132,28.787737
882664cb57fffff,41.94427501529172,-87.7760230370652,4,42.349598,30.721678,31.675516,31.28985
882664cb57fffff,41.94427501529172,-87.7760230370652,5,48.50233,42.782413,34.248188,34.799778
882664cb57fffff,41.94427501529172,-87.7760230370652,6,52.947853,42.052094,34.2117,35.506165
882664cb57fffff,41.94427501529172,-87.7760230370652,7,46.695087,43.956913,34.111378,33.269527
882664cb57fffff,41.94427501529172,-87.7760230370652,8,44.17222,36.9223,32.570114,34.05606
882664cb57fffff,41.94427501529172,-87.7760230370652,9,34.58116,28.631256,32.17339,31.318918
882664cb57fffff,41.94427501529172,-87.7760230370652,10,21.872082,23.272758,25.682487,24.505049
882664cb57fffff,41.94427501529172,-87.7760230370652,11,12.908449,17.137123,19.475246,15.110176
882664cb57fffff,41.94427501529172,-87.7760230370652,12,11.942221,14.286851,19.649843,14.779678
882664cb59fffff,41.95721392574017,-87.76266957766079,1,17.869513,15.996424,14.692691,13.207875
882664cb59fffff,41.95721392574017,-87.76266957766079,2,24.56613,17.180496,23.684858,20.564322
882664cb59fffff,41.95721392574017,-87.76266957766079,3,31.353752,23.143827,29.263483,26.665909
882664cb59fffff,41.95721392574017,-87.76266957766079,4,41.336235,40.956596,36.317863,33.34602
882664cb59fffff,41.95721392574017,-87.76266957766079,5,55.537685,60.36498,44.487164,37.317516
882664cb59fffff,41.95721392574017,-87.76266957766079,6,61.378654,57.807117,46.117172,38.356667
882664cb59fffff,41.95721392574017,-87.76266957766079,7,54.815807,59.9967,43.08301,35.23325
882664cb59fffff,41.95721392574017,-87.76266957766079,8,45.251896,48.153843,38.702145,34.919643
882664cb59fffff,41.95721392574017,-87.76266957766079,9,31.556644,33.969707,37.40656,31.74378
882664cb59fffff,41.95721392574017,-87.76266957766079,10,26.283192,20.585066,26.75413,21.244553
882664cb59fffff,41.95721392574017,-87.76266957766079,11,15.763076,15.208046,17.30425,12.578687
882664cb59fffff,41.95721392574017,-87.76266957766079,12,14.725616,12.808041,16.546797,12.051773
882664cb5bfffff,41.9497158501851,-87.75789990647871,1,16.40003,19.434088,14.219237,16.328766
882664cb5bfffff,41.9497158501851,-87.75789990647871,2,23.870932,18.863613,23.7498,22.796799
882664cb5bfffff,41.9497158501851,-87.75789990647871,3,27.442846,23.786076,30.172989,26.62333
882664cb5bfffff,41.9497158501851,-87.75789990647871,4,35.580353,35.077168,33.17595,28.463203
882664cb5bfffff,41.9497158501851,-87.75789990647871,5,47.856697,49.603325,37.012123,34.372616
882664cb5bfffff,41.9497158501851,-87.75789990647871,6,51.187473,47.942932,37.027313,35.68592
882664cb5bfffff,41.9497158501851,-87.75789990647871,7,47.728817,48.46966,35.231316,30.943268
882664cb5bfffff,41.9497158501851,-87.75789990647871,8,41.183537,38.269447,34.15844,28.278921
882664cb5bfffff,41.9497158501851,-87.75789990647871,9,30.845678,29.112333,33.0904,24.916145
882664cb5bfffff,41.9497158501851,-87.75789990647871,10,25.487375,23.034077,27.018261,23.003105
882664cb5bfffff,41.9497158501851,-87.75789990647871,11,15.310434,18.741924,16.334585,14.812255
882664cb5bfffff,41.9497158501851,-87.75789990647871,12,14.742437,16.635267,15.901778,14.47679
882664cb5dfffff,41.95824194072701,-87.7741187996624,1,13.523143,18.260029,17.857662,10.250866
882664cb5dfffff,41.95824194072701,-87.7741187996624,2,19.814615,19.276993,25.705408,18.102692
882664cb5dfffff,41.95824194072701,-87.7741187996624,3,27.457748,25.545134,31.463911,24.59716
882664cb5dfffff,41.95824194072701,-87.7741187996624,4,41.13547,40.248043,39.093945,27.746492
882664cb5dfffff,41.95824194072701,-87.7741187996624,5,52.71095,57.01136,44.65947,30.492155
882664cb5dfffff,41.95824194072701,-87.7741187996624,6,59.621094,56.070377,46.025307,32.02676
882664cb5dfffff,41.95824194072701,-87.7741187996624,7,52.38463,57.78628,44.50808,29.098204
882664cb5dfffff,41.95824194072701,-87.7741187996624,8,43.861122,47.451344,41.133144,29.280584
882664cb5dfffff,41.95824194072701,-87.7741187996624,9,28.798897,27.54448,39.14133,25.638647
882664cb5dfffff,41.95824194072701,-87.7741187996624,10,19.402653,22.452297,27.934053,19.399708
882664cb5dfffff,41.95824194072701,-87.7741187996624,11,11.37004,18.082645,20.894949,10.669267
882664cb5dfffff,41.95824194072701,-87.7741187996624,12,10.311778,14.995063,20.575624,10.3302355
882664cc01fffff,41.78173164161253,-87.6191230630915,1,7.9649124,15.911794,13.334961,7.782788
882664cc01fffff,41.78173164161253,-87.6191230630915,2,14.135135,19.867619,20.062618,12.880866
882664cc01fffff,41.78173164161253,-87.6191230630915,3,20.669687,21.814186,24.014082,19.631525
882664cc01fffff,41.78173164161253,-87.6191230630915,4,28.539347,43.414387,24.903902,23.133095
882664cc01fffff,41.78173164161253,-87.6191230630915,5,34.928173,57.783405,28.451094,25.662117
882664cc01fffff,41.78173164161253,-87.6191230630915,6,40.220676,57.87599,29.613894,28.09689
882664cc01fffff,41.78173164161253,-87.6191230630915,7,34.81129,56.678673,28.787298,25.241919
882664cc01fffff,41.78173164161253,-87.6191230630915,8,30.832975,45.825718,25.906157,24.17611
882664cc01fffff,41.78173164161253,-87.6191230630915,9,16.729845,23.523684,24.485697,19.87734
882664cc01fffff,41.78173164161253,-87.6191230630915,10,14.365027,20.537432,22.924116,15.17041
882664cc01fffff,41.78173164161253,-87.6191230630915,11,7.20732,14.652001,16.791716,8.840532
882664cc01fffff,41.78173164161253,-87.6191230630915,12,6.714961,12.125535,16.313963,8.183346
882664cc03fffff,41.77424107512584,-87.61439302344412,1,4.692624,11.628451,14.562109,8.47985
882664cc03fffff,41.77424107512584,-87.61439302344412,2,8.369546,14.579683,20.020393,14.500052
882664cc03fffff,41.77424107512584,-87.61439302344412,3,14.96737,15.704477,21.881794,19.430859
882664cc03fffff,41.77424107512584,-87.61439302344412,4,21.296446,27.696928,22.781399,26.146685
882664cc03fffff,41.77424107512584,-87.61439302344412,5,30.893387,38.26731,28.468151,29.558378
882664cc03fffff,41.77424107512584,-87.61439302344412,6,34.832813,38.24497,29.283468,31.542252
882664cc03fffff,41.77424107512584,-87.61439302344412,7,28.365105,37.727444,28.723515,29.42115
882664cc03fffff,41.77424107512584,-87.61439302344412,8,25.925627,30.455,24.833275,27.23225
882664cc03fffff,41.77424107512584,-87.61439302344412,9,17.097141,14.688784,24.353472,20.7443
882664cc03fffff,41.77424107512584,-87.61439302344412,10,10.849954,16.216,22.865305,15.429782
882664cc03fffff,41.77424107512584,-87.61439302344412,11,3.5642605,11.716998,17.17265,9.542006
882664cc03fffff,41.77424107512584,-87.61439302344412,12,3.4926696,9.983619,16.78367,9.127977
882664cc05fffff,41.78277437835369,-87.63052973083889,1,9.518853,15.827899,13.390213,8.488996
882664cc05fffff,41.78277437835369,-87.63052973083889,2,13.595969,19.930992,21.195856,15.106273
882664cc05fffff,41.78277437835369,-87.63052973083889,3,21.2521,21.843563,27.396385,25.538418
882664cc05fffff,41.78277437835369,-87.63052973083889,4,27.800894,40.963184,31.489853,27.379232
882664cc05fffff,41.78277437835369,-87.63052973083889,5,32.69979,59.64384,36.537773,32.573544
882664cc05fffff,41.78277437835369,-87.63052973083889,6,38.105057,58.18728,37.264935,35.31511
882664cc05fffff,41.78277437835369,-87.63052973083889,7,32.09696,56.57585,36.203968,31.566538
882664cc05fffff,41.78277437835369,-87.63052973083889,8,30.56226,41.78992,32.60715,27.432726
882664cc05fffff,41.78277437835369,-87.63052973083889,9,19.631853,27.981092,32.929096,25.357658
882664cc05fffff,41.78277437835369,-87.63052973083889,10,17.649048,19.098526,24.457937,17.647028
882664cc05fffff,41.78277437835369,-87.63052973083889,11,8.450286,13.558496,16.175707,9.653648
882664cc05fffff,41.78277437835369,-87.63052973083889,12,7.225254,11.387905,15.891943,9.252406
882664cc07fffff,41.77528429701227,-87.62579787021737,1,9.478742,13.582856,10.161398,11.704927
882664cc07fffff,41.77528429701227,-87.62579787021737,2,14.263259,14.971233,19.531076,18.263336
882664cc07fffff,41.77528429701227,-87.62579787021737,3,19.282188,17.930897,24.918356,25.836397
882664cc07fffff,41.77528429701227,-87.62579787021737,4,23.809633,29.485432,25.752329,26.65817
882664cc07fffff,41.77528429701227,-87.62579787021737,5,27.242628,36.154305,27.627638,29.113817
882664cc07fffff,41.77528429701227,-87.62579787021737,6,32.76384,37.239967,28.092129,29.451534
882664cc07fffff,41.77528429701227,-87.62579787021737,7,26.69451,37.480534,27.80347,28.62376
882664cc07fffff,41.77528429701227,-87.62579787021737,8,24.864655,32.973087,26.654821,28.727661
882664cc07fffff,41.77528429701227,-87.62579787021737,9,17.25978,22.744926,25.838913,25.985945
882664cc07fffff,41.77528429701227,-87.62579787021737,10,16.092962,16.837938,21.890902,20.183084
882664cc07fffff,41.77528429701227,-87.62579787021737,11,8.412465,14.068273,14.237716,13.044823
882664cc07fffff,41.77528429701227,-87.62579787021737,12,8.340877,12.280854,13.87619,12.597645
882664cc09fffff,41.7881792071496,-87.6124462845766,1,14.212088,16.65764,19.080616,13.084021
882664cc09fffff,41.7881792071496,-87.6124462845766,2,20.176208,21.309546,28.489977,22.802408
882664cc09fffff,41.7881792071496,-87.6124462845766,3,31.68343,28.16142,33.281036,29.710245
882664cc09fffff,41.7881792071496,-87.6124462845766,4,39.806244,33.83277,40.238434,35.52239
882664cc09fffff,41.7881792071496,-87.6124462845766,5,42.962353,59.561935,44.89677,36.926174
882664cc09fffff,41.7881792071496,-87.6124462845766,6,46.99693,58.124763,46.56801,37.506313
882664cc09fffff,41.7881792071496,-87.6124462845766,7,41.29717,58.430786,43.960693,35.956886
882664cc09fffff,41.7881792071496,-87.6124462845766,8,42.61888,38.25634,42.404728,36.803253
882664cc09fffff,41.7881792071496,-87.6124462845766,9,34.24257,28.552425,41.48043,33.39173
882664cc09fffff,41.7881792071496,-87.6124462845766,10,22.21907,25.879543,32.602272,23.444107
882664cc09fffff,41.7881792071496,-87.6124462845766,11,12.783112,17.061804,21.555899,13.883317
882664cc09fffff,41.7881792071496,-87.6124462845766,12,11.333731,13.570632,21.044458,13.469287
882664cc0bfffff,41.78068776038818,-87.60771658921739,1,9.800348,14.718857,14.698068,6.7046795
882664cc0bfffff,41.78068776038818,-87.60771658921739,2,15.903269,17.991985,18.796297,17.274118
882664cc0bfffff,41.78068776038818,-87.60771658921739,3,26.320845,21.127674,23.633764,20.609043
882664cc0bfffff,41.78068776038818,-87.60771658921739,4,31.355703,19.531734,23.22139,19.922544
882664cc0bfffff,41.78068776038818,-87.60771658921739,5,41.981003,45.77764,30.424576,24.846277
882664cc0bfffff,41.78068776038818,-87.60771658921739,6,43.982777,44.46898,29.803152,24.673826
882664cc0bfffff,41.78068776038818,-87.60771658921739,7,40.166782,43.47102,27.41082,22.330427
882664cc0bfffff,41.78068776038818,-87.60771658921739,8,33.411167,25.295006,24.349197,19.094221
882664cc0bfffff,41.78068776038818,-87.60771658921739,9,33.79365,25.006035,24.781853,17.073267
882664cc0bfffff,41.78068776038818,-87.60771658921739,10,23.02037,26.76511,21.01214,17.715147
882664cc0bfffff,41.78068776038818,-87.60771658921739,11,6.518614,13.135728,16.2396,7.0682497
882664cc0bfffff,41.78068776038818,-87.60771658921739,12,5.1915703,10.447542,16.027193,6.6542196
882664cc0dfffff,41.789222603273856,-87.62385458016443,1,22.039503,18.943523,16.022076,12.254847
882664cc0dfffff,41.789222603273856,-87.62385458016443,2,25.2657,23.584644,26.193806,21.733938
882664cc0dfffff,41.789222603273856,-87.62385458016443,3,32.58818,26.98989,31.511608,30.19982
882664cc0dfffff,41.789222603273856,-87.62385458016443,4,37.382942,40.97357,36.585228,34.28104
882664cc0dfffff,41.789222603273856,-87.62385458016443,5,47.8322,56.54602,42.206043,37.093967
882664cc0dfffff,41.789222603273856,-87.62385458016443,6,55.112545,53.732273,42.915016,36.892788
882664cc0dfffff,41.789222603273856,-87.62385458016443,7,47.597885,53.89517,42.34811,35.359486
882664cc0dfffff,41.789222603273856,-87.62385458016443,8,42.368366,46.19536,38.50858,34.09852
882664cc0dfffff,41.789222603273856,-87.62385458016443,9,38.807655,40.365673,40.440155,32.983948
882664cc0dfffff,41.789222603273856,-87.62385458016443,10,30.131907,28.304901,29.018019,22.389374
882664cc0dfffff,41.789222603273856,-87.62385458016443,11,17.009033,14.671768,19.795671,12.24922
882664cc0dfffff,41.789222603273856,-87.62385458016443,12,16.051653,11.800326,19.49803,11.819123
882664cc11fffff,41.76570605387119,-87.59826162887035,1,18.349098,18.71183,15.140212,11.718294
882664cc11fffff,41.76570605387119,-87.59826162887035,2,22.749575,23.755556,21.0185,19.672693
882664cc11fffff,41.76570605387119,-87.59826162887035,3,30.17018,29.259892,27.835665,26.477928
882664cc11fffff,41.76570605387119,-87.59826162887035,4,38.022114,39.286995,31.694572,28.810802
882664cc11fffff,41.76570605387119,-87.59826162887035,5,46.671524,50.68387,35.98327,31.465746
882664cc11fffff,41.76570605387119,-87.59826162887035,6,51.680412,48.283875,36.842354,32.028778
882664cc11fffff,41.76570605387119,-87.59826162887035,7,44.718746,49.366413,36.00315,29.048338
882664cc11fffff,41.76570605387119,-87.59826162887035,8,41.571598,41.79898,33.0842,30.689734
882664cc11fffff,41.76570605387119,-87.59826162887035,9,36.01061,40.244236,34.84791,30.79353
882664cc11fffff,41.76570605387119,-87.59826162887035,10,28.543749,25.15319,23.870687,21.722649
882664cc11fffff,41.76570605387119,-87.59826162887035,11,16.273,17.723314,18.646225,11.753829
882664cc11fffff,41.76570605387119,-87.59826162887035,12,15.214747,14.320355,18.616007,11.407265
882664cc13fffff,41.75821579488605,-87.59353636262803,1,12.255691,17.886196,15.536284,10.014009
882664cc13fffff,41.75821579488605,-87.59353636262803,2,16.088633,19.546816,23.032803,15.503868
882664cc13fffff,41.75821579488605,-87.59353636262803,3,20.29133,21.502447,28.596392,21.892237
882664cc13fffff,41.75821579488605,-87.59353636262803,4,33.45133,34.42129,32.384247,23.786386
882664cc13fffff,41.75821579488605,-87.59353636262803,5,42.633842,51.037262,37.364906,29.485699
882664cc13fffff,41.75821579488605,-87.59353636262803,6,49.44081,50.357063,36.898937,32.564026
882664cc13fffff,41.75821579488605,-87.59353636262803,7,42.970192,49.99818,36.675186,29.18113
882664cc13fffff,41.75821579488605,-87.59353636262803,8,35.143566,38.32719,33.01109,25.655003
882664cc13fffff,41.75821579488605,-87.59353636262803,9,21.017597,28.112253,32.160435,23.46155
882664cc13fffff,41.75821579488605,-87.59353636262803,10,17.446371,20.527603,24.113684,17.497992
882664cc13fffff,41.75821579488605,-87.59353636262803,11,10.740781,17.088184,17.454672,11.42519
882664cc13fffff,41.75821579488605,-87.59353636262803,12,9.802432,14.433026,17.023556,10.89448
882664cc15fffff,41.76675090419924,-87.60966446059489,1,10.58005,16.567772,15.778558,12.282231
882664cc15fffff,41.76675090419924,-87.60966446059489,2,15.045707,19.958364,25.031513,18.978834
882664cc15fffff,41.76675090419924,-87.60966446059489,3,22.184801,21.165041,29.328201,26.865822
882664cc15fffff,41.76675090419924,-87.60966446059489,4,36.304512,42.967358,31.692142,29.214178
882664cc15fffff,41.76675090419924,-87.60966446059489,5,39.515007,58.37503,36.13528,32.179054
882664cc15fffff,41.76675090419924,-87.60966446059489,6,45.038837,56.967247,36.539963,33.883106
882664cc15fffff,41.76675090419924,-87.60966446059489,7,38.559006,57.13783,35.984924,32.58184
882664cc15fffff,41.76675090419924,-87.60966446059489,8,35.86829,44.570446,33.38568,30.628166
882664cc15fffff,41.76675090419924,-87.60966446059489,9,24.71978,29.321795,33.068405,28.714546
882664cc15fffff,41.76675090419924,-87.60966446059489,10,15.845672,21.288544,27.744257,21.875797
882664cc15fffff,41.76675090419924,-87.60966446059489,11,9.600705,15.671124,19.016685,14.2831335
882664cc15fffff,41.76675090419924,-87.60966446059489,12,8.648696,13.711544,18.66484,13.693438
882664cc17fffff,41.75926112921793,-87.60493737391666,1,12.33633,16.975151,14.552743,12.44052
882664cc17fffff,41.75926112921793,-87.60493737391666,2,16.40931,22.235458,24.27548,19.748676
882664cc17fffff,41.75926112921793,-87.60493737391666,3,20.784765,24.360403,30.534594,26.162493
882664cc17fffff,41.75926112921793,-87.60493737391666,4,34.505917,35.677856,35.972687,29.016401
882664cc17fffff,41.75926112921793,-87.60493737391666,5,36.503895,47.353867,39.55219,32.585667
882664cc17fffff,41.75926112921793,-87.60493737391666,6,42.148537,44.562847,40.213177,34.281536
882664cc17fffff,41.75926112921793,-87.60493737391666,7,37.10579,45.299835,39.03603,30.763811
882664cc17fffff,41.75926112921793,-87.60493737391666,8,37.016293,39.66751,38.14754,29.99959
882664cc17fffff,41.75926112921793,-87.60493737391666,9,33.278492,35.030514,39.17379,28.421803
882664cc17fffff,41.75926112921793,-87.60493737391666,10,17.663195,22.362658,27.83328,20.58289
882664cc17fffff,41.75926112921793,-87.60493737391666,11,9.429272,15.434074,17.820995,12.426826
882664cc17fffff,41.75926112921793,-87.60493737391666,12,9.349337,13.019691,17.619827,12.083996
882664cc19fffff,41.77215119920758,-87.59158391335707,1,13.969147,19.33485,17.543596,13.074614
882664cc19fffff,41.77215119920758,-87.59158391335707,2,20.002222,21.759699,26.768257,19.933329
882664cc19fffff,41.77215119920758,-87.59158391335707,3,26.591274,27.237583,32.528263,26.357489
882664cc19fffff,41.77215119920758,-87.59158391335707,4,42.001488,49.76183,38.384686,30.556072
882664cc19fffff,41.77215119920758,-87.59158391335707,5,52.547646,69.936264,45.968132,33.561073
882664cc19fffff,41.77215119920758,-87.59158391335707,6,59.517452,67.92053,47.05671,34.246025
882664cc19fffff,41.77215119920758,-87.59158391335707,7,52.73536,69.00654,45.39882,31.497496
882664cc19fffff,41.77215119920758,-87.59158391335707,8,44.79134,57.505863,40.74548,31.740582
882664cc19fffff,41.77215119920758,-87.59158391335707,9,26.757988,36.074318,39.426266,28.114492
882664cc19fffff,41.77215119920758,-87.59158391335707,10,19.856672,24.995802,29.915468,20.651323
882664cc19fffff,41.77215119920758,-87.59158391335707,11,12.393895,19.3009,20.463818,12.996459
882664cc19fffff,41.77215119920758,-87.59158391335707,12,11.347586,16.302197,19.447922,12.717895
882664cc1bfffff,41.76466005995344,-87.58685899254426,1,7.62751,10.607053,16.315615,10.46884
882664cc1bfffff,41.76466005995344,-87.58685899254426,2,14.554923,13.569299,19.44855,17.27864
882664cc1bfffff,41.76466005995344,-87.58685899254426,3,21.75202,16.519865,22.645056,21.23092
882664cc1bfffff,41.76466005995344,-87.58685899254426,4,35.404278,29.668356,27.275394,25.728258
882664cc1bfffff,41.76466005995344,-87.58685899254426,5,51.5982,45.379368,34.05897,29.077482
882664cc1bfffff,41.76466005995344,-87.58685899254426,6,54.449696,43.759525,34.246487,28.52109
882664cc1bfffff,41.76466005995344,-87.58685899254426,7,48.947006,44.737896,33.087246,27.378296
882664cc1bfffff,41.76466005995344,-87.58685899254426,8,39.604195,34.93368,28.690054,26.001406
882664cc1bfffff,41.76466005995344,-87.58685899254426,9,27.336626,17.341505,26.649113,21.493979
882664cc1bfffff,41.76466005995344,-87.58685899254426,10,15.961085,16.11243,21.468906,17.40445
882664cc1bfffff,41.76466005995344,-87.58685899254426,11,6.0396676,10.503942,18.390688,10.631432
882664cc1bfffff,41.76466005995344,-87.58685899254426,12,5.695053,8.399506,18.231092,10.201335
882664cc1dfffff,41.77319670916694,-87.60298837085779,1,13.6447525,16.125412,16.227362,9.458716
882664cc1dfffff,41.77319670916694,-87.60298837085779,2,18.370983,21.90213,22.205408,17.653528
882664cc1dfffff,41.77319670916694,-87.60298837085779,3,25.041334,22.257425,25.80299,22.254879
882664cc1dfffff,41.77319670916694,-87.60298837085779,4,35.862152,36.609463,28.734339,27.973286
882664cc1dfffff,41.77319670916694,-87.60298837085779,5,46.127426,48.22041,33.693707,30.525795
882664cc1dfffff,41.77319670916694,-87.60298837085779,6,48.803345,47.308784,35.447224,31.397545
882664cc1dfffff,41.77319670916694,-87.60298837085779,7,43.667084,47.436676,33.67156,28.550966
882664cc1dfffff,41.77319670916694,-87.60298837085779,8,42.35645,41.03018,31.644363,28.143082
882664cc1dfffff,41.77319670916694,-87.60298837085779,9,41.672962,28.874683,32.75135,25.462296
882664cc1dfffff,41.77319670916694,-87.60298837085779,10,25.785606,25.886553,26.77748,18.374107
882664cc1dfffff,41.77319670916694,-87.60298837085779,11,11.26932,13.906756,19.664873,10.052452
882664cc1dfffff,41.77319670916694,-87.60298837085779,12,11.016739,11.345481,19.156755,9.5806
882664cc21fffff,41.77736730828108,-87.64860814272917,1,10.779114,22.740255,14.938505,10.135585
882664cc21fffff,41.77736730828108,-87.64860814272917,2,15.42766,24.367853,22.783037,16.312187
882664cc21fffff,41.77736730828108,-87.64860814272917,3,18.973312,24.872156,27.685745,24.666916
882664cc21fffff,41.77736730828108,-87.64860814272917,4,28.407854,36.217167,31.248951,26.462584
882664cc21fffff,41.77736730828108,-87.64860814272917,5,37.979115,47.016212,36.920242,30.573946
882664cc21fffff,41.77736730828108,-87.64860814272917,6,42.785168,45.651855,37.600727,33.00381
882664cc21fffff,41.77736730828108,-87.64860814272917,7,37.165775,43.701733,36.62996,30.404167
882664cc21fffff,41.77736730828108,-87.64860814272917,8,33.48899,41.752224,30.526342,27.383038
882664cc21fffff,41.77736730828108,-87.64860814272917,9,31.96641,36.279713,30.791235,25.730621
882664cc21fffff,41.77736730828108,-87.64860814272917,10,20.87325,29.7366,24.119137,19.456402
882664cc21fffff,41.77736730828108,-87.64860814272917,11,7.563881,18.940931,18.192493,11.584278
882664cc21fffff,41.77736730828108,-87.64860814272917,12,7.593173,16.235514,17.635427,11.053567
882664cc23fffff,41.769878592925245,-87.64387411917593,1,14.604423,12.658416,15.79395,11.716013
882664cc23fffff,41.769878592925245,-87.64387411917593,2,19.86425,16.434263,23.9034,19.587536
882664cc23fffff,41.769878592925245,-87.64387411917593,3,27.34569,20.062237,28.421091,24.485722
882664cc23fffff,41.769878592925245,-87.64387411917593,4,41.977936,38.613316,32.535618,29.109987
882664cc23fffff,41.769878592925245,-87.64387411917593,5,51.539505,56.0086,40.129833,34.09694
882664cc23fffff,41.769878592925245,-87.64387411917593,6,57.561314,54.592827,41.48242,34.756985
882664cc23fffff,41.769878592925245,-87.64387411917593,7,53.023167,55.64319,39.93944,32.185596
882664cc23fffff,41.769878592925245,-87.64387411917593,8,45.545452,43.870197,35.571766,29.532877
882664cc23fffff,41.769878592925245,-87.64387411917593,9,34.148365,29.247587,35.13737,27.382252
882664cc23fffff,41.769878592925245,-87.64387411917593,10,22.821573,19.053122,27.706732,19.008514
882664cc23fffff,41.769878592925245,-87.64387411917593,11,14.450373,12.607136,19.381798,10.942081
882664cc23fffff,41.769878592925245,-87.64387411917593,12,13.484146,9.946938,18.467556,10.41137
882664cc25fffff,41.77840709752089,-87.6600135666698,1,7.3908544,11.865165,13.3703,8.63846
882664cc25fffff,41.77840709752089,-87.6600135666698,2,12.613639,13.398773,17.944656,12.811112
882664cc25fffff,41.77840709752089,-87.6600135666698,3,18.804262,17.398714,22.330513,19.568373
882664cc25fffff,41.77840709752089,-87.6600135666698,4,37.893124,32.51626,26.822853,21.83582
882664cc25fffff,41.77840709752089,-87.6600135666698,5,48.428215,46.21586,34.004795,25.870045
882664cc25fffff,41.77840709752089,-87.6600135666698,6,53.670532,46.80434,33.824303,29.384418
882664cc25fffff,41.77840709752089,-87.6600135666698,7,47.42093,45.793526,33.57269,25.33159
882664cc25fffff,41.77840709752089,-87.6600135666698,8,38.845478,36.23734,27.668194,23.124098
882664cc25fffff,41.77840709752089,-87.6600135666698,9,19.710995,20.23561,25.348232,20.848976
882664cc25fffff,41.77840709752089,-87.6600135666698,10,13.960372,15.001493,19.22959,14.441723
882664cc25fffff,41.77840709752089,-87.6600135666698,11,5.9403296,11.586574,15.665069,9.7493
882664cc25fffff,41.77840709752089,-87.6600135666698,12,4.809065,8.240809,15.467717,9.5993595
882664cc27fffff,41.77091886817602,-87.65527772351057,1,14.559726,17.755112,13.259456,11.795986
882664cc27fffff,41.77091886817602,-87.65527772351057,2,18.473728,18.018534,19.872892,18.707628
882664cc27fffff,41.77091886817602,-87.65527772351057,3,23.201538,20.00408,24.582142,25.651558
882664cc27fffff,41.77091886817602,-87.65527772351057,4,29.661152,31.337093,27.822948,27.056871
882664cc27fffff,41.77091886817602,-87.65527772351057,5,35.08254,43.12324,31.01853,31.292913
882664cc27fffff,41.77091886817602,-87.65527772351057,6,41.658184,42.128338,30.37485,33.83137
882664cc27fffff,41.77091886817602,-87.65527772351057,7,35.61876,41.88163,30.647915,30.475382
882664cc27fffff,41.77091886817602,-87.65527772351057,8,29.98647,33.538197,28.275063,29.492102
882664cc27fffff,41.77091886817602,-87.65527772351057,9,20.737942,28.659214,27.796194,27.105444
882664cc27fffff,41.77091886817602,-87.65527772351057,10,20.125797,19.743807,21.779358,20.484838
882664cc27fffff,41.77091886817602,-87.65527772351057,11,13.244686,16.806377,16.551777,13.371128
882664cc27fffff,41.77091886817602,-87.65527772351057,12,12.56033,14.769677,16.38147,12.92395
882664cc29fffff,41.78381597054009,-87.6419365915603,1,9.500878,16.777433,11.202642,6.830046
882664cc29fffff,41.78381597054009,-87.6419365915603,2,14.807057,19.271847,18.789806,13.5942545
882664cc29fffff,41.78381597054009,-87.6419365915603,3,21.939589,17.91198,25.047722,22.932486
882664cc29fffff,41.78381597054009,-87.6419365915603,4,27.460632,33.548187,26.415297,25.640894
882664cc29fffff,41.78381597054009,-87.6419365915603,5,31.486235,54.351463,32.452717,29.43358
882664cc29fffff,41.78381597054009,-87.6419365915603,6,36.443886,52.40997,33.066982,32.626743
882664cc29fffff,41.78381597054009,-87.6419365915603,7,30.613338,50.24422,32.28173,30.361801
882664cc29fffff,41.78381597054009,-87.6419365915603,8,30.67441,37.046066,27.253761,27.76528
882664cc29fffff,41.78381597054009,-87.6419365915603,9,32.26817,31.978579,27.147045,25.385773
882664cc29fffff,41.78381597054009,-87.6419365915603,10,21.98668,23.75396,21.673687,18.151543
882664cc29fffff,41.78381597054009,-87.6419365915603,11,5.25543,12.649755,14.436933,10.372243
882664cc29fffff,41.78381597054009,-87.6419365915603,12,4.6663055,11.814952,14.264858,9.656877
882664cc2bfffff,41.77632637475448,-87.63720291027869,1,10.712176,7.7901692,15.003897,9.712443
882664cc2bfffff,41.77632637475448,-87.63720291027869,2,16.259583,9.399378,22.820713,13.35331
882664cc2bfffff,41.77632637475448,-87.63720291027869,3,18.216839,13.504614,25.527565,20.444836
882664cc2bfffff,41.77632637475448,-87.63720291027869,4,16.878952,20.939327,27.697426,22.49326
882664cc2bfffff,41.77632637475448,-87.63720291027869,5,29.58478,39.551895,30.198532,26.292744
882664cc2bfffff,41.77632637475448,-87.63720291027869,6,35.334095,39.350746,31.451572,28.998795
882664cc2bfffff,41.77632637475448,-87.63720291027869,7,27.996666,38.049885,29.57163,25.420855
882664cc2bfffff,41.77632637475448,-87.63720291027869,8,19.664513,23.555069,28.508158,22.243788
882664cc2bfffff,41.77632637475448,-87.63720291027869,9,10.890299,13.132438,26.416962,17.90425
882664cc2bfffff,41.77632637475448,-87.63720291027869,10,17.08992,10.401912,26.213017,15.264378
882664cc2bfffff,41.77632637475448,-87.63720291027869,11,9.389012,5.7846704,17.43898,10.622367
882664cc2bfffff,41.77632637475448,-87.63720291027869,12,8.812772,4.271472,17.41743,10.622407
882664cc2dfffff,41.7848564181004,-87.65334364435638,1,7.3668356,14.514383,13.757982,11.7236595
882664cc2dfffff,41.7848564181004,-87.65334364435638,2,11.361487,16.081966,20.973394,19.172329
882664cc2dfffff,41.7848564181004,-87.65334364435638,3,18.380518,19.181883,24.583038,25.433968
882664cc2dfffff,41.7848564181004,-87.65334364435638,4,26.627178,31.78305,27.115362,25.598972
882664cc2dfffff,41.7848564181004,-87.65334364435638,5,32.29511,40.603348,30.32774,27.208784
882664cc2dfffff,41.7848564181004,-87.65334364435638,6,38.77567,41.076797,30.44803,28.836166
882664cc2dfffff,41.7848564181004,-87.65334364435638,7,32.92991,40.73525,30.320456,27.5755
882664cc2dfffff,41.7848564181004,-87.65334364435638,8,26.091036,33.79409,28.207972,27.919409
882664cc2dfffff,41.7848564181004,-87.65334364435638,9,18.054676,26.221043,27.802984,26.051685
882664cc2dfffff,41.7848564181004,-87.65334364435638,10,12.286279,18.345385,23.34445,20.93069
882664cc2dfffff,41.7848564181004,-87.65334364435638,11,6.088171,14.503867,17.309626,13.792242
882664cc2dfffff,41.7848564181004,-87.65334364435638,12,5.3029346,11.874741,17.223757,13.581986
882664cc31fffff,41.76134836805594,-87.6277399800353,1,11.702825,16.548937,15.948128,10.671438
882664cc31fffff,41.76134836805594,-87.6277399800353,2,17.14289,20.02416,23.967075,16.434284
882664cc31fffff,41.76134836805594,-87.6277399800353,3,25.96178,25.158134,30.035978,23.201298
882664cc31fffff,41.76134836805594,-87.6277399800353,4,35.17294,40.25407,32.414234,25.715029
882664cc31fffff,41.76134836805594,-87.6277399800353,5,41.129192,61.49456,38.179688,29.934868
882664cc31fffff,41.76134836805594,-87.6277399800353,6,47.67199,61.024055,38.29655,32.916622
882664cc31fffff,41.76134836805594,-87.6277399800353,7,41.225338,59.77005,37.489967,29.392735
882664cc31fffff,41.76134836805594,-87.6277399800353,8,34.201836,42.551346,34.29655,27.188726
882664cc31fffff,41.76134836805594,-87.6277399800353,9,24.997383,30.843893,33.375137,25.016256
882664cc31fffff,41.76134836805594,-87.6277399800353,10,17.587482,22.350882,25.978476,17.513754
882664cc31fffff,41.76134836805594,-87.6277399800353,11,10.205693,16.423977,17.885143,11.372851
882664cc31fffff,41.76134836805594,-87.6277399800353,12,8.80565,13.278622,17.138222,11.094288
882664cc33fffff,41.75385995791375,-87.62301072981936,1,14.008923,20.38211,15.435338,15.231076
882664cc33fffff,41.75385995791375,-87.62301072981936,2,20.149128,23.836042,27.249115,22.452324
882664cc33fffff,41.75385995791375,-87.62301072981936,3,25.019825,28.047235,33.467323,31.947083
882664cc33fffff,41.75385995791375,-87.62301072981936,4,40.695816,47.343678,35.768826,34.72428
882664cc33fffff,41.75385995791375,-87.62301072981936,5,46.339764,64.53872,41.461895,38.822765
882664cc33fffff,41.75385995791375,-87.62301072981936,6,51.377136,63.52282,42.64665,39.726505
882664cc33fffff,41.75385995791375,-87.62301072981936,7,45.769085,63.08172,41.642387,38.479286
882664cc33fffff,41.75385995791375,-87.62301072981936,8,41.217125,49.930786,37.68115,36.395844
882664cc33fffff,41.75385995791375,-87.62301072981936,9,26.97688,37.98576,36.67571,33.62042
882664cc33fffff,41.75385995791375,-87.62301072981936,10,22.003735,26.104332,30.42714,25.087854
882664cc33fffff,41.75385995791375,-87.62301072981936,11,13.9686575,19.619816,19.349195,16.168318
882664cc33fffff,41.75385995791375,-87.62301072981936,12,12.762653,15.847136,18.668114,15.763277
882664cc35fffff,41.76239027241846,-87.6391415730694,1,9.820949,11.065773,7.660459,6.702648
882664cc35fffff,41.76239027241846,-87.6391415730694,2,16.9806,12.554918,12.294818,12.841655
882664cc35fffff,41.76239027241846,-87.6391415730694,3,20.909239,16.49648,14.087394,18.670067
882664cc35fffff,41.76239027241846,-87.6391415730694,4,33.69545,26.730982,18.296804,20.456612
882664cc35fffff,41.76239027241846,-87.6391415730694,5,42.31085,38.84922,23.43877,24.52735
882664cc35fffff,41.76239027241846,-87.6391415730694,6,43.98209,39.308315,24.601908,25.316648
882664cc35fffff,41.76239027241846,-87.6391415730694,7,43.834873,40.204926,23.85912,24.54232
882664cc35fffff,41.76239027241846,-87.6391415730694,8,38.983967,32.415886,19.097038,21.841087
882664cc35fffff,41.76239027241846,-87.6391415730694,9,22.606596,18.27511,16.430573,17.466032
882664cc35fffff,41.76239027241846,-87.6391415730694,10,19.352375,13.57592,13.481523,14.957967
882664cc35fffff,41.76239027241846,-87.6391415730694,11,10.269257,10.101275,10.200642,8.306229
882664cc35fffff,41.76239027241846,-87.6391415730694,12,9.998203,7.9351044,9.807425,7.8024898
882664cc37fffff,41.7549023471461,-87.63441050378255,1,7.8754234,19.326578,15.451575,12.379383
882664cc37fffff,41.7549023471461,-87.63441050378255,2,12.094726,21.10396,23.533297,18.190933
882664cc37fffff,41.7549023471461,-87.63441050378255,3,16.673294,23.813648,29.651049,25.69225
882664cc37fffff,41.7549023471461,-87.63441050378255,4,32.12635,39.086826,33.05909,26.75066
882664cc37fffff,41.7549023471461,-87.63441050378255,5,46.007793,54.039394,39.911705,32.950966
882664cc37fffff,41.7549023471461,-87.63441050378255,6,51.53162,52.710358,39.5603,35.0169
882664cc37fffff,41.7549023471461,-87.63441050378255,7,44.939728,52.627186,38.812607,32.222397
882664cc37fffff,41.7549023471461,-87.63441050378255,8,35.02124,43.163105,32.844727,27.955807
882664cc37fffff,41.7549023471461,-87.63441050378255,9,19.451921,29.613491,31.739853,25.185661
882664cc37fffff,41.7549023471461,-87.63441050378255,10,12.988772,21.94519,25.404617,20.488184
882664cc37fffff,41.7549023471461,-87.63441050378255,11,6.484967,18.587406,18.004057,13.889735
882664cc37fffff,41.7549023471461,-87.63441050378255,12,5.5466146,16.002274,17.674591,13.174369
882664cc39fffff,41.76779461086544,-87.6210674868196,1,15.592549,21.180485,12.896984,14.017737
882664cc39fffff,41.76779461086544,-87.6210674868196,2,21.277645,23.981245,21.839565,20.115776
882664cc39fffff,41.76779461086544,-87.6210674868196,3,25.439638,24.296947,27.529985,29.338833
882664cc39fffff,41.76779461086544,-87.6210674868196,4,29.627748,33.778843,27.400652,32.128777
882664cc39fffff,41.76779461086544,-87.6210674868196,5,29.755135,44.523106,30.486925,33.453403
882664cc39fffff,41.76779461086544,-87.6210674868196,6,34.792496,44.50551,31.000185,34.46964
882664cc39fffff,41.76779461086544,-87.6210674868196,7,29.353065,43.241074,30.345284,33.17317
882664cc39fffff,41.76779461086544,-87.6210674868196,8,30.666079,36.740738,28.18426,32.86655
882664cc39fffff,41.76779461086544,-87.6210674868196,9,30.813927,35.980343,29.550327,28.959776
882664cc39fffff,41.76779461086544,-87.6210674868196,10,25.628542,29.169153,24.88113,23.549051
882664cc39fffff,41.76779461086544,-87.6210674868196,11,10.960824,18.220879,16.085598,16.256872
882664cc39fffff,41.76779461086544,-87.6210674868196,12,10.375308,15.990215,15.684878,15.9783125
882664cc3bfffff,41.76030532029855,-87.6163385800184,1,9.638438,14.4000845,16.835268,9.113426
882664cc3bfffff,41.76030532029855,-87.6163385800184,2,15.195567,18.053263,23.266838,15.526971
882664cc3bfffff,41.76030532029855,-87.6163385800184,3,23.153576,21.124847,30.221495,24.354
882664cc3bfffff,41.76030532029855,-87.6163385800184,4,31.198977,35.42703,33.59909,24.954994
882664cc3bfffff,41.76030532029855,-87.6163385800184,5,37.782204,56.407467,38.24862,30.063591
882664cc3bfffff,41.76030532029855,-87.6163385800184,6,45.17972,59.338367,38.803333,33.18837
882664cc3bfffff,41.76030532029855,-87.6163385800184,7,37.132534,54.9427,38.084316,29.79988
882664cc3bfffff,41.76030532029855,-87.6163385800184,8,30.552187,40.635128,34.651302,27.66927
882664cc3bfffff,41.76030532029855,-87.6163385800184,9,21.956856,27.251822,33.811123,24.637623
882664cc3bfffff,41.76030532029855,-87.6163385800184,10,14.919387,21.517092,25.132572,19.275402
882664cc3bfffff,41.76030532029855,-87.6163385800184,11,7.352687,14.555901,18.899755,11.229875
882664cc3bfffff,41.76030532029855,-87.6163385800184,12,6.118802,11.6491585,19.228415,11.039081
882664cc3dfffff,41.76883717379796,-87.6324707066461,1,24.371534,19.929821,14.924788,13.584701
882664cc3dfffff,41.76883717379796,-87.6324707066461,2,30.485104,23.665682,23.210735,20.940937
882664cc3dfffff,41.76883717379796,-87.6324707066461,3,41.15262,29.774061,30.891756,28.749203
882664cc3dfffff,41.76883717379796,-87.6324707066461,4,48.543842,46.64493,37.099983,34.591053
882664cc3dfffff,41.76883717379796,-87.6324707066461,5,59.809673,71.78158,41.11492,37.297447
882664cc3dfffff,41.76883717379796,-87.6324707066461,6,65.45352,69.06865,42.03427,37.773067
882664cc3dfffff,41.76883717379796,-87.6324707066461,7,58.83199,69.90988,40.321358,34.629272
882664cc3dfffff,41.76883717379796,-87.6324707066461,8,49.244846,50.045433,38.67606,35.67913
882664cc3dfffff,41.76883717379796,-87.6324707066461,9,36.199642,38.776318,37.119083,31.36181
882664cc3dfffff,41.76883717379796,-87.6324707066461,10,31.293009,26.62711,25.330223,20.73711
882664cc3dfffff,41.76883717379796,-87.6324707066461,11,21.695887,18.663616,18.375069,12.933681
882664cc3dfffff,41.76883717379796,-87.6324707066461,12,20.470858,15.740989,18.067753,12.520345
882664cc41fffff,41.80211971527968,-87.61049836234231,1,12.771533,12.164002,12.173601,8.803546
882664cc41fffff,41.80211971527968,-87.61049836234231,2,18.97169,14.745879,20.322443,14.312743
882664cc41fffff,41.80211971527968,-87.61049836234231,3,28.029528,18.523188,25.946161,20.75348
882664cc41fffff,41.80211971527968,-87.61049836234231,4,29.75746,28.288395,30.161512,23.99261
882664cc41fffff,41.80211971527968,-87.61049836234231,5,35.676483,47.561836,36.932392,30.955551
882664cc41fffff,41.80211971527968,-87.61049836234231,6,43.233326,45.854656,37.655346,33.799484
882664cc41fffff,41.80211971527968,-87.61049836234231,7,35.730694,44.86611,35.744633,30.282225
882664cc41fffff,41.80211971527968,-87.61049836234231,8,30.373732,30.640526,31.181433,25.455456
882664cc41fffff,41.80211971527968,-87.61049836234231,9,22.274765,23.444975,29.492868,22.71584
882664cc41fffff,41.80211971527968,-87.61049836234231,10,18.881516,16.522692,21.596962,15.662766
882664cc41fffff,41.80211971527968,-87.61049836234231,11,11.099036,10.664713,14.339078,9.609766
882664cc41fffff,41.80211971527968,-87.61049836234231,12,10.768641,8.353859,13.684314,9.271945
882664cc43fffff,41.79462699317412,-87.60576753398063,1,18.20973,22.821417,14.344572,15.538173
882664cc43fffff,41.79462699317412,-87.60576753398063,2,24.9926,25.29126,24.145136,21.308393
882664cc43fffff,41.79462699317412,-87.60576753398063,3,34.45167,31.195969,30.203186,30.776127
882664cc43fffff,41.79462699317412,-87.60576753398063,4,35.94738,39.22517,34.156914,33.912106
882664cc43fffff,41.79462699317412,-87.60576753398063,5,44.62966,61.864662,37.667812,37.093983
882664cc43fffff,41.79462699317412,-87.60576753398063,6,50.65658,59.416893,38.680676,38.05206
882664cc43fffff,41.79462699317412,-87.60576753398063,7,44.082684,59.29091,35.94311,34.329964
882664cc43fffff,41.79462699317412,-87.60576753398063,8,39.025608,44.396336,34.218174,32.508537
882664cc43fffff,41.79462699317412,-87.60576753398063,9,36.28337,43.05927,34.385983,29.82435
882664cc43fffff,41.79462699317412,-87.60576753398063,10,30.14539,32.50194,26.419174,20.81589
882664cc43fffff,41.79462699317412,-87.60576753398063,11,13.986633,19.50538,16.371954,15.018048
882664cc43fffff,41.79462699317412,-87.60576753398063,12,13.465805,17.118366,16.572092,14.8370495
882664cc45fffff,41.80316328575071,-87.62191010880483,1,21.536524,17.454824,15.858278,11.768774
882664cc45fffff,41.80316328575071,-87.62191010880483,2,25.853966,21.634705,24.17916,18.299227
882664cc45fffff,41.80316328575071,-87.62191010880483,3,35.61325,26.660276,30.265724,25.628143
882664cc45fffff,41.80316328575071,-87.62191010880483,4,37.68246,37.524605,34.884167,29.67919
882664cc45fffff,41.80316328575071,-87.62191010880483,5,47.560738,61.597797,40.02432,32.52688
882664cc45fffff,41.80316328575071,-87.62191010880483,6,54.013767,58.991978,41.396782,33.44907
882664cc45fffff,41.80316328575071,-87.62191010880483,7,47.273643,59.14815,38.242474,30.16977
882664cc45fffff,41.80316328575071,-87.62191010880483,8,39.370934,39.469425,37.227016,28.552979
882664cc45fffff,41.80316328575071,-87.62191010880483,9,35.51055,33.179752,37.62559,25.022207
882664cc45fffff,41.80316328575071,-87.62191010880483,10,27.481201,22.79128,28.300024,17.811014
882664cc45fffff,41.80316328575071,-87.62191010880483,11,18.103645,15.468582,18.247648,11.714387
882664cc45fffff,41.80316328575071,-87.62191010880483,12,16.878609,12.884718,17.683016,11.187475
882664cc47fffff,41.7956710490657,-87.61717745756309,1,13.527266,12.016928,15.677104,9.855023
882664cc47fffff,41.7956710490657,-87.61717745756309,2,19.091452,15.868416,23.898346,18.9599
882664cc47fffff,41.7956710490657,-87.61717745756309,3,27.631111,20.452433,26.69144,24.906096
882664cc47fffff,41.7956710490657,-87.61717745756309,4,27.539108,26.446556,31.001923,29.871986
882664cc47fffff,41.7956710490657,-87.61717745756309,5,27.989473,47.804058,34.135483,33.005936
882664cc47fffff,41.7956710490657,-87.61717745756309,6,31.109453,47.756924,36.031887,33.773926
882664cc47fffff,41.7956710490657,-87.61717745756309,7,28.07319,47.65565,33.64278,31.759367
882664cc47fffff,41.7956710490657,-87.61717745756309,8,31.217218,29.99748,33.824768,32.629494
882664cc47fffff,41.7956710490657,-87.61717745756309,9,26.6466,22.513983,32.355034,26.629591
882664cc47fffff,41.7956710490657,-87.61717745756309,10,21.951845,18.127274,27.040667,21.491756
882664cc47fffff,41.7956710490657,-87.61717745756309,11,12.096207,10.926193,17.85597,11.453701
882664cc47fffff,41.7956710490657,-87.61717745756309,12,11.65546,8.269212,17.618578,11.039671
882664cc49fffff,41.80856860146599,-87.60381729380944,1,13.857035,21.296917,16.23616,12.463969
882664cc49fffff,41.80856860146599,-87.60381729380944,2,20.670689,24.975939,25.120148,19.39419
882664cc49fffff,41.80856860146599,-87.60381729380944,3,31.125677,29.775906,29.403381,25.776508
882664cc49fffff,41.80856860146599,-87.60381729380944,4,43.18232,41.64229,34.432343,28.604658
882664cc49fffff,41.80856860146599,-87.60381729380944,5,50.538284,67.376305,38.50637,31.952133
882664cc49fffff,41.80856860146599,-87.60381729380944,6,56.36271,65.04542,38.317303,32.057034
882664cc49fffff,41.80856860146599,-87.60381729380944,7,50.295773,65.7817,36.391678,29.809185
882664cc49fffff,41.80856860146599,-87.60381729380944,8,44.665283,45.935585,34.333294,29.839273
882664cc49fffff,41.80856860146599,-87.60381729380944,9,34.23986,38.70462,33.075653,26.30951
882664cc49fffff,41.80856860146599,-87.60381729380944,10,20.888285,27.945873,26.38499,20.197714
882664cc49fffff,41.80856860146599,-87.60381729380944,11,12.137342,20.768602,17.67322,12.341544
882664cc49fffff,41.80856860146599,-87.60381729380944,12,10.911184,17.046602,17.391886,11.998713
882664cc4bfffff,41.80107499923639,-87.59908681061127,1,14.240754,19.080975,16.88309,9.939204
882664cc4bfffff,41.80107499923639,-87.59908681061127,2,20.139587,21.177435,25.975676,16.82308
882664cc4bfffff,41.80107499923639,-87.59908681061127,3,31.447662,26.443504,32.719406,25.505718
882664cc4bfffff,41.80107499923639,-87.59908681061127,4,34.764053,34.939808,37.791428,28.240688
882664cc4bfffff,41.80107499923639,-87.59908681061127,5,44.353226,58.340965,42.41187,31.355028
882664cc4bfffff,41.80107499923639,-87.59908681061127,6,50.55113,56.756935,42.949486,32.231487
882664cc4bfffff,41.80107499923639,-87.59908681061127,7,43.45879,56.216343,40.170204,28.821121
882664cc4bfffff,41.80107499923639,-87.59908681061127,8,35.94668,41.228054,37.111275,28.2427
882664cc4bfffff,41.80107499923639,-87.59908681061127,9,37.256393,34.48643,37.875954,24.545359
882664cc4bfffff,41.80107499923639,-87.59908681061127,10,25.877106,28.921509,26.49671,16.483505
882664cc4bfffff,41.80107499923639,-87.59908681061127,11,9.999055,16.343725,18.41384,8.898348
882664cc4bfffff,41.80107499923639,-87.59908681061127,12,8.673139,12.809594,18.001436,8.559316
882664cc4dfffff,41.80961283213407,-87.6152306691611,1,21.544285,22.874554,16.391241,13.930538
882664cc4dfffff,41.80961283213407,-87.6152306691611,2,29.330183,26.991638,25.373516,21.858578
882664cc4dfffff,41.80961283213407,-87.6152306691611,3,38.920773,29.758696,31.307604,29.003689
882664cc4dfffff,41.80961283213407,-87.6152306691611,4,48.823647,41.93426,36.26058,32.838654
882664cc4dfffff,41.80961283213407,-87.6152306691611,5,55.807167,67.99487,40.79338,35.618504
882664cc4dfffff,41.80961283213407,-87.6152306691611,6,62.152935,65.83465,42.357273,36.343597
882664cc4dfffff,41.80961283213407,-87.6152306691611,7,55.485188,64.73407,38.852295,33.146294
882664cc4dfffff,41.80961283213407,-87.6152306691611,8,52.09439,46.85191,37.996334,33.08383
882664cc4dfffff,41.80961283213407,-87.6152306691611,9,49.082157,41.48133,37.884357,30.00834
882664cc4dfffff,41.80961283213407,-87.6152306691611,10,34.489872,32.620766,28.780306,22.00647
882664cc4dfffff,41.80961283213407,-87.6152306691611,11,15.954155,19.256327,18.848164,14.37364
882664cc4dfffff,41.80961283213407,-87.6152306691611,12,14.741074,16.47826,18.475338,13.898904
882664cc51fffff,41.7860889805067,-87.58963027767747,1,12.445845,14.79753,15.860817,7.569345
882664cc51fffff,41.7860889805067,-87.58963027767747,2,19.086716,20.03379,20.262472,17.187344
882664cc51fffff,41.7860889805067,-87.58963027767747,3,30.852787,23.14926,25.346317,23.143206
882664cc51fffff,41.7860889805067,-87.58963027767747,4,32.52447,23.557274,27.078007,23.085283
882664cc51fffff,41.7860889805067,-87.58963027767747,5,39.475677,41.713627,33.542114,25.571894
882664cc51fffff,41.7860889805067,-87.58963027767747,6,41.85084,40.585995,34.993305,26.182838
882664cc51fffff,41.7860889805067,-87.58963027767747,7,37.22408,39.8556,32.383144,23.925617
882664cc51fffff,41.7860889805067,-87.58963027767747,8,35.78878,26.258724,29.418846,24.386478
882664cc51fffff,41.7860889805067,-87.58963027767747,9,37.617973,22.667862,30.856573,22.702621
882664cc51fffff,41.7860889805067,-87.58963027767747,10,27.167498,27.080965,23.737698,19.003345
882664cc51fffff,41.7860889805067,-87.58963027767747,11,9.736397,12.459702,18.276598,8.373874
882664cc51fffff,41.7860889805067,-87.58963027767747,12,8.409355,9.43528,18.301653,8.309554
882664cc53fffff,41.77859656477782,-87.58490422668575,1,20.120443,13.365303,16.427155,12.799281
882664cc53fffff,41.77859656477782,-87.58490422668575,2,25.76704,18.209553,26.826477,21.079178
882664cc53fffff,41.77859656477782,-87.58490422668575,3,35.246834,22.157816,32.334408,28.923952
882664cc53fffff,41.77859656477782,-87.58490422668575,4,41.635185,33.32232,38.192905,33.479984
882664cc53fffff,41.77859656477782,-87.58490422668575,5,45.158215,57.33583,43.190296,36.71752
882664cc53fffff,41.77859656477782,-87.58490422668575,6,50.861362,54.997074,44.29664,38.109783
882664cc53fffff,41.77859656477782,-87.58490422668575,7,45.344067,56.02785,41.570484,34.728416
882664cc53fffff,41.77859656477782,-87.58490422668575,8,43.927113,36.863693,39.476494,35.62477
882664cc53fffff,41.77859656477782,-87.58490422668575,9,36.055294,33.29324,39.07529,32.596478
882664cc53fffff,41.77859656477782,-87.58490422668575,10,29.053143,21.154387,29.133518,22.543139
882664cc53fffff,41.77859656477782,-87.58490422668575,11,18.550835,12.768452,19.302958,13.66299
882664cc53fffff,41.77859656477782,-87.58490422668575,12,17.1763,9.550061,18.913824,13.199771
882664cc55fffff,41.78713466620321,-87.60103818344777,1,18.978842,20.85144,15.652824,12.458537
882664cc55fffff,41.78713466620321,-87.60103818344777,2,25.17064,25.098248,24.927662,20.55249
882664cc55fffff,41.78713466620321,-87.60103818344777,3,35.62106,31.604721,31.400105,28.605206
882664cc55fffff,41.78713466620321,-87.60103818344777,4,34.660496,39.872288,36.130836,32.259327
882664cc55fffff,41.78713466620321,-87.60103818344777,5,45.80323,58.384155,40.514977,35.85713
882664cc55fffff,41.78713466620321,-87.60103818344777,6,50.944492,56.00395,41.523647,38.207077
882664cc55fffff,41.78713466620321,-87.60103818344777,7,45.117825,55.927525,38.46063,34.481056
882664cc55fffff,41.78713466620321,-87.60103818344777,8,37.2053,45.269436,37.12129,32.512047
882664cc55fffff,41.78713466620321,-87.60103818344777,9,38.31316,38.866837,37.540497,29.633324
882664cc55fffff,41.78713466620321,-87.60103818344777,10,30.128302,32.033127,26.972961,20.9572
882664cc55fffff,41.78713466620321,-87.60103818344777,11,14.419145,17.033844,18.02456,12.611083
882664cc55fffff,41.78713466620321,-87.60103818344777,12,13.899444,15.108615,17.86152,12.171095
882664cc57fffff,41.77964273475254,-87.5963103101158,1,17.635641,23.538715,12.503285,10.538126
882664cc57fffff,41.77964273475254,-87.5963103101158,2,23.594025,26.621122,21.552114,15.686412
882664cc57fffff,41.77964273475254,-87.5963103101158,3,26.167217,23.746124,28.00862,22.806398
882664cc57fffff,41.77964273475254,-87.5963103101158,4,37.861416,36.845726,37.018833,28.33162
882664cc57fffff,41.77964273475254,-87.5963103101158,5,43.348663,49.9756,40.95503,30.239422
882664cc57fffff,41.77964273475254,-87.5963103101158,6,49.84139,46.949795,42.6038,30.548677
882664cc57fffff,41.77964273475254,-87.5963103101158,7,44.28964,47.2255,40.48927,28.536709
882664cc57fffff,41.77964273475254,-87.5963103101158,8,42.80267,43.8812,38.525223,28.028162
882664cc57fffff,41.77964273475254,-87.5963103101158,9,46.04166,37.612843,39.55635,24.736574
882664cc57fffff,41.77964273475254,-87.5963103101158,10,27.010859,31.830576,25.051542,16.893951
882664cc57fffff,41.77964273475254,-87.5963103101158,11,13.006279,19.611986,16.245754,11.480822
882664cc57fffff,41.77964273475254,-87.5963103101158,12,12.140932,16.880884,15.960466,11.006085
882664cc59fffff,41.79253544597973,-87.58294827285113,1,14.00741,19.902685,13.879226,10.23638
882664cc59fffff,41.79253544597973,-87.58294827285113,2,21.693583,22.292046,25.983892,17.91808
882664cc59fffff,41.79253544597973,-87.58294827285113,3,30.344078,24.352283,30.435272,25.433535
882664cc59fffff,41.79253544597973,-87.58294827285113,4,28.734571,29.462955,33.429287,29.36141
882664cc59fffff,41.79253544597973,-87.58294827285113,5,33.14721,49.428734,35.78901,31.011055
882664cc59fffff,41.79253544597973,-87.58294827285113,6,37.635975,48.63552,37.901566,32.56618
882664cc59fffff,41.79253544597973,-87.58294827285113,7,31.663065,47.67222,35.267498,29.382593
882664cc59fffff,41.79253544597973,-87.58294827285113,8,32.708633,35.661167,34.271095,29.679708
882664cc59fffff,41.79253544597973,-87.58294827285113,9,30.8787,30.648027,33.319626,25.029406
882664cc59fffff,41.79253544597973,-87.58294827285113,10,26.383799,29.436462,28.892946,19.34297
882664cc59fffff,41.79253544597973,-87.58294827285113,11,9.977753,16.58137,17.352673,10.365983
882664cc59fffff,41.79253544597973,-87.58294827285113,12,9.537005,13.414892,16.883,9.867659
882664cc5bfffff,41.785042150132455,-87.57822256816515,1,19.364624,23.957035,16.286345,13.112691
882664cc5bfffff,41.785042150132455,-87.57822256816515,2,24.063457,24.67714,22.785803,18.60452
882664cc5bfffff,41.785042150132455,-87.57822256816515,3,32.335613,31.172577,30.514198,26.156403
882664cc5bfffff,41.785042150132455,-87.57822256816515,4,26.827524,35.692863,32.474236,27.229874
882664cc5bfffff,41.785042150132455,-87.57822256816515,5,45.88538,59.92919,32.43224,28.78844
882664cc5bfffff,41.785042150132455,-87.57822256816515,6,50.585835,57.79039,32.37667,29.518381
882664cc5bfffff,41.785042150132455,-87.57822256816515,7,44.80312,56.999176,31.97204,26.434765
882664cc5bfffff,41.785042150132455,-87.57822256816515,8,26.796474,37.063652,33.27271,28.768204
882664cc5bfffff,41.785042150132455,-87.57822256816515,9,32.083748,32.60607,34.376396,25.005981
882664cc5bfffff,41.785042150132455,-87.57822256816515,10,26.56213,30.244835,25.30644,20.603203
882664cc5bfffff,41.785042150132455,-87.57822256816515,11,15.808401,21.616768,18.337626,11.061405
882664cc5bfffff,41.785042150132455,-87.57822256816515,12,14.393221,18.81831,18.11955,10.970381
882664cc5dfffff,41.79358179212139,-87.59435780544334,1,16.773066,22.038658,14.603849,11.174323
882664cc5dfffff,41.79358179212139,-87.59435780544334,2,24.244871,23.58259,24.80132,18.651247
882664cc5dfffff,41.79358179212139,-87.59435780544334,3,33.75043,27.745972,29.25694,27.365334
882664cc5dfffff,41.79358179212139,-87.59435780544334,4,36.79016,29.668201,33.033897,28.732107
882664cc5dfffff,41.79358179212139,-87.59435780544334,5,40.958607,52.931725,35.43335,31.129782
882664cc5dfffff,41.79358179212139,-87.59435780544334,6,46.985527,51.08264,35.98313,31.523666
882664cc5dfffff,41.79358179212139,-87.59435780544334,7,40.02831,50.66926,33.25739,28.59588
882664cc5dfffff,41.79358179212139,-87.59435780544334,8,39.080624,35.45395,32.746517,27.72208
882664cc5dfffff,41.79358179212139,-87.59435780544334,9,38.00768,36.45417,32.717537,24.2244
882664cc5dfffff,41.79358179212139,-87.59435780544334,10,29.767496,32.38045,26.440748,18.985657
882664cc5dfffff,41.79358179212139,-87.59435780544334,11,12.202698,18.687016,16.194252,11.57967
882664cc5dfffff,41.79358179212139,-87.59435780544334,12,11.761958,16.173128,16.391346,11.515352
882664cc61fffff,41.7977557250779,-87.63999788626346,1,8.158306,8.407397,10.046216,9.421305
882664cc61fffff,41.7977557250779,-87.63999788626346,2,17.344372,10.475211,13.888834,12.80357
882664cc61fffff,41.7977557250779,-87.63999788626346,3,20.39383,13.568631,17.225424,17.509245
882664cc61fffff,41.7977557250779,-87.63999788626346,4,24.399012,28.662725,21.565903,20.64601
882664cc61fffff,41.7977557250779,-87.63999788626346,5,35.970356,39.602005,28.048365,24.64426
882664cc61fffff,41.7977557250779,-87.63999788626346,6,38.31423,39.48467,29.55369,26.19772
882664cc61fffff,41.7977557250779,-87.63999788626346,7,33.677967,38.761,28.409636,22.872332
882664cc61fffff,41.7977557250779,-87.63999788626346,8,27.697704,31.665195,24.269533,19.976038
882664cc61fffff,41.7977557250779,-87.63999788626346,9,20.026503,15.146472,21.015364,15.961603
882664cc61fffff,41.7977557250779,-87.63999788626346,10,17.131134,12.616629,18.447754,13.904848
882664cc61fffff,41.7977557250779,-87.63999788626346,11,7.4427876,7.667605,13.129373,8.698979
882664cc61fffff,41.7977557250779,-87.63999788626346,12,7.0083065,7.096263,13.113444,8.491213
882664cc63fffff,41.790264854504166,-87.63526306931166,1,13.248847,15.365592,12.973259,8.11355
882664cc63fffff,41.790264854504166,-87.63526306931166,2,18.830475,20.874554,16.126059,15.763986
882664cc63fffff,41.790264854504166,-87.63526306931166,3,28.083471,24.544964,22.882324,22.939924
882664cc63fffff,41.790264854504166,-87.63526306931166,4,40.29225,41.618233,27.778397,28.918179
882664cc63fffff,41.790264854504166,-87.63526306931166,5,50.10028,59.865044,35.89759,32.76341
882664cc63fffff,41.790264854504166,-87.63526306931166,6,56.802998,59.752445,36.432407,35.43786
882664cc63fffff,41.790264854504166,-87.63526306931166,7,50.8794,58.560802,35.52867,32.23755
882664cc63fffff,41.790264854504166,-87.63526306931166,8,46.337395,48.779476,30.49254,29.688625
882664cc63fffff,41.790264854504166,-87.63526306931166,9,33.720642,30.335735,31.906078,26.617273
882664cc63fffff,41.790264854504166,-87.63526306931166,10,24.287985,20.384378,20.42084,17.159157
882664cc63fffff,41.790264854504166,-87.63526306931166,11,11.934741,14.297513,14.991673,8.7472925
882664cc63fffff,41.790264854504166,-87.63526306931166,12,10.876481,11.136535,14.292504,8.472527
882664cc65fffff,41.798796345055486,-87.65140838958115,1,6.7683287,14.746501,15.28295,7.024535
882664cc65fffff,41.798796345055486,-87.65140838958115,2,10.429715,16.341078,20.737906,11.059908
882664cc65fffff,41.798796345055486,-87.65140838958115,3,17.08561,18.238289,24.368048,17.494698
882664cc65fffff,41.798796345055486,-87.65140838958115,4,31.22699,33.340973,27.57516,18.186956
882664cc65fffff,41.798796345055486,-87.65140838958115,5,39.115955,46.732452,33.466854,22.198948
882664cc65fffff,41.798796345055486,-87.65140838958115,6,46.561954,46.931618,33.027912,25.2412
882664cc65fffff,41.798796345055486,-87.65140838958115,7,39.581463,45.85797,32.61081,22.060877
882664cc65fffff,41.798796345055486,-87.65140838958115,8,32.09308,36.774418,27.854912,20.055119
882664cc65fffff,41.798796345055486,-87.65140838958115,9,17.518532,21.559732,27.328045,18.0102
882664cc65fffff,41.798796345055486,-87.65140838958115,10,10.82825,18.6538,21.55624,13.408887
882664cc65fffff,41.798796345055486,-87.65140838958115,11,5.286954,14.761094,17.06836,8.503462
882664cc65fffff,41.798796345055486,-87.65140838958115,12,4.5017166,12.382895,16.831354,8.34158
882664cc67fffff,41.79130596076906,-87.64667175111849,1,18.072859,20.332006,17.737211,14.144045
882664cc67fffff,41.79130596076906,-87.64667175111849,2,24.755455,24.00083,26.39197,22.564665
882664cc67fffff,41.79130596076906,-87.64667175111849,3,34.1074,31.847721,33.61331,30.148273
882664cc67fffff,41.79130596076906,-87.64667175111849,4,52.864605,48.20076,39.780083,36.46864
882664cc67fffff,41.79130596076906,-87.64667175111849,5,57.03174,70.730965,42.248623,38.09432
882664cc67fffff,41.79130596076906,-87.64667175111849,6,62.031384,70.36838,43.46749,38.559834
882664cc67fffff,41.79130596076906,-87.64667175111849,7,56.822853,69.48679,41.095383,36.047787
882664cc67fffff,41.79130596076906,-87.64667175111849,8,55.397293,52.307755,39.926773,38.020607
882664cc67fffff,41.79130596076906,-87.64667175111849,9,36.03408,38.87093,39.439453,32.93648
882664cc67fffff,41.79130596076906,-87.64667175111849,10,28.142263,26.945892,27.603392,23.756252
882664cc67fffff,41.79130596076906,-87.64667175111849,11,16.9234,19.219532,20.782604,14.637599
882664cc67fffff,41.79130596076906,-87.64667175111849,12,16.474937,16.666897,20.41522,14.031372
882664cc69fffff,41.80420571057761,-87.6333220490984,1,13.641328,13.889417,11.852402,10.249881
882664cc69fffff,41.80420571057761,-87.6333220490984,2,18.451008,13.915645,17.220724,16.556225
882664cc69fffff,41.80420571057761,-87.6333220490984,3,26.05051,17.759808,23.16164,21.87431
882664cc69fffff,41.80420571057761,-87.6333220490984,4,32.382523,28.892117,24.614998,26.280819
882664cc69fffff,41.80420571057761,-87.6333220490984,5,36.572086,39.704456,29.888006,28.493586
882664cc69fffff,41.80420571057761,-87.6333220490984,6,43.676807,39.498653,29.902857,30.582882
882664cc69fffff,41.80420571057761,-87.6333220490984,7,36.43828,39.18991,29.649618,27.71146
882664cc69fffff,41.80420571057761,-87.6333220490984,8,31.762321,31.274076,27.600363,28.677496
882664cc69fffff,41.80420571057761,-87.6333220490984,9,22.920717,23.166227,26.387468,24.618872
882664cc69fffff,41.80420571057761,-87.6333220490984,10,19.203247,16.409204,20.602522,17.178606
882664cc69fffff,41.80420571057761,-87.6333220490984,11,11.325178,13.562654,15.221982,10.506997
882664cc69fffff,41.80420571057761,-87.6333220490984,12,10.447908,11.272788,14.669864,10.000562
882664cc6bfffff,41.79671395972418,-87.62858757529074,1,9.745456,14.015134,12.883847,9.983281
882664cc6bfffff,41.79671395972418,-87.62858757529074,2,16.018064,15.158025,18.622303,15.752523
882664cc6bfffff,41.79671395972418,-87.62858757529074,3,22.867132,19.970873,23.221088,22.367239
882664cc6bfffff,41.79671395972418,-87.62858757529074,4,31.26617,35.61751,28.130472,24.290678
882664cc6bfffff,41.79671395972418,-87.62858757529074,5,40.031227,49.61804,36.181004,30.264854
882664cc6bfffff,41.79671395972418,-87.62858757529074,6,45.907143,49.238102,35.78443,32.88425
882664cc6bfffff,41.79671395972418,-87.62858757529074,7,41.050644,48.66934,34.982044,29.614515
882664cc6bfffff,41.79671395972418,-87.62858757529074,8,33.454185,40.374386,27.82019,25.844217
882664cc6bfffff,41.79671395972418,-87.62858757529074,9,21.165081,25.229229,26.32968,22.91592
882664cc6bfffff,41.79671395972418,-87.62858757529074,10,18.040503,16.883017,18.046198,17.080261
882664cc6bfffff,41.79671395972418,-87.62858757529074,11,8.862444,13.841624,14.625793,10.141148
882664cc6bfffff,41.79671395972418,-87.62858757529074,12,8.698822,11.847471,13.926625,9.803327
882664cc6dfffff,41.80524698968888,-87.64473418232248,1,11.214565,19.585762,13.523617,11.297871
882664cc6dfffff,41.80524698968888,-87.64473418232248,2,17.400467,20.809528,24.880629,17.434534
882664cc6dfffff,41.80524698968888,-87.64473418232248,3,21.80949,23.722912,29.220743,25.650564
882664cc6dfffff,41.80524698968888,-87.64473418232248,4,37.070263,42.091,34.139122,28.866894
882664cc6dfffff,41.80524698968888,-87.64473418232248,5,45.72396,59.12857,40.00144,31.9112
882664cc6dfffff,41.80524698968888,-87.64473418232248,6,50.22726,56.677555,41.033955,33.015312
882664cc6dfffff,41.80524698968888,-87.64473418232248,7,44.53333,58.075928,39.4874,30.389719
882664cc6dfffff,41.80524698968888,-87.64473418232248,8,39.29199,47.441067,36.181435,30.44614
882664cc6dfffff,41.80524698968888,-87.64473418232248,9,23.360554,32.723225,34.950336,27.082508
882664cc6dfffff,41.80524698968888,-87.64473418232248,10,18.457798,21.687445,28.031984,19.905357
882664cc6dfffff,41.80524698968888,-87.64473418232248,11,9.936855,18.366175,16.865194,12.088495
882664cc6dfffff,41.80524698968888,-87.64473418232248,12,8.991426,15.339339,16.393017,11.557784
882664cc81fffff,41.729305996442605,-87.586043776382,1,10.671351,14.429452,12.091043,9.272984
882664cc81fffff,41.729305996442605,-87.586043776382,2,17.499512,19.800228,16.342562,15.032178
882664cc81fffff,41.729305996442605,-87.586043776382,3,26.131954,23.713852,22.22636,22.509857
882664cc81fffff,41.729305996442605,-87.586043776382,4,36.757744,37.013874,26.186134,25.895391
882664cc81fffff,41.729305996442605,-87.586043776382,5,48.486755,64.86219,32.451286,32.16929
882664cc81fffff,41.729305996442605,-87.586043776382,6,51.96321,64.48416,32.912964,34.68793
882664cc81fffff,41.729305996442605,-87.586043776382,7,48.699917,63.57261,32.3411,31.333918
882664cc81fffff,41.729305996442605,-87.586043776382,8,36.706913,42.404232,28.850431,27.613596
882664cc81fffff,41.729305996442605,-87.586043776382,9,21.956768,28.315424,27.08659,25.589714
882664cc81fffff,41.729305996442605,-87.586043776382,10,18.453077,21.41565,19.517757,16.460567
882664cc81fffff,41.729305996442605,-87.586043776382,11,10.3529005,14.012964,14.643893,9.358752
882664cc81fffff,41.729305996442605,-87.586043776382,12,9.253659,11.155834,14.027656,8.728539
882664cc83fffff,41.72181820695857,-87.58132406116268,1,5.2631435,6.6707554,6.33498,4.8742414
882664cc83fffff,41.72181820695857,-87.58132406116268,2,12.181539,10.666168,9.07158,8.874266
882664cc83fffff,41.72181820695857,-87.58132406116268,3,13.878356,11.62983,10.025998,13.839132
882664cc83fffff,41.72181820695857,-87.58132406116268,4,24.295517,24.864086,11.896289,17.197908
882664cc83fffff,41.72181820695857,-87.58132406116268,5,31.772903,35.44219,18.512793,20.79104
882664cc83fffff,41.72181820695857,-87.58132406116268,6,34.271435,34.786194,18.150293,23.4687
882664cc83fffff,41.72181820695857,-87.58132406116268,7,32.847538,34.29802,17.639297,20.534828
882664cc83fffff,41.72181820695857,-87.58132406116268,8,27.51739,27.771854,12.350889,18.342117
882664cc83fffff,41.72181820695857,-87.58132406116268,9,15.914611,9.694422,11.5691595,11.125638
882664cc83fffff,41.72181820695857,-87.58132406116268,10,13.968444,10.115359,9.961359,11.240806
882664cc83fffff,41.72181820695857,-87.58132406116268,11,5.104347,5.85525,8.27666,6.2891307
882664cc83fffff,41.72181820695857,-87.58132406116268,12,4.961393,4.929376,8.466434,6.1015525
882664cc85fffff,41.730352121529904,-87.59743770624621,1,13.386113,19.890217,12.98258,12.142475
882664cc85fffff,41.730352121529904,-87.59743770624621,2,20.76877,20.573648,16.31636,20.485674
882664cc85fffff,41.730352121529904,-87.59743770624621,3,26.135773,26.682655,23.940271,24.763344
882664cc85fffff,41.730352121529904,-87.59743770624621,4,30.987783,37.889275,27.588223,30.644718
882664cc85fffff,41.730352121529904,-87.59743770624621,5,37.69678,53.778854,31.749643,35.396873
882664cc85fffff,41.730352121529904,-87.59743770624621,6,40.33825,52.844685,31.58946,36.80779
882664cc85fffff,41.730352121529904,-87.59743770624621,7,38.773155,51.933086,31.123945,34.214115
882664cc85fffff,41.730352121529904,-87.59743770624621,8,33.507393,37.3034,30.461416,30.681091
882664cc85fffff,41.730352121529904,-87.59743770624621,9,26.107738,25.45607,28.90989,27.731798
882664cc85fffff,41.730352121529904,-87.59743770624621,10,22.02981,21.946772,19.618462,21.027702
882664cc85fffff,41.730352121529904,-87.59743770624621,11,12.946474,18.368967,15.262819,13.291117
882664cc85fffff,41.730352121529904,-87.59743770624621,12,11.978268,15.988851,15.348338,12.852172
882664cc87fffff,41.72286481463541,-87.59271617303082,1,11.502459,14.043957,11.311859,9.626191
882664cc87fffff,41.72286481463541,-87.59271617303082,2,15.474682,15.267913,16.993624,15.9204445
882664cc87fffff,41.72286481463541,-87.59271617303082,3,23.68787,19.200916,24.318762,21.683413
882664cc87fffff,41.72286481463541,-87.59271617303082,4,31.532,30.407347,26.815432,26.334581
882664cc87fffff,41.72286481463541,-87.59271617303082,5,37.4052,40.704357,31.681324,29.913343
882664cc87fffff,41.72286481463541,-87.59271617303082,6,43.108047,40.354507,31.302448,31.46787
882664cc87fffff,41.72286481463541,-87.59271617303082,7,35.18904,39.331326,31.173279,29.116562
882664cc87fffff,41.72286481463541,-87.59271617303082,8,31.142578,31.478714,28.159725,28.688982
882664cc87fffff,41.72286481463541,-87.59271617303082,9,20.947035,23.37256,27.09087,24.543486
882664cc87fffff,41.72286481463541,-87.59271617303082,10,16.413248,16.76326,19.299623,17.210844
882664cc87fffff,41.72286481463541,-87.59271617303082,11,9.311859,13.061606,14.599304,11.011782
882664cc87fffff,41.72286481463541,-87.59271617303082,12,8.434589,10.8103695,14.594916,10.602162
882664cc89fffff,41.73574739964186,-87.57936941210572,1,6.5585456,11.535273,8.617153,5.0635467
882664cc89fffff,41.73574739964186,-87.57936941210572,2,10.660239,13.030765,13.34268,8.497077
882664cc89fffff,41.73574739964186,-87.57936941210572,3,12.88977,13.849704,17.241974,15.947228
882664cc89fffff,41.73574739964186,-87.57936941210572,4,20.531523,20.168655,20.503143,18.187567
882664cc89fffff,41.73574739964186,-87.57936941210572,5,25.338308,27.977224,25.477907,19.119385
882664cc89fffff,41.73574739964186,-87.57936941210572,6,31.283178,28.112282,26.10071,21.79474
882664cc89fffff,41.73574739964186,-87.57936941210572,7,25.494286,27.638916,25.202879,20.573006
882664cc89fffff,41.73574739964186,-87.57936941210572,8,22.884846,24.100746,21.09653,20.125973
882664cc89fffff,41.73574739964186,-87.57936941210572,9,11.232914,14.937404,19.432238,16.183191
882664cc89fffff,41.73574739964186,-87.57936941210572,10,11.074439,13.408377,14.209317,11.913328
882664cc89fffff,41.73574739964186,-87.57936941210572,11,5.5114946,10.274995,10.864338,7.463782
882664cc89fffff,41.73574739964186,-87.57936941210572,12,5.448754,8.262766,11.14336,7.033685
882664cc8bfffff,41.7282587297457,-87.57465004257936,1,10.977437,14.115306,12.542905,9.422415
882664cc8bfffff,41.7282587297457,-87.57465004257936,2,15.022626,15.276284,18.175705,15.477851
882664cc8bfffff,41.7282587297457,-87.57465004257936,3,22.164572,18.220549,24.011686,20.810604
882664cc8bfffff,41.7282587297457,-87.57465004257936,4,31.022451,30.948175,25.871607,24.83771
882664cc8bfffff,41.7282587297457,-87.57465004257936,5,35.9191,41.703667,29.991413,27.103529
882664cc8bfffff,41.7282587297457,-87.57465004257936,6,42.85182,41.708527,29.440323,29.309582
882664cc8bfffff,41.7282587297457,-87.57465004257936,7,36.844845,41.18912,29.713388,26.284454
882664cc8bfffff,41.7282587297457,-87.57465004257936,8,31.498774,33.33013,28.338202,27.697382
882664cc8bfffff,41.7282587297457,-87.57465004257936,9,23.516054,24.621767,27.912909,23.599003
882664cc8bfffff,41.7282587297457,-87.57465004257936,10,17.421171,17.81484,21.666477,17.393078
882664cc8bfffff,41.7282587297457,-87.57465004257936,11,10.2682085,13.85877,15.927816,10.473673
882664cc8bfffff,41.7282587297457,-87.57465004257936,12,9.482973,11.42178,15.432973,10.026495
882664cc8dfffff,41.73679418379481,-87.59076496464131,1,12.015059,16.218443,12.290679,10.973864
882664cc8dfffff,41.73679418379481,-87.59076496464131,2,17.022453,17.517702,17.51029,15.592131
882664cc8dfffff,41.73679418379481,-87.59076496464131,3,22.923283,21.530485,21.617964,22.361734
882664cc8dfffff,41.73679418379481,-87.59076496464131,4,32.882774,34.351974,25.123396,23.773525
882664cc8dfffff,41.73679418379481,-87.59076496464131,5,41.238014,47.578716,31.39331,29.519548
882664cc8dfffff,41.73679418379481,-87.59076496464131,6,47.985657,46.687855,30.61279,31.64956
882664cc8dfffff,41.73679418379481,-87.59076496464131,7,41.497242,46.539627,29.896235,28.52589
882664cc8dfffff,41.73679418379481,-87.59076496464131,8,35.33583,38.0298,25.472256,24.973524
882664cc8dfffff,41.73679418379481,-87.59076496464131,9,21.173769,27.299038,24.36244,22.965832
882664cc8dfffff,41.73679418379481,-87.59076496464131,10,17.036707,18.764105,17.44547,16.632542
882664cc8dfffff,41.73679418379481,-87.59076496464131,11,10.387715,15.265035,13.451012,10.623822
882664cc8dfffff,41.73679418379481,-87.59076496464131,12,10.324977,13.245484,13.292763,10.0338545
882664cc91fffff,41.713282585035685,-87.56521572074472,1,4.8891587,5.913611,9.614249,5.262012
882664cc91fffff,41.713282585035685,-87.56521572074472,2,8.724108,7.981506,10.779392,11.505517
882664cc91fffff,41.713282585035685,-87.56521572074472,3,13.045551,10.187236,13.456852,15.100896
882664cc91fffff,41.713282585035685,-87.56521572074472,4,16.15576,20.28935,16.320423,18.276157
882664cc91fffff,41.713282585035685,-87.56521572074472,5,20.196383,26.273201,20.45562,22.440754
882664cc91fffff,41.713282585035685,-87.56521572074472,6,22.002314,26.973394,21.392994,24.88853
882664cc91fffff,41.713282585035685,-87.56521572074472,7,18.695143,25.948538,20.72562,22.18859
882664cc91fffff,41.713282585035685,-87.56521572074472,8,17.558662,21.328981,17.616667,18.762857
882664cc91fffff,41.713282585035685,-87.56521572074472,9,12.972587,13.017022,16.035828,13.505123
882664cc91fffff,41.713282585035685,-87.56521572074472,10,10.969208,8.2331085,11.36636,10.983493
882664cc91fffff,41.713282585035685,-87.56521572074472,11,3.7859762,5.3414607,11.366299,6.1365066
882664cc91fffff,41.713282585035685,-87.56521572074472,12,3.5973408,4.370984,11.2002535,6.0122733
882664cc93fffff,41.70579511098919,-87.5605007671863,1,11.981324,12.849604,8.712188,4.9158206
882664cc93fffff,41.70579511098919,-87.5605007671863,2,14.762233,16.522339,14.789125,9.513351
882664cc93fffff,41.70579511098919,-87.5605007671863,3,17.292366,17.214842,18.630457,17.752823
882664cc93fffff,41.70579511098919,-87.5605007671863,4,27.627295,23.659565,23.992294,22.282328
882664cc93fffff,41.70579511098919,-87.5605007671863,5,35.96433,33.644897,29.152567,21.43011
882664cc93fffff,41.70579511098919,-87.5605007671863,6,41.681873,33.26352,29.8494,21.169315
882664cc93fffff,41.70579511098919,-87.5605007671863,7,35.239677,33.794086,28.72466,21.141026
882664cc93fffff,41.70579511098919,-87.5605007671863,8,31.769361,29.208258,27.018185,21.87294
882664cc93fffff,41.70579511098919,-87.5605007671863,9,21.645529,22.222458,28.465294,18.717506
882664cc93fffff,41.70579511098919,-87.5605007671863,10,17.007336,16.454653,19.528494,11.513638
882664cc93fffff,41.70579511098919,-87.5605007671863,11,10.296674,10.229045,12.901231,6.8742876
882664cc93fffff,41.70579511098919,-87.5605007671863,12,10.027926,7.5476866,13.061113,6.444191
882664cc95fffff,41.71433081572661,-87.57660581835812,1,7.082236,15.01573,12.83407,8.9848
882664cc95fffff,41.71433081572661,-87.57660581835812,2,12.607597,17.879553,18.33188,17.171389
882664cc95fffff,41.71433081572661,-87.57660581835812,3,19.23036,21.520494,24.236488,23.165348
882664cc95fffff,41.71433081572661,-87.57660581835812,4,28.136343,35.54958,26.532793,28.057089
882664cc95fffff,41.71433081572661,-87.57660581835812,5,38.077538,46.219887,32.143215,31.576159
882664cc95fffff,41.71433081572661,-87.57660581835812,6,42.10908,45.967155,32.2838,33.280518
882664cc95fffff,41.71433081572661,-87.57660581835812,7,35.16828,46.16966,32.15643,31.914488
882664cc95fffff,41.71433081572661,-87.57660581835812,8,29.435806,39.30219,28.488562,30.806862
882664cc95fffff,41.71433081572661,-87.57660581835812,9,19.228144,26.654556,27.008,26.170315
882664cc95fffff,41.71433081572661,-87.57660581835812,10,13.757376,19.521744,22.604094,19.475637
882664cc95fffff,41.71433081572661,-87.57660581835812,11,5.8230305,15.225164,17.005915,10.355418
882664cc95fffff,41.71433081572661,-87.57660581835812,12,4.9457617,13.005318,16.799349,10.197946
882664cc97fffff,41.70684382313047,-87.57188904734335,1,18.599276,20.419312,12.308625,11.898849
882664cc97fffff,41.70684382313047,-87.57188904734335,2,23.72529,26.171568,17.589262,20.07098
882664cc97fffff,41.70684382313047,-87.57188904734335,3,29.91184,32.893993,24.185783,26.791485
882664cc97fffff,41.70684382313047,-87.57188904734335,4,38.305443,41.241985,28.773548,30.927109
882664cc97fffff,41.70684382313047,-87.57188904734335,5,50.359623,55.935257,31.47592,32.960323
882664cc97fffff,41.70684382313047,-87.57188904734335,6,55.009586,53.592712,32.03925,32.792133
882664cc97fffff,41.70684382313047,-87.57188904734335,7,50.07633,55.496365,31.597078,30.87961
882664cc97fffff,41.70684382313047,-87.57188904734335,8,41.83664,45.739178,31.345455,33.555305
882664cc97fffff,41.70684382313047,-87.57188904734335,9,41.872837,37.91687,32.787857,33.484035
882664cc97fffff,41.70684382313047,-87.57188904734335,10,27.682411,28.778215,21.672121,22.840708
882664cc97fffff,41.70684382313047,-87.57188904734335,11,16.375637,19.07012,15.789851,11.827181
882664cc97fffff,41.70684382313047,-87.57188904734335,12,15.544051,16.435946,15.585189,11.480617
882664cc99fffff,41.71972156807971,-87.55854042744066,1,12.727731,19.154379,13.178273,10.830466
882664cc99fffff,41.71972156807971,-87.55854042744066,2,19.949013,25.359472,20.628954,18.314056
882664cc99fffff,41.71972156807971,-87.55854042744066,3,28.049273,33.463764,28.198843,25.065655
882664cc99fffff,41.71972156807971,-87.55854042744066,4,32.95442,44.02378,33.531,28.511297
882664cc99fffff,41.71972156807971,-87.55854042744066,5,43.477238,56.1074,34.568672,30.861794
882664cc99fffff,41.71972156807971,-87.55854042744066,6,49.13475,55.006676,34.865383,31.228128
882664cc99fffff,41.71972156807971,-87.55854042744066,7,43.0481,54.86625,34.553833,29.247675
882664cc99fffff,41.71972156807971,-87.55854042744066,8,37.397438,45.74658,34.423428,30.33446
882664cc99fffff,41.71972156807971,-87.55854042744066,9,37.114525,40.70738,35.496975,29.636309
882664cc99fffff,41.71972156807971,-87.55854042744066,10,23.189877,26.80616,25.6612,21.474194
882664cc99fffff,41.71972156807971,-87.55854042744066,11,11.652751,18.64029,18.250694,10.326492
882664cc99fffff,41.71972156807971,-87.55854042744066,12,10.2785425,15.110077,18.326927,10.232075
882664cc9bfffff,41.712233213628586,-87.55382582071029,1,15.297516,16.032568,16.311417,11.362939
882664cc9bfffff,41.712233213628586,-87.55382582071029,2,19.24974,18.319193,26.492329,18.621643
882664cc9bfffff,41.712233213628586,-87.55382582071029,3,26.326904,23.646173,31.883345,25.303267
882664cc9bfffff,41.712233213628586,-87.55382582071029,4,36.241127,40.168766,37.350098,29.837996
882664cc9bfffff,41.712233213628586,-87.55382582071029,5,42.55737,57.068985,43.562767,34.170372
882664cc9bfffff,41.712233213628586,-87.55382582071029,6,49.420162,55.234882,44.612057,35.10574
882664cc9bfffff,41.712233213628586,-87.55382582071029,7,42.624886,55.392956,42.80991,32.321407
882664cc9bfffff,41.712233213628586,-87.55382582071029,8,38.278946,43.921444,39.565628,31.301105
882664cc9bfffff,41.712233213628586,-87.55382582071029,9,26.264072,30.145174,38.7793,28.056086
882664cc9bfffff,41.712233213628586,-87.55382582071029,10,20.304033,20.31461,29.472391,19.92002
882664cc9bfffff,41.712233213628586,-87.55382582071029,11,13.381992,15.377412,19.40681,11.487328
882664cc9bfffff,41.712233213628586,-87.55382582071029,12,12.415766,12.549796,18.75288,10.956616
882664cc9dfffff,41.72077045808239,-87.56993214566742,1,2.5863602,9.095516,9.262138,6.883209
882664cc9dfffff,41.72077045808239,-87.56993214566742,2,9.446625,13.367647,13.669386,11.010207
882664cc9dfffff,41.72077045808239,-87.56993214566742,3,15.293013,15.129479,17.755728,16.457214
882664cc9dfffff,41.72077045808239,-87.56993214566742,4,29.999548,32.07011,21.450174,22.752823
882664cc9dfffff,41.72077045808239,-87.56993214566742,5,40.920094,42.660973,28.578455,26.043797
882664cc9dfffff,41.72077045808239,-87.56993214566742,6,44.346523,42.832726,28.924809,28.100973
882664cc9dfffff,41.72077045808239,-87.56993214566742,7,38.452164,42.330894,28.774807,26.653212
882664cc9dfffff,41.72077045808239,-87.56993214566742,8,33.142853,35.47012,24.041166,23.706467
882664cc9dfffff,41.72077045808239,-87.56993214566742,9,18.384691,14.526476,22.052574,16.78003
882664cc9dfffff,41.72077045808239,-87.56993214566742,10,8.809322,13.424627,17.503653,12.226021
882664cc9dfffff,41.72077045808239,-87.56993214566742,11,1.307874,8.952856,12.348576,7.989329
882664cc9dfffff,41.72077045808239,-87.56993214566742,12,1.0219127,7.594155,12.328741,7.677995
882664cca1fffff,41.72495460610123,-87.61550098230295,1,11.35111,14.365405,15.433282,8.531882
882664cca1fffff,41.72495460610123,-87.61550098230295,2,15.739958,19.076134,23.291454,16.135038
882664cca1fffff,41.72495460610123,-87.61550098230295,3,22.382496,20.358126,27.03353,22.902004
882664cca1fffff,41.72495460610123,-87.61550098230295,4,28.04369,32.290897,31.06234,29.727018
882664cca1fffff,41.72495460610123,-87.61550098230295,5,32.86469,43.140766,34.726566,32.129387
882664cca1fffff,41.72495460610123,-87.61550098230295,6,35.962814,41.832863,35.731464,32.075603
882664cca1fffff,41.72495460610123,-87.61550098230295,7,30.240618,41.718246,34.710068,30.31024
882664cca1fffff,41.72495460610123,-87.61550098230295,8,32.714653,34.664326,33.74556,29.585926
882664cca1fffff,41.72495460610123,-87.61550098230295,9,30.266453,24.176424,35.302128,25.37693
882664cca1fffff,41.72495460610123,-87.61550098230295,10,21.197477,19.462759,26.915821,17.428095
882664cca1fffff,41.72495460610123,-87.61550098230295,11,10.383787,12.845099,18.810406,10.144037
882664cca1fffff,41.72495460610123,-87.61550098230295,12,10.106192,10.256864,18.42928,9.672184
882664cca3fffff,41.71746866277427,-87.61077728772047,1,20.837643,19.87022,17.819824,17.271698
882664cca3fffff,41.71746866277427,-87.61077728772047,2,28.10638,24.910448,28.916502,26.123093
882664cca3fffff,41.71746866277427,-87.61077728772047,3,39.448074,32.868855,35.509315,35.250343
882664cca3fffff,41.71746866277427,-87.61077728772047,4,51.570274,54.313015,44.344467,42.28181
882664cca3fffff,41.71746866277427,-87.61077728772047,5,59.043087,80.54011,47.71236,43.49334
882664cca3fffff,41.71746866277427,-87.61077728772047,6,64.636154,77.744934,49.380383,43.287926
882664cca3fffff,41.71746866277427,-87.61077728772047,7,58.60742,77.169876,47.309067,40.844807
882664cca3fffff,41.71746866277427,-87.61077728772047,8,54.419884,58.532475,45.726803,42.218765
882664cca3fffff,41.71746866277427,-87.61077728772047,9,46.004307,46.12187,46.39619,39.00134
882664cca3fffff,41.71746866277427,-87.61077728772047,10,33.906734,33.218304,32.197975,26.923712
882664cca3fffff,41.71746866277427,-87.61077728772047,11,17.751434,16.843073,20.72261,17.256021
882664cca3fffff,41.71746866277427,-87.61077728772047,12,16.517553,14.607824,20.118965,16.906956
882664cca5fffff,41.72599778974594,-87.62689367791528,1,6.7830305,3.0207942,8.974826,6.7086134
882664cca5fffff,41.72599778974594,-87.62689367791528,2,9.777447,5.273189,10.64986,10.990657
882664cca5fffff,41.72599778974594,-87.62689367791528,3,16.420164,7.478916,13.283386,13.918469
882664cca5fffff,41.72599778974594,-87.62689367791528,4,18.262516,14.7439995,15.93327,18.369719
882664cca5fffff,41.72599778974594,-87.62689367791528,5,24.033978,20.347267,20.508045,21.51437
882664cca5fffff,41.72599778974594,-87.62689367791528,6,26.808506,20.924902,20.95134,23.774797
882664cca5fffff,41.72599778974594,-87.62689367791528,7,21.768372,20.259535,20.974642,20.925028
882664cca5fffff,41.72599778974594,-87.62689367791528,8,20.953732,15.351712,17.115856,18.319637
882664cca5fffff,41.72599778974594,-87.62689367791528,9,16.311554,8.753667,16.071535,13.85069
882664cca5fffff,41.72599778974594,-87.62689367791528,10,13.347044,5.526945,12.02988,9.59601
882664cca5fffff,41.72599778974594,-87.62689367791528,11,5.341967,2.8318605,11.525018,6.4826093
882664cca5fffff,41.72599778974594,-87.62689367791528,12,5.178345,1.0830264,11.326254,6.169282
882664cca7fffff,41.71851232987383,-87.62216816669755,1,15.88536,15.505888,8.75807,8.962319
882664cca7fffff,41.71851232987383,-87.62216816669755,2,20.888844,19.92641,17.84173,15.604884
882664cca7fffff,41.71851232987383,-87.62216816669755,3,24.666239,21.4212,20.888813,21.682274
882664cca7fffff,41.71851232987383,-87.62216816669755,4,29.287474,24.682579,23.203985,22.143478
882664cca7fffff,41.71851232987383,-87.62216816669755,5,36.250023,32.273643,23.320145,23.923159
882664cca7fffff,41.71851232987383,-87.62216816669755,6,37.415257,30.151234,25.843311,24.480509
882664cca7fffff,41.71851232987383,-87.62216816669755,7,36.366577,31.53263,24.211151,22.295946
882664cca7fffff,41.71851232987383,-87.62216816669755,8,30.13194,29.211964,23.724642,23.346941
882664cca7fffff,41.71851232987383,-87.62216816669755,9,37.24258,24.9576,24.644592,20.659664
882664cca7fffff,41.71851232987383,-87.62216816669755,10,24.505007,24.296856,19.102991,17.404432
882664cca7fffff,41.71851232987383,-87.62216816669755,11,12.736464,14.048073,12.339358,9.711495
882664cca7fffff,41.71851232987383,-87.62216816669755,12,12.710556,11.281135,11.885455,9.343627
882664cca9fffff,41.73139710493518,-87.60883183127588,1,20.109852,16.992647,11.294067,13.755048
882664cca9fffff,41.73139710493518,-87.60883183127588,2,26.374905,18.172895,19.052925,21.08912
882664cca9fffff,41.73139710493518,-87.60883183127588,3,32.85626,24.210802,24.48694,28.040722
882664cca9fffff,41.73139710493518,-87.60883183127588,4,39.405754,37.733597,28.91024,33.80802
882664cca9fffff,41.73139710493518,-87.60883183127588,5,49.769432,52.899727,33.400017,37.143787
882664cca9fffff,41.73139710493518,-87.60883183127588,6,56.090004,50.368427,33.70382,38.340828
882664cca9fffff,41.73139710493518,-87.60883183127588,7,49.106476,52.059937,33.00026,35.197037
882664cca9fffff,41.73139710493518,-87.60883183127588,8,41.03487,41.38542,30.905384,35.694992
882664cca9fffff,41.73139710493518,-87.60883183127588,9,30.016117,32.86758,29.51966,32.241226
882664cca9fffff,41.73139710493518,-87.60883183127588,10,26.69403,21.15205,22.118914,21.540682
882664cca9fffff,41.73139710493518,-87.60883183127588,11,17.7213,15.950203,15.183652,13.377689
882664cca9fffff,41.73139710493518,-87.60883183127588,12,16.763922,14.179749,15.318889,12.871253
882664ccabfffff,41.72391028104039,-87.60410848037617,1,6.5232763,13.168073,11.220518,11.185491
882664ccabfffff,41.72391028104039,-87.60410848037617,2,13.630859,17.501127,19.305069,16.492733
882664ccabfffff,41.72391028104039,-87.60410848037617,3,21.976238,17.843576,23.380224,22.920254
882664ccabfffff,41.72391028104039,-87.60410848037617,4,27.726038,34.85537,25.510937,27.954422
882664ccabfffff,41.72391028104039,-87.60410848037617,5,31.808144,49.035927,29.568363,29.517918
882664ccabfffff,41.72391028104039,-87.60410848037617,6,36.872448,47.90272,31.12319,31.02075
882664ccabfffff,41.72391028104039,-87.60410848037617,7,31.404247,46.11951,30.47497,29.362162
882664ccabfffff,41.72391028104039,-87.60410848037617,8,31.994812,39.40878,26.74403,28.272322
882664ccabfffff,41.72391028104039,-87.60410848037617,9,26.965082,28.356949,27.272919,22.688326
882664ccabfffff,41.72391028104039,-87.60410848037617,10,20.642883,25.591032,23.120956,19.244488
882664ccabfffff,41.72391028104039,-87.60410848037617,11,5.6484184,10.714425,15.508144,12.688809
882664ccabfffff,41.72391028104039,-87.60410848037617,12,5.3091736,8.813869,15.245567,11.846967
882664ccadfffff,41.73244094658629,-87.6202261505748,1,14.354658,17.986958,15.174826,12.840717
882664ccadfffff,41.73244094658629,-87.6202261505748,2,19.309895,21.471434,24.249258,18.94774
882664ccadfffff,41.73244094658629,-87.6202261505748,3,26.826563,26.486164,32.00928,25.022478
882664ccadfffff,41.73244094658629,-87.6202261505748,4,36.097683,51.575058,39.43925,29.079514
882664ccadfffff,41.73244094658629,-87.6202261505748,5,45.64105,69.02698,43.405926,32.327396
882664ccadfffff,41.73244094658629,-87.6202261505748,6,52.766983,68.098785,43.961327,33.602722
882664ccadfffff,41.73244094658629,-87.6202261505748,7,45.682804,66.79912,43.18552,30.515377
882664ccadfffff,41.73244094658629,-87.6202261505748,8,37.785034,55.75499,41.641895,30.649408
882664ccadfffff,41.73244094658629,-87.6202261505748,9,27.469995,36.66808,39.44195,26.447859
882664ccadfffff,41.73244094658629,-87.6202261505748,10,19.683586,23.429811,28.063406,19.894236
882664ccadfffff,41.73244094658629,-87.6202261505748,11,12.775825,17.395123,17.622295,12.57372
882664ccadfffff,41.73244094658629,-87.6202261505748,12,11.493648,15.396022,16.87849,12.133732
882664ccb1fffff,41.70893782620328,-87.59466619774614,1,16.898811,19.14052,13.34248,8.6792755
882664ccb1fffff,41.70893782620328,-87.59466619774614,2,25.50004,24.671484,20.636126,14.559705
882664ccb1fffff,41.70893782620328,-87.59466619774614,3,36.521492,29.669857,28.025797,21.982504
882664ccb1fffff,41.70893782620328,-87.59466619774614,4,49.12762,47.147568,37.39057,30.084473
882664ccb1fffff,41.70893782620328,-87.59466619774614,5,60.09632,73.92296,42.008507,33.96342
882664ccb1fffff,41.70893782620328,-87.59466619774614,6,63.240467,70.537506,42.950405,35.178905
882664ccb1fffff,41.70893782620328,-87.59466619774614,7,61.545525,70.82062,41.212234,32.300014
882664ccb1fffff,41.70893782620328,-87.59466619774614,8,53.057663,50.018307,39.440742,33.08344
882664ccb1fffff,41.70893782620328,-87.59466619774614,9,40.110172,34.56701,38.696358,28.299154
882664ccb1fffff,41.70893782620328,-87.59466619774614,10,27.11367,25.80904,24.250694,17.492481
882664ccb1fffff,41.70893782620328,-87.59466619774614,11,17.528587,17.310661,17.116865,10.704924
882664ccb1fffff,41.70893782620328,-87.59466619774614,12,16.622265,15.004531,16.918196,9.981835
882664ccb3fffff,41.701452196028654,-87.589947264766,1,13.129604,16.315157,13.211663,12.358794
882664ccb3fffff,41.701452196028654,-87.589947264766,2,17.858513,20.125635,16.163385,16.797516
882664ccb3fffff,41.701452196028654,-87.589947264766,3,20.155443,21.953543,20.276293,18.851479
882664ccb3fffff,41.701452196028654,-87.589947264766,4,22.85329,27.242981,23.473316,19.558754
882664ccb3fffff,41.701452196028654,-87.589947264766,5,33.064857,36.23965,21.937136,21.650639
882664ccb3fffff,41.701452196028654,-87.589947264766,6,35.626347,34.96839,23.356035,22.039354
882664ccb3fffff,41.701452196028654,-87.589947264766,7,32.814636,34.99664,22.914991,20.371675
882664ccb3fffff,41.701452196028654,-87.589947264766,8,27.19682,29.163542,24.798117,19.318142
882664ccb3fffff,41.701452196028654,-87.589947264766,9,34.58331,21.409616,24.457434,19.11312
882664ccb3fffff,41.701452196028654,-87.589947264766,10,20.725414,20.356674,19.329334,19.06537
882664ccb3fffff,41.701452196028654,-87.589947264766,11,11.99832,14.462243,15.619365,11.678225
882664ccb3fffff,41.701452196028654,-87.589947264766,12,11.564431,13.2205515,15.548134,11.366331
882664ccb5fffff,41.70998311698951,-87.60605506620223,1,9.773097,16.689669,14.655955,11.846499
882664ccb5fffff,41.70998311698951,-87.60605506620223,2,15.259486,20.649168,21.01943,17.4019
882664ccb5fffff,41.70998311698951,-87.60605506620223,3,24.3103,22.874933,28.52336,26.39966
882664ccb5fffff,41.70998311698951,-87.60605506620223,4,35.173355,48.417664,33.47702,28.621359
882664ccb5fffff,41.70998311698951,-87.60605506620223,5,36.19334,63.8812,33.774544,28.943342
882664ccb5fffff,41.70998311698951,-87.60605506620223,6,43.055954,62.816387,33.804558,30.689497
882664ccb5fffff,41.70998311698951,-87.60605506620223,7,37.001358,61.01492,33.32697,28.72168
882664ccb5fffff,41.70998311698951,-87.60605506620223,8,35.286556,48.72973,34.014973,29.960108
882664ccb5fffff,41.70998311698951,-87.60605506620223,9,24.125193,31.111048,33.64852,26.736446
882664ccb5fffff,41.70998311698951,-87.60605506620223,10,16.294401,21.705414,22.588076,19.37114
882664ccb5fffff,41.70998311698951,-87.60605506620223,11,9.119943,15.022531,17.218283,13.432227
882664ccb5fffff,41.70998311698951,-87.60605506620223,12,8.167933,12.771912,17.333624,12.881975
882664ccb7fffff,41.70249796913084,-87.60133431712342,1,4.475505,9.897972,9.055538,9.12849
882664ccb7fffff,41.70249796913084,-87.60133431712342,2,13.52766,12.420642,15.762787,13.262944
882664ccb7fffff,41.70249796913084,-87.60133431712342,3,18.778934,17.090881,18.331873,18.248274
882664ccb7fffff,41.70249796913084,-87.60133431712342,4,25.276567,33.158134,23.739218,24.488514
882664ccb7fffff,41.70249796913084,-87.60133431712342,5,35.182552,46.791008,26.833982,26.105442
882664ccb7fffff,41.70249796913084,-87.60133431712342,6,38.72561,45.715157,28.04106,26.159044
882664ccb7fffff,41.70249796913084,-87.60133431712342,7,34.51797,46.272846,27.867332,26.137777
882664ccb7fffff,41.70249796913084,-87.60133431712342,8,26.224,35.85865,26.468336,24.953667
882664ccb7fffff,41.70249796913084,-87.60133431712342,9,17.441628,16.154408,27.624311,22.555075
882664ccb7fffff,41.70249796913084,-87.60133431712342,10,12.981228,13.598277,20.34469,16.728214
882664ccb7fffff,41.70249796913084,-87.60133431712342,11,5.016605,8.110331,12.602132,9.320078
882664ccb7fffff,41.70249796913084,-87.60133431712342,12,4.4159436,6.589584,12.224311,9.101883
882664ccb9fffff,41.71537790562842,-87.58799611265539,1,9.137143,8.806803,9.865856,10.517783
882664ccb9fffff,41.71537790562842,-87.58799611265539,2,16.683779,13.637566,15.338897,16.824337
882664ccb9fffff,41.71537790562842,-87.58799611265539,3,24.6582,17.718897,21.402555,19.7809
882664ccb9fffff,41.71537790562842,-87.58799611265539,4,25.60577,26.95421,25.476616,23.305246
882664ccb9fffff,41.71537790562842,-87.58799611265539,5,38.545773,36.136112,28.149504,26.932589
882664ccb9fffff,41.71537790562842,-87.58799611265539,6,42.543705,34.84822,28.729107,27.191727
882664ccb9fffff,41.71537790562842,-87.58799611265539,7,35.88766,35.204456,28.438372,25.707882
882664ccb9fffff,41.71537790562842,-87.58799611265539,8,31.650183,29.688541,27.268005,23.17112
882664ccb9fffff,41.71537790562842,-87.58799611265539,9,27.898844,20.168743,25.68943,21.431286
882664ccb9fffff,41.71537790562842,-87.58799611265539,10,20.721075,15.207313,20.317139,16.912306
882664ccb9fffff,41.71537790562842,-87.58799611265539,11,7.7438536,8.613504,15.1089325,9.973149
882664ccb9fffff,41.71537790562842,-87.58799611265539,12,7.2264547,7.849822,15.208022,9.878732
882664ccbbfffff,41.70789139489277,-87.58327752449487,1,6.0217466,7.6193466,11.052991,8.433771
882664ccbbfffff,41.70789139489277,-87.58327752449487,2,13.8580885,14.878276,16.452295,13.024224
882664ccbbfffff,41.70789139489277,-87.58327752449487,3,23.502377,18.410635,20.771292,19.623722
882664ccbbfffff,41.70789139489277,-87.58327752449487,4,31.330463,48.010674,24.063536,25.808357
882664ccbbfffff,41.70789139489277,-87.58327752449487,5,36.312428,62.542393,29.032358,29.337961
882664ccbbfffff,41.70789139489277,-87.58327752449487,6,39.06282,62.65521,29.597076,30.417715
882664ccbbfffff,41.70789139489277,-87.58327752449487,7,33.89419,61.328587,28.893684,28.51549
882664ccbbfffff,41.70789139489277,-87.58327752449487,8,33.147366,49.434643,25.426474,25.853415
882664ccbbfffff,41.70789139489277,-87.58327752449487,9,20.493427,24.23851,24.657677,19.245302
882664ccbbfffff,41.70789139489277,-87.58327752449487,10,14.429158,16.066404,19.262482,13.88747
882664ccbbfffff,41.70789139489277,-87.58327752449487,11,5.5596056,7.2704787,13.504866,9.486613
882664ccbbfffff,41.70789139489277,-87.58327752449487,12,5.195347,6.230998,13.320374,8.947878
882664ccbdfffff,41.71642385466842,-87.59938660274128,1,11.526845,13.410759,8.055437,9.187227
882664ccbdfffff,41.71642385466842,-87.59938660274128,2,19.71082,18.880783,15.900891,16.58698
882664ccbdfffff,41.71642385466842,-87.59938660274128,3,26.54088,23.496529,21.787107,23.064947
882664ccbdfffff,41.71642385466842,-87.59938660274128,4,31.670149,31.927265,27.12396,27.89794
882664ccbdfffff,41.71642385466842,-87.59938660274128,5,44.384224,45.635956,30.63777,31.400267
882664ccbdfffff,41.71642385466842,-87.59938660274128,6,50.233444,44.319794,31.34665,32.294167
882664ccbdfffff,41.71642385466842,-87.59938660274128,7,43.700684,43.765064,30.672346,30.27755
882664ccbdfffff,41.71642385466842,-87.59938660274128,8,36.70297,33.213814,28.995043,28.61121
882664ccbdfffff,41.71642385466842,-87.59938660274128,9,31.499886,26.5391,28.295118,26.234077
882664ccbdfffff,41.71642385466842,-87.59938660274128,10,22.925846,20.34402,21.318064,19.87139
882664ccbdfffff,41.71642385466842,-87.59938660274128,11,10.197463,13.159806,14.073076,10.668997
882664ccbdfffff,41.71642385466842,-87.59938660274128,12,9.626546,11.304929,14.404976,10.574579
882664ccc1fffff,41.749678971857406,-87.57741357624865,1,10.5222,14.053704,16.495285,9.13732
882664ccc1fffff,41.749678971857406,-87.57741357624865,2,13.823637,16.183207,26.330116,17.123245
882664ccc1fffff,41.749678971857406,-87.57741357624865,3,19.806911,17.879307,30.817123,23.425823
882664ccc1fffff,41.749678971857406,-87.57741357624865,4,33.02,28.07168,35.21463,27.330015
882664ccc1fffff,41.749678971857406,-87.57741357624865,5,39.55843,43.077896,39.53117,30.865896
882664ccc1fffff,41.749678971857406,-87.57741357624865,6,45.95259,41.3699,40.096375,31.861198
882664ccc1fffff,41.749678971857406,-87.57741357624865,7,39.741646,42.250916,38.816967,29.434996
882664ccc1fffff,41.749678971857406,-87.57741357624865,8,35.247356,32.38721,38.199345,28.39415
882664ccc1fffff,41.749678971857406,-87.57741357624865,9,24.754362,24.94279,37.709545,25.210104
882664ccc1fffff,41.749678971857406,-87.57741357624865,10,14.554831,18.93551,30.16046,18.368916
882664ccc1fffff,41.749678971857406,-87.57741357624865,11,8.691967,13.420735,19.67984,10.107593
882664ccc1fffff,41.749678971857406,-87.57741357624865,12,7.826623,10.98232,19.19703,9.693564
882664ccc3fffff,41.74218902378478,-87.57269307951275,1,6.565917,17.05934,17.995996,9.665744
882664ccc3fffff,41.74218902378478,-87.57269307951275,2,9.433934,19.24794,25.023441,16.740076
882664ccc3fffff,41.74218902378478,-87.57269307951275,3,13.788991,18.986423,29.973186,23.3756
882664ccc3fffff,41.74218902378478,-87.57269307951275,4,27.486694,29.683767,35.190758,24.347523
882664ccc3fffff,41.74218902378478,-87.57269307951275,5,33.89937,44.93996,39.285824,29.798122
882664ccc3fffff,41.74218902378478,-87.57269307951275,6,41.162346,44.03974,39.90191,32.931152
882664ccc3fffff,41.74218902378478,-87.57269307951275,7,35.06167,43.669174,39.157177,30.651945
882664ccc3fffff,41.74218902378478,-87.57269307951275,8,29.715633,34.22701,35.308098,26.759108
882664ccc3fffff,41.74218902378478,-87.57269307951275,9,17.273623,23.431658,34.44703,23.661854
882664ccc3fffff,41.74218902378478,-87.57269307951275,10,11.040929,20.290255,25.71345,19.37695
882664ccc3fffff,41.74218902378478,-87.57269307951275,11,5.8769665,16.00613,20.338129,12.002575
882664ccc3fffff,41.74218902378478,-87.57269307951275,12,5.1926107,13.655015,19.984297,11.45664
882664ccc5fffff,41.75072593259637,-87.58881257150406,1,13.939288,21.253065,14.562971,10.3397665
882664ccc5fffff,41.75072593259637,-87.58881257150406,2,17.12298,24.213406,21.843733,16.338938
882664ccc5fffff,41.75072593259637,-87.58881257150406,3,25.460032,27.934332,27.994465,24.418348
882664ccc5fffff,41.75072593259637,-87.58881257150406,4,28.775633,36.916176,29.448036,25.066626
882664ccc5fffff,41.75072593259637,-87.58881257150406,5,34.71171,46.120277,31.805063,26.26276
882664ccc5fffff,41.75072593259637,-87.58881257150406,6,41.877266,46.032475,31.667217,28.412886
882664ccc5fffff,41.75072593259637,-87.58881257150406,7,35.21646,44.52142,31.466314,24.99348
882664ccc5fffff,41.75072593259637,-87.58881257150406,8,32.621952,40.13987,30.104122,26.920864
882664ccc5fffff,41.75072593259637,-87.58881257150406,9,33.277912,39.074276,31.777502,26.847105
882664ccc5fffff,41.75072593259637,-87.58881257150406,10,23.910748,29.796701,24.149855,18.35719
882664ccc5fffff,41.75072593259637,-87.58881257150406,11,10.710023,18.79696,16.829767,11.3708935
882664ccc5fffff,41.75072593259637,-87.58881257150406,12,9.924787,15.821221,16.373964,10.923716
882664ccc7fffff,41.74323646738682,-87.58409025487201,1,6.459752,14.050508,16.968378,8.2352
882664ccc7fffff,41.74323646738682,-87.58409025487201,2,7.9860716,15.205189,25.790272,16.07957
882664ccc7fffff,41.74323646738682,-87.58409025487201,3,11.369664,15.436814,30.48663,23.286509
882664ccc7fffff,41.74323646738682,-87.58409025487201,4,23.555931,22.514723,33.91575,26.66289
882664ccc7fffff,41.74323646738682,-87.58409025487201,5,28.126284,35.28467,36.52799,33.58022
882664ccc7fffff,41.74323646738682,-87.58409025487201,6,34.933247,34.64764,35.888874,37.10469
882664ccc7fffff,41.74323646738682,-87.58409025487201,7,29.092884,34.350952,35.198322,33.5129
882664ccc7fffff,41.74323646738682,-87.58409025487201,8,25.426897,25.82588,34.031487,28.94524
882664ccc7fffff,41.74323646738682,-87.58409025487201,9,14.474105,19.347462,33.589752,26.02431
882664ccc7fffff,41.74323646738682,-87.58409025487201,10,9.235095,16.947874,26.64478,18.817001
882664ccc7fffff,41.74323646738682,-87.58409025487201,11,5.5750904,13.396884,19.470535,10.816065
882664ccc7fffff,41.74323646738682,-87.58409025487201,12,4.8907347,10.700212,19.028782,10.402036
882664ccc9fffff,41.75612169675775,-87.57073492808136,1,15.236625,18.611311,13.248836,8.587659
882664ccc9fffff,41.75612169675775,-87.57073492808136,2,19.527122,20.143803,19.993626,15.208785
882664ccc9fffff,41.75612169675775,-87.57073492808136,3,24.141556,22.934715,25.420744,22.283566
882664ccc9fffff,41.75612169675775,-87.57073492808136,4,36.014393,37.454052,31.747957,26.099653
882664ccc9fffff,41.75612169675775,-87.57073492808136,5,44.354626,53.31273,41.18202,32.288704
882664ccc9fffff,41.75612169675775,-87.57073492808136,6,51.33359,52.26229,41.012726,35.386986
882664ccc9fffff,41.75612169675775,-87.57073492808136,7,44.046818,52.06409,39.177517,31.945883
882664ccc9fffff,41.75612169675775,-87.57073492808136,8,38.2765,41.59547,32.575745,27.744522
882664ccc9fffff,41.75612169675775,-87.57073492808136,9,21.771088,29.190945,31.107279,25.42431
882664ccc9fffff,41.75612169675775,-87.57073492808136,10,19.627634,21.200125,21.241886,16.4416
882664ccc9fffff,41.75612169675775,-87.57073492808136,11,13.09299,17.602682,14.535304,9.957494
882664ccc9fffff,41.75612169675775,-87.57073492808136,12,11.940263,13.828245,14.151212,9.367526
882664cccbfffff,41.74863086842272,-87.56601477791362,1,14.352717,20.199356,11.812382,6.927348
882664cccbfffff,41.74863086842272,-87.56601477791362,2,18.525387,24.495262,18.543732,13.756049
882664cccbfffff,41.74863086842272,-87.56601477791362,3,24.77302,26.22156,24.693203,21.813345
882664cccbfffff,41.74863086842272,-87.56601477791362,4,29.301596,38.488453,31.058815,25.124111
882664cccbfffff,41.74863086842272,-87.56601477791362,5,37.657494,52.82589,38.077904,30.757645
882664cccbfffff,41.74863086842272,-87.56601477791362,6,44.9016,52.10112,37.912758,34.574436
882664cccbfffff,41.74863086842272,-87.56601477791362,7,37.896717,50.147865,36.603035,30.576042
882664cccbfffff,41.74863086842272,-87.56601477791362,8,34.673904,44.268047,32.704662,26.667383
882664cccbfffff,41.74863086842272,-87.56601477791362,9,31.04762,37.48351,34.094337,25.867546
882664cccbfffff,41.74863086842272,-87.56601477791362,10,24.574501,27.327812,21.152552,15.671928
882664cccbfffff,41.74863086842272,-87.56601477791362,11,10.299537,16.064455,13.808536,8.529562
882664cccbfffff,41.74863086842272,-87.56601477791362,12,9.523149,12.562205,13.597512,8.002649
882664cccdfffff,41.75716931737514,-87.58213554705036,1,6.5572557,14.137821,13.471254,6.857227
882664cccdfffff,41.75716931737514,-87.58213554705036,2,12.247268,18.006168,18.760538,11.697434
882664cccdfffff,41.75716931737514,-87.58213554705036,3,23.416609,20.075249,20.884481,18.531902
882664cccdfffff,41.75716931737514,-87.58213554705036,4,36.38949,46.93641,24.860535,19.867453
882664cccdfffff,41.75716931737514,-87.58213554705036,5,44.348804,65.713806,30.317934,24.663828
882664cccdfffff,41.75716931737514,-87.58213554705036,6,51.59466,65.33314,29.221691,26.467045
882664cccdfffff,41.75716931737514,-87.58213554705036,7,43.39845,63.537315,28.40395,23.581415
882664cccdfffff,41.75716931737514,-87.58213554705036,8,34.74603,48.11617,24.4539,20.866962
882664cccdfffff,41.75716931737514,-87.58213554705036,9,20.26917,28.344143,22.746004,18.695135
882664cccdfffff,41.75716931737514,-87.58213554705036,10,12.403842,19.012161,18.222164,13.541925
882664cccdfffff,41.75716931737514,-87.58213554705036,11,4.3365765,12.934202,14.620789,7.565624
882664cccdfffff,41.75716931737514,-87.58213554705036,12,3.2925348,9.371679,14.51375,7.037061
882664ccd1fffff,41.733650405566905,-87.55657889787028,1,15.497829,18.130892,15.529844,13.456668
882664ccd1fffff,41.733650405566905,-87.55657889787028,2,24.272299,24.34966,25.69002,20.171444
882664ccd1fffff,41.733650405566905,-87.55657889787028,3,35.46259,29.861485,31.295614,27.089102
882664ccd1fffff,41.733650405566905,-87.55657889787028,4,44.420544,42.174732,36.065308,31.396898
882664ccd1fffff,41.733650405566905,-87.55657889787028,5,50.1454,64.84886,40.720436,34.26689
882664ccd1fffff,41.733650405566905,-87.55657889787028,6,54.5372,62.67367,42.31136,36.123077
882664ccd1fffff,41.733650405566905,-87.55657889787028,7,48.500263,62.547222,39.536854,32.638443
882664ccd1fffff,41.733650405566905,-87.55657889787028,8,46.474327,45.75888,36.915455,32.196346
882664ccd1fffff,41.733650405566905,-87.55657889787028,9,40.154045,37.219257,36.32879,28.682127
882664ccd1fffff,41.733650405566905,-87.55657889787028,10,25.905521,26.248545,29.735575,21.806158
882664ccd1fffff,41.733650405566905,-87.55657889787028,11,12.82055,16.804781,18.619846,13.435169
882664ccd1fffff,41.733650405566905,-87.55657889787028,12,12.379805,14.926083,18.00312,12.90446
882664ccd3fffff,41.72616077181431,-87.55186316674295,1,14.864235,17.798874,13.867532,12.557723
882664ccd3fffff,41.72616077181431,-87.55186316674295,2,22.9893,21.556967,23.021793,19.446457
882664ccd3fffff,41.72616077181431,-87.55186316674295,3,32.727158,26.284456,27.456472,25.151789
882664ccd3fffff,41.72616077181431,-87.55186316674295,4,45.78655,37.192444,31.09241,27.595013
882664ccd3fffff,41.72616077181431,-87.55186316674295,5,52.190514,62.10687,36.09245,30.578884
882664ccd3fffff,41.72616077181431,-87.55186316674295,6,56.257935,59.66816,36.604374,30.171576
882664ccd3fffff,41.72616077181431,-87.55186316674295,7,49.93668,60.512264,34.316597,28.606287
882664ccd3fffff,41.72616077181431,-87.55186316674295,8,45.707157,42.58757,30.912664,28.90222
882664ccd3fffff,41.72616077181431,-87.55186316674295,9,35.89655,36.461346,29.105204,26.168213
882664ccd3fffff,41.72616077181431,-87.55186316674295,10,23.374716,24.663733,24.917356,20.98712
882664ccd3fffff,41.72616077181431,-87.55186316674295,11,12.639612,17.270565,16.404106,12.575401
882664ccd3fffff,41.72616077181431,-87.55186316674295,12,12.050489,14.528183,16.014977,12.04469
882664ccd5fffff,41.7346994735416,-87.56797405621658,1,16.288185,15.80117,11.410702,11.044967
882664ccd5fffff,41.7346994735416,-87.56797405621658,2,19.906559,16.02828,17.461718,17.59802
882664ccd5fffff,41.7346994735416,-87.56797405621658,3,23.818483,18.02864,23.310606,24.885216
882664ccd5fffff,41.7346994735416,-87.56797405621658,4,28.349758,25.940445,25.000877,25.166006
882664ccd5fffff,41.7346994735416,-87.56797405621658,5,33.841423,39.061226,26.94463,28.193056
882664ccd5fffff,41.7346994735416,-87.56797405621658,6,38.510654,37.58128,27.184067,30.344538
882664ccd5fffff,41.7346994735416,-87.56797405621658,7,34.618893,38.17109,26.959415,27.243114
882664ccd5fffff,41.7346994735416,-87.56797405621658,8,29.440384,28.061077,27.036093,27.709885
882664ccd5fffff,41.7346994735416,-87.56797405621658,9,22.338732,24.371485,26.631105,25.493269
882664ccd5fffff,41.7346994735416,-87.56797405621658,10,21.798819,18.051647,20.232523,19.832602
882664ccd5fffff,41.7346994735416,-87.56797405621658,11,15.054929,14.771953,14.783214,12.861203
882664ccd5fffff,41.7346994735416,-87.56797405621658,12,14.416256,12.854883,14.689734,12.297163
882664ccd7fffff,41.727210321511926,-87.56325650573437,1,16.496012,18.904215,12.305025,11.094941
882664ccd7fffff,41.727210321511926,-87.56325650573437,2,21.086063,19.159533,21.77333,18.743912
882664ccd7fffff,41.727210321511926,-87.56325650573437,3,25.72901,21.231602,26.613579,25.676573
882664ccd7fffff,41.727210321511926,-87.56325650573437,4,36.80765,33.482136,30.828548,28.286156
882664ccd7fffff,41.727210321511926,-87.56325650573437,5,43.70571,46.19234,34.045692,30.600657
882664ccd7fffff,41.727210321511926,-87.56325650573437,6,48.449867,43.884247,35.28405,31.797691
882664ccd7fffff,41.727210321511926,-87.56325650573437,7,42.568687,45.590687,34.46624,29.32252
882664ccd7fffff,41.727210321511926,-87.56325650573437,8,38.008606,38.104088,32.784058,30.782534
882664ccd7fffff,41.727210321511926,-87.56325650573437,9,27.817694,32.08335,32.15969,27.635534
882664ccd7fffff,41.727210321511926,-87.56325650573437,10,22.596937,21.910236,25.678127,21.58122
882664ccd7fffff,41.727210321511926,-87.56325650573437,11,14.780356,18.133831,17.87447,11.939795
882664ccd7fffff,41.727210321511926,-87.56325650573437,12,13.915009,15.683861,17.798252,11.492616
882664ccd9fffff,41.74009070979864,-87.54989932138633,1,16.85652,19.871946,14.0158615,9.484344
882664ccd9fffff,41.74009070979864,-87.54989932138633,2,20.738153,24.836311,20.760025,15.307469
882664ccd9fffff,41.74009070979864,-87.54989932138633,3,24.12595,26.742239,25.055891,22.659185
882664ccd9fffff,41.74009070979864,-87.54989932138633,4,32.565292,39.122314,29.295626,27.672731
882664ccd9fffff,41.74009070979864,-87.54989932138633,5,43.556976,49.971867,36.407814,28.544418
882664ccd9fffff,41.74009070979864,-87.54989932138633,6,48.704456,49.04717,38.549603,29.58556
882664ccd9fffff,41.74009070979864,-87.54989932138633,7,43.992767,48.669968,36.951317,27.048965
882664ccd9fffff,41.74009070979864,-87.54989932138633,8,39.614967,46.582928,33.52661,27.759607
882664ccd9fffff,41.74009070979864,-87.54989932138633,9,32.787582,39.686974,33.718655,23.604877
882664ccd9fffff,41.74009070979864,-87.54989932138633,10,26.930634,29.57672,25.789768,17.008266
882664ccd9fffff,41.74009070979864,-87.54989932138633,11,13.092212,15.533334,17.840239,9.863909
882664ccd9fffff,41.74009070979864,-87.54989932138633,12,12.768397,12.082376,17.229841,9.423923
882664ccdbfffff,41.73260019579099,-87.54518393796313,1,14.313101,13.514476,9.67771,7.3131037
882664ccdbfffff,41.73260019579099,-87.54518393796313,2,20.560009,17.054247,18.713799,12.1328125
882664ccdbfffff,41.73260019579099,-87.54518393796313,3,29.335007,19.689043,22.75313,18.896082
882664ccdbfffff,41.73260019579099,-87.54518393796313,4,36.372475,29.900854,25.28844,23.319387
882664ccdbfffff,41.73260019579099,-87.54518393796313,5,37.455044,49.71006,27.530674,24.565271
882664ccdbfffff,41.73260019579099,-87.54518393796313,6,42.6603,49.31485,27.379309,24.31041
882664ccdbfffff,41.73260019579099,-87.54518393796313,7,37.476696,48.98443,25.994848,22.096478
882664ccdbfffff,41.73260019579099,-87.54518393796313,8,39.982265,33.733772,26.21195,23.404118
882664ccdbfffff,41.73260019579099,-87.54518393796313,9,29.198822,26.717367,25.433132,18.261148
882664ccdbfffff,41.73260019579099,-87.54518393796313,10,23.834007,19.934832,21.879692,13.415355
882664ccdbfffff,41.73260019579099,-87.54518393796313,11,12.933115,11.896864,12.704826,7.1758685
882664ccdbfffff,41.73260019579099,-87.54518393796313,12,12.467354,9.022165,12.652174,6.7752137
882664ccddfffff,41.741140437897705,-87.56129610138527,1,22.758928,25.975166,12.401012,14.499173
882664ccddfffff,41.741140437897705,-87.56129610138527,2,28.424753,28.461292,19.33532,22.395105
882664ccddfffff,41.741140437897705,-87.56129610138527,3,32.29343,31.910173,25.830578,27.003103
882664ccddfffff,41.741140437897705,-87.56129610138527,4,35.440372,41.22901,28.649618,29.348188
882664ccddfffff,41.741140437897705,-87.56129610138527,5,40.67421,55.109062,31.577608,34.444324
882664ccddfffff,41.741140437897705,-87.56129610138527,6,45.59728,52.99142,31.513987,36.412636
882664ccddfffff,41.741140437897705,-87.56129610138527,7,41.066273,52.419224,31.659828,33.70557
882664ccddfffff,41.741140437897705,-87.56129610138527,8,36.194847,42.187687,29.840628,31.602198
882664ccddfffff,41.741140437897705,-87.56129610138527,9,47.921265,38.22058,31.778708,31.930267
882664ccddfffff,41.741140437897705,-87.56129610138527,10,29.269117,32.44006,22.793455,24.221064
882664ccddfffff,41.741140437897705,-87.56129610138527,11,17.209785,23.028866,15.113349,14.580009
882664ccddfffff,41.741140437897705,-87.56129610138527,12,16.34246,19.996506,14.992801,14.485592
882664cce1fffff,41.74532792744495,-87.60688519369843,1,7.185913,14.689906,15.366958,11.180985
882664cce1fffff,41.74532792744495,-87.60688519369843,2,12.345788,17.199074,22.114819,15.88603
882664cce1fffff,41.74532792744495,-87.60688519369843,3,17.14314,20.39977,26.452957,22.44692
882664cce1fffff,41.74532792744495,-87.60688519369843,4,31.769735,33.879135,31.136454,23.745308
882664cce1fffff,41.74532792744495,-87.60688519369843,5,41.29432,50.073837,35.601795,27.663267
882664cce1fffff,41.74532792744495,-87.60688519369843,6,48.49527,49.270687,35.749306,30.981241
882664cce1fffff,41.74532792744495,-87.60688519369843,7,42.74651,49.23749,35.92525,28.101112
882664cce1fffff,41.74532792744495,-87.60688519369843,8,35.49121,37.3192,32.37173,25.747042
882664cce1fffff,41.74532792744495,-87.60688519369843,9,20.956863,24.709396,31.046608,23.2582
882664cce1fffff,41.74532792744495,-87.60688519369843,10,13.612756,19.107899,24.014627,18.214819
882664cce1fffff,41.74532792744495,-87.60688519369843,11,6.7705774,14.143688,18.304865,12.745355
882664cce1fffff,41.74532792744495,-87.60688519369843,12,5.832226,11.2403555,17.849377,12.19942
882664cce3fffff,41.73783982592784,-87.60216071292686,1,9.776658,13.71595,10.093143,3.8636067
882664cce3fffff,41.73783982592784,-87.60216071292686,2,13.800494,13.8674135,14.793202,9.1105795
882664cce3fffff,41.73783982592784,-87.60216071292686,3,18.42526,14.803364,19.742537,15.276404
882664cce3fffff,41.73783982592784,-87.60216071292686,4,24.367264,22.270761,27.392696,18.456116
882664cce3fffff,41.73783982592784,-87.60216071292686,5,33.591682,36.42927,35.16379,22.777624
882664cce3fffff,41.73783982592784,-87.60216071292686,6,41.371582,36.067,33.906174,24.73616
882664cce3fffff,41.73783982592784,-87.60216071292686,7,33.957813,35.60459,33.53046,22.93528
882664cce3fffff,41.73783982592784,-87.60216071292686,8,25.867579,27.915638,25.841326,19.864742
882664cce3fffff,41.73783982592784,-87.60216071292686,9,15.583778,22.382347,24.052252,16.434856
882664cce3fffff,41.73783982592784,-87.60216071292686,10,14.208571,15.533159,13.417555,11.2797165
882664cce3fffff,41.73783982592784,-87.60216071292686,11,7.856213,12.791053,11.5294485,5.7242317
882664cce3fffff,41.73783982592784,-87.60216071292686,12,7.8652377,11.053202,11.498756,5.4832273
882664cce5fffff,41.74637194375636,-87.61828295537163,1,10.329175,14.802619,17.376226,11.496986
882664cce5fffff,41.74637194375636,-87.61828295537163,2,17.221478,18.773825,22.902252,18.638763
882664cce5fffff,41.74637194375636,-87.61828295537163,3,28.105104,24.577698,26.812895,26.222282
882664cce5fffff,41.74637194375636,-87.61828295537163,4,42.451557,41.4841,28.491621,27.520943
882664cce5fffff,41.74637194375636,-87.61828295537163,5,49.189056,60.301617,32.413864,27.821133
882664cce5fffff,41.74637194375636,-87.61828295537163,6,56.045883,60.46914,31.920805,29.358587
882664cce5fffff,41.74637194375636,-87.61828295537163,7,49.98791,58.746895,32.14355,26.988308
882664cce5fffff,41.74637194375636,-87.61828295537163,8,43.40408,44.689445,30.435776,30.46758
882664cce5fffff,41.74637194375636,-87.61828295537163,9,26.430325,28.217617,29.919134,27.815456
882664cce5fffff,41.74637194375636,-87.61828295537163,10,17.980537,21.649607,26.330643,21.284876
882664cce5fffff,41.74637194375636,-87.61828295537163,11,9.570645,14.786432,20.385576,12.282344
882664cce5fffff,41.74637194375636,-87.61828295537163,12,8.517756,12.023907,20.361818,11.909854
882664cce7fffff,41.73888432596864,-87.6135566560658,1,12.674919,15.223807,11.043516,12.45985
882664cce7fffff,41.73888432596864,-87.6135566560658,2,16.944784,15.872091,18.07438,21.377676
882664cce7fffff,41.73888432596864,-87.6135566560658,3,23.392494,19.57251,22.553635,27.03291
882664cce7fffff,41.73888432596864,-87.6135566560658,4,26.10186,31.568373,25.798641,29.297152
882664cce7fffff,41.73888432596864,-87.6135566560658,5,32.08045,43.55238,30.110424,33.480152
882664cce7fffff,41.73888432596864,-87.6135566560658,6,38.8281,42.946793,30.577047,36.121933
882664cce7fffff,41.73888432596864,-87.6135566560658,7,33.15258,42.71293,29.779446,33.06964
882664cce7fffff,41.73888432596864,-87.6135566560658,8,28.135061,33.12056,27.086437,31.097633
882664cce7fffff,41.73888432596864,-87.6135566560658,9,17.893007,26.342464,25.939232,28.704634
882664cce7fffff,41.73888432596864,-87.6135566560658,10,18.761856,16.952942,20.355175,21.379269
882664cce7fffff,41.73888432596864,-87.6135566560658,11,12.068687,13.854119,14.320509,13.299896
882664cce7fffff,41.73888432596864,-87.6135566560658,12,11.292299,11.817422,14.07259,12.793461
882664cce9fffff,41.75177175056693,-87.60021176278259,1,12.766835,17.667109,13.199193,12.856682
882664cce9fffff,41.75177175056693,-87.60021176278259,2,21.037483,22.746277,21.713585,19.072512
882664cce9fffff,41.75177175056693,-87.60021176278259,3,31.12525,28.24379,27.552341,25.168047
882664cce9fffff,41.75177175056693,-87.60021176278259,4,45.546062,45.83179,32.691895,28.272747
882664cce9fffff,41.75177175056693,-87.60021176278259,5,64.26769,74.24527,38.269337,32.613796
882664cce9fffff,41.75177175056693,-87.60021176278259,6,65.97091,71.45975,39.230717,32.8032
882664cce9fffff,41.75177175056693,-87.60021176278259,7,64.34155,72.68432,37.13739,30.287048
882664cce9fffff,41.75177175056693,-87.60021176278259,8,47.9076,51.66251,34.9239,29.438839
882664cce9fffff,41.75177175056693,-87.60021176278259,9,29.765507,34.927826,32.87218,26.028742
882664cce9fffff,41.75177175056693,-87.60021176278259,10,21.574677,25.233912,24.24532,19.188663
882664cce9fffff,41.75177175056693,-87.60021176278259,11,12.449985,16.50712,15.333687,12.04283
882664cce9fffff,41.75177175056693,-87.60021176278259,12,11.371543,13.108742,14.68339,11.664763
882664ccebfffff,41.744282768631024,-87.59548762656623,1,15.481376,22.380032,15.774139,13.320445
882664ccebfffff,41.744282768631024,-87.59548762656623,2,19.01548,24.653482,21.016283,17.439663
882664ccebfffff,41.744282768631024,-87.59548762656623,3,22.262594,23.460924,23.85676,21.443531
882664ccebfffff,41.744282768631024,-87.59548762656623,4,19.277163,28.791748,23.830482,20.777176
882664ccebfffff,41.744282768631024,-87.59548762656623,5,23.918976,35.331944,25.684685,22.45702
882664ccebfffff,41.744282768631024,-87.59548762656623,6,29.211487,36.196766,26.50815,24.46874
882664ccebfffff,41.744282768631024,-87.59548762656623,7,23.551702,34.303658,25.54915,21.263657
882664ccebfffff,41.744282768631024,-87.59548762656623,8,23.874914,31.554161,23.41442,19.80926
882664ccebfffff,41.744282768631024,-87.59548762656623,9,32.457874,34.357403,23.630846,20.56372
882664ccebfffff,41.744282768631024,-87.59548762656623,10,24.607721,29.860008,22.643705,18.586458
882664ccebfffff,41.744282768631024,-87.59548762656623,11,11.467383,18.87035,17.187477,13.342657
882664ccebfffff,41.744282768631024,-87.59548762656623,12,11.0886965,16.963316,17.009113,13.206482
882664ccedfffff,41.75281642569676,-87.61161114918684,1,11.711326,17.091139,11.82724,9.726003
882664ccedfffff,41.75281642569676,-87.61161114918684,2,14.912147,16.486237,17.861662,15.694425
882664ccedfffff,41.75281642569676,-87.61161114918684,3,19.324848,18.025894,24.025387,21.800674
882664ccedfffff,41.75281642569676,-87.61161114918684,4,23.827795,25.985308,25.894503,22.204798
882664ccedfffff,41.75281642569676,-87.61161114918684,5,26.30663,34.98884,28.82188,25.90339
882664ccedfffff,41.75281642569676,-87.61161114918684,6,33.054268,34.225555,28.196249,27.801413
882664ccedfffff,41.75281642569676,-87.61161114918684,7,27.017801,34.18951,27.387774,24.573883
882664ccedfffff,41.75281642569676,-87.61161114918684,8,24.414587,28.050318,27.61496,24.408962
882664ccedfffff,41.75281642569676,-87.61161114918684,9,15.63832,25.22604,26.500189,21.753922
882664ccedfffff,41.75281642569676,-87.61161114918684,10,15.831096,18.283253,19.896536,16.653137
882664ccedfffff,41.75281642569676,-87.61161114918684,11,10.01588,15.844251,14.798835,10.258952
882664ccedfffff,41.75281642569676,-87.61161114918684,12,9.239491,13.240663,14.883787,10.003451
882664cd01fffff,41.78900676066437,-87.69897375829679,1,9.684441,15.331756,14.299414,8.230925
882664cd01fffff,41.78900676066437,-87.69897375829679,2,15.8076,18.091816,19.082579,19.89956
882664cd01fffff,41.78900676066437,-87.69897375829679,3,25.818249,23.843716,22.678368,23.416403
882664cd01fffff,41.78900676066437,-87.69897375829679,4,35.96373,21.404179,24.501936,24.743883
882664cd01fffff,41.78900676066437,-87.69897375829679,5,43.57281,44.806023,30.395365,28.48829
882664cd01fffff,41.78900676066437,-87.69897375829679,6,44.67773,43.83924,30.230062,29.3058
882664cd01fffff,41.78900676066437,-87.69897375829679,7,41.069973,43.57975,28.282084,26.169508
882664cd01fffff,41.78900676066437,-87.69897375829679,8,35.228172,27.239655,23.666876,24.480383
882664cd01fffff,41.78900676066437,-87.69897375829679,9,32.44891,21.238274,24.522371,22.072184
882664cd01fffff,41.78900676066437,-87.69897375829679,10,15.760225,22.741905,20.354471,19.691338
882664cd01fffff,41.78900676066437,-87.69897375829679,11,6.695284,14.891474,16.099024,8.355656
882664cd01fffff,41.78900676066437,-87.69897375829679,12,6.0313196,12.476502,15.759622,7.9416275
882664cd03fffff,41.781519598812494,-87.69423097844121,1,16.96512,19.511223,19.228207,12.091893
882664cd03fffff,41.781519598812494,-87.69423097844121,2,22.776327,22.782612,29.209265,20.733906
882664cd03fffff,41.781519598812494,-87.69423097844121,3,30.313618,24.943935,34.508816,27.041351
882664cd03fffff,41.781519598812494,-87.69423097844121,4,48.786793,39.759052,39.91084,34.479424
882664cd03fffff,41.781519598812494,-87.69423097844121,5,53.035416,64.15232,44.591766,37.685116
882664cd03fffff,41.781519598812494,-87.69423097844121,6,58.859844,61.78183,45.38536,37.752872
882664cd03fffff,41.781519598812494,-87.69423097844121,7,52.565228,62.012856,42.56285,35.068653
882664cd03fffff,41.781519598812494,-87.69423097844121,8,49.545322,44.786873,42.71647,35.171978
882664cd03fffff,41.781519598812494,-87.69423097844121,9,35.121773,32.553192,41.577873,30.11638
882664cd03fffff,41.781519598812494,-87.69423097844121,10,23.30705,26.216757,32.583305,21.85122
882664cd03fffff,41.781519598812494,-87.69423097844121,11,15.09322,18.561504,21.398882,13.513022
882664cd03fffff,41.781519598812494,-87.69423097844121,12,13.9602165,15.794046,21.059477,12.972516
882664cd05fffff,41.79004148403454,-87.71038175797251,1,3.361701,9.081301,12.422469,6.4455547
882664cd05fffff,41.79004148403454,-87.71038175797251,2,9.12873,11.585814,17.013815,13.000162
882664cd05fffff,41.79004148403454,-87.71038175797251,3,16.541075,17.843113,21.71,18.213112
882664cd05fffff,41.79004148403454,-87.71038175797251,4,25.741632,32.294624,25.879696,19.373608
882664cd05fffff,41.79004148403454,-87.71038175797251,5,37.968414,45.247612,29.98227,23.446209
882664cd05fffff,41.79004148403454,-87.71038175797251,6,41.05448,44.728733,28.72927,24.248177
882664cd05fffff,41.79004148403454,-87.71038175797251,7,36.586872,44.45388,28.456108,21.443611
882664cd05fffff,41.79004148403454,-87.71038175797251,8,27.439833,37.31034,26.21435,18.929771
882664cd05fffff,41.79004148403454,-87.71038175797251,9,17.633495,20.244137,24.874197,15.762006
882664cd05fffff,41.79004148403454,-87.71038175797251,10,8.888595,13.441228,17.809423,12.237475
882664cd05fffff,41.79004148403454,-87.71038175797251,11,0.9242151,8.834974,13.210243,5.3919096
882664cd05fffff,41.79004148403454,-87.71038175797251,12,0.33542073,7.811491,13.283334,4.989823
882664cd07fffff,41.78255481019949,-87.70563715935059,1,12.482188,19.595407,14.362738,13.032964
882664cd07fffff,41.78255481019949,-87.70563715935059,2,18.252192,20.780962,20.87656,20.256296
882664cd07fffff,41.78255481019949,-87.70563715935059,3,23.225597,23.680758,25.50428,25.507206
882664cd07fffff,41.78255481019949,-87.70563715935059,4,34.461807,31.553215,32.340675,30.159515
882664cd07fffff,41.78255481019949,-87.70563715935059,5,47.223583,47.59289,39.68859,34.579105
882664cd07fffff,41.78255481019949,-87.70563715935059,6,53.39629,45.262375,39.248024,34.069237
882664cd07fffff,41.78255481019949,-87.70563715935059,7,47.465366,47.19726,37.333252,31.597174
882664cd07fffff,41.78255481019949,-87.70563715935059,8,38.45246,38.836266,33.6433,30.827742
882664cd07fffff,41.78255481019949,-87.70563715935059,9,27.671667,30.118055,31.669811,26.769321
882664cd07fffff,41.78255481019949,-87.70563715935059,10,19.169428,24.159664,22.875978,21.38228
882664cd07fffff,41.78255481019949,-87.70563715935059,11,10.592893,18.446625,16.170467,12.968108
882664cd07fffff,41.78255481019949,-87.70563715935059,12,10.420926,16.313189,15.851145,12.551121
882664cd09fffff,41.79545893475476,-87.69230838694466,1,11.496381,16.119009,15.533609,9.532225
882664cd09fffff,41.79545893475476,-87.69230838694466,2,16.525873,19.17394,22.094944,16.29382
882664cd09fffff,41.79545893475476,-87.69230838694466,3,23.173483,23.83398,27.04202,23.5135
882664cd09fffff,41.79545893475476,-87.69230838694466,4,31.214552,34.579063,32.13747,27.949802
882664cd09fffff,41.79545893475476,-87.69230838694466,5,41.590878,43.656002,36.610287,28.844336
882664cd09fffff,41.79545893475476,-87.69230838694466,6,46.940483,42.19908,38.60035,29.897942
882664cd09fffff,41.79545893475476,-87.69230838694466,7,40.865242,42.4267,36.764874,26.96885
882664cd09fffff,41.79545893475476,-87.69230838694466,8,35.743507,38.08652,34.608063,27.996536
882664cd09fffff,41.79545893475476,-87.69230838694466,9,26.030123,25.632425,35.502224,23.111969
882664cd09fffff,41.79545893475476,-87.69230838694466,10,18.323418,19.870928,25.676365,17.162672
882664cd09fffff,41.79545893475476,-87.69230838694466,11,9.881133,14.529127,18.600378,10.264602
882664cd09fffff,41.79545893475476,-87.69230838694466,12,9.536519,11.667168,18.428102,9.925569
882664cd0bfffff,41.78797089231586,-87.68756594619754,1,19.927544,19.516798,15.612392,14.72835
882664cd0bfffff,41.78797089231586,-87.68756594619754,2,26.297298,24.22966,25.422998,20.695065
882664cd0bfffff,41.78797089231586,-87.68756594619754,3,36.112343,28.224405,30.63334,26.502829
882664cd0bfffff,41.78797089231586,-87.68756594619754,4,45.750763,34.825825,38.063953,31.462904
882664cd0bfffff,41.78797089231586,-87.68756594619754,5,56.819023,63.103226,44.398796,35.26496
882664cd0bfffff,41.78797089231586,-87.68756594619754,6,60.482204,60.946693,45.92804,36.398155
882664cd0bfffff,41.78797089231586,-87.68756594619754,7,56.80904,62.14236,42.605732,33.244537
882664cd0bfffff,41.78797089231586,-87.68756594619754,8,47.466255,41.094746,40.345604,33.44825
882664cd0bfffff,41.78797089231586,-87.68756594619754,9,38.868668,36.242245,38.552338,30.15416
882664cd0bfffff,41.78797089231586,-87.68756594619754,10,26.03643,27.475794,28.971453,22.053762
882664cd0bfffff,41.78797089231586,-87.68756594619754,11,19.34631,18.652128,18.314465,14.61474
882664cd0bfffff,41.78797089231586,-87.68756594619754,12,18.346828,15.068009,17.554337,13.997426
882664cd0dfffff,41.79649431513035,-87.7037180185507,1,10.806296,15.101748,8.540903,7.371179
882664cd0dfffff,41.79649431513035,-87.7037180185507,2,17.367361,15.007151,14.709756,12.37344
882664cd0dfffff,41.79649431513035,-87.7037180185507,3,19.827478,16.942514,17.639833,17.812187
882664cd0dfffff,41.79649431513035,-87.7037180185507,4,29.216007,25.953392,19.781832,19.682678
882664cd0dfffff,41.79649431513035,-87.7037180185507,5,40.13885,36.322346,25.998482,21.261032
882664cd0dfffff,41.79649431513035,-87.7037180185507,6,43.4521,35.291668,27.040405,21.321836
882664cd0dfffff,41.79649431513035,-87.7037180185507,7,40.352024,36.63698,25.342148,19.30047
882664cd0dfffff,41.79649431513035,-87.7037180185507,8,34.046505,32.98,19.708439,20.054588
882664cd0dfffff,41.79649431513035,-87.7037180185507,9,18.856161,17.744423,18.283867,14.44036
882664cd0dfffff,41.79649431513035,-87.7037180185507,10,17.802197,17.45196,16.217276,12.691324
882664cd0dfffff,41.79649431513035,-87.7037180185507,11,9.666444,13.774084,11.246726,6.249905
882664cd0dfffff,41.79649431513035,-87.7037180185507,12,9.494477,10.853071,10.969338,5.65994
882664cd11fffff,41.77299598676448,-87.67808550399944,1,15.073799,14.724287,12.704027,10.518085
882664cd11fffff,41.77299598676448,-87.67808550399944,2,19.782383,16.761557,19.461271,16.624794
882664cd11fffff,41.77299598676448,-87.67808550399944,3,28.030561,21.541538,26.587708,21.95315
882664cd11fffff,41.77299598676448,-87.67808550399944,4,35.771706,39.968475,31.306927,25.337286
882664cd11fffff,41.77299598676448,-87.67808550399944,5,46.204052,53.4585,32.34183,29.050257
882664cd11fffff,41.77299598676448,-87.67808550399944,6,50.768227,53.13932,31.73487,29.827057
882664cd11fffff,41.77299598676448,-87.67808550399944,7,44.281116,52.643234,31.951105,27.10196
882664cd11fffff,41.77299598676448,-87.67808550399944,8,37.956345,43.41551,32.772324,27.78948
882664cd11fffff,41.77299598676448,-87.67808550399944,9,28.722206,30.949947,31.281267,25.226025
882664cd11fffff,41.77299598676448,-87.67808550399944,10,21.083834,19.119246,23.119577,18.618946
882664cd11fffff,41.77299598676448,-87.67808550399944,11,13.641291,14.299007,16.018658,10.7917185
882664cd11fffff,41.77299598676448,-87.67808550399944,12,12.538441,12.537214,15.962787,10.344542
882664cd13fffff,41.76550912442417,-87.67334750129318,1,6.910474,14.101492,12.194044,9.090795
882664cd13fffff,41.76550912442417,-87.67334750129318,2,10.905269,15.543323,16.698616,14.875767
882664cd13fffff,41.76550912442417,-87.67334750129318,3,17.635479,17.33857,21.913822,20.172077
882664cd13fffff,41.76550912442417,-87.67334750129318,4,28.247276,29.300734,24.959274,23.427406
882664cd13fffff,41.76550912442417,-87.67334750129318,5,35.315212,37.79406,28.931633,26.761742
882664cd13fffff,41.76550912442417,-87.67334750129318,6,40.306458,37.657425,27.890057,29.019629
882664cd13fffff,41.76550912442417,-87.67334750129318,7,33.776794,37.138012,28.538948,26.109165
882664cd13fffff,41.76550912442417,-87.67334750129318,8,28.165133,31.521046,25.77803,26.22195
882664cd13fffff,41.76550912442417,-87.67334750129318,9,19.778294,23.297882,25.228392,21.869576
882664cd13fffff,41.76550912442417,-87.67334750129318,10,11.873008,17.995655,19.063072,17.184683
882664cd13fffff,41.76550912442417,-87.67334750129318,11,5.7103634,14.135418,15.2203665,10.729854
882664cd13fffff,41.76550912442417,-87.67334750129318,12,4.925125,11.845552,15.290694,10.722702
882664cd15fffff,41.77403282996105,-87.68948967835611,1,17.027292,19.370564,18.556646,12.064977
882664cd15fffff,41.77403282996105,-87.68948967835611,2,24.791714,23.665377,26.058142,21.155481
882664cd15fffff,41.77403282996105,-87.68948967835611,3,35.91044,28.574114,32.315697,27.938786
882664cd15fffff,41.77403282996105,-87.68948967835611,4,43.625664,37.09544,38.762825,34.35446
882664cd15fffff,41.77403282996105,-87.68948967835611,5,45.007088,63.480103,40.49679,35.12581
882664cd15fffff,41.77403282996105,-87.68948967835611,6,51.378387,61.244137,40.70223,35.91745
882664cd15fffff,41.77403282996105,-87.68948967835611,7,45.568535,61.758373,39.432594,33.872032
882664cd15fffff,41.77403282996105,-87.68948967835611,8,45.922234,41.564583,38.979687,36.266422
882664cd15fffff,41.77403282996105,-87.68948967835611,9,39.062374,35.136036,37.958416,31.778975
882664cd15fffff,41.77403282996105,-87.68948967835611,10,25.440386,27.607674,28.05279,23.629501
882664cd15fffff,41.77403282996105,-87.68948967835611,11,15.340914,18.447262,21.9658,14.191475
882664cd15fffff,41.77403282996105,-87.68948967835611,12,13.966379,15.416136,21.526335,13.640526
882664cd17fffff,41.76654645449614,-87.68474985741399,1,10.45254,8.9803,9.331028,9.801871
882664cd17fffff,41.76654645449614,-87.68474985741399,2,15.79445,10.195335,15.068127,14.908988
882664cd17fffff,41.76654645449614,-87.68474985741399,3,20.757198,14.371647,17.302654,19.993916
882664cd17fffff,41.76654645449614,-87.68474985741399,4,22.516424,21.419094,19.427246,22.20142
882664cd17fffff,41.76654645449614,-87.68474985741399,5,29.899946,28.326452,24.00611,24.035599
882664cd17fffff,41.76654645449614,-87.68474985741399,6,33.604534,26.95483,25.132198,24.143581
882664cd17fffff,41.76654645449614,-87.68474985741399,7,30.299496,28.46531,24.3273,23.063993
882664cd17fffff,41.76654645449614,-87.68474985741399,8,24.896252,24.53809,21.066315,23.1546
882664cd17fffff,41.76654645449614,-87.68474985741399,9,20.421352,16.01114,19.772045,19.740053
882664cd17fffff,41.76654645449614,-87.68474985741399,10,17.009844,11.53432,16.331587,15.211445
882664cd17fffff,41.76654645449614,-87.68474985741399,11,9.014546,8.622645,12.436205,9.261489
882664cd17fffff,41.76654645449614,-87.68474985741399,12,8.669932,7.1201935,12.319492,8.85187
882664cd19fffff,41.77944574240307,-87.6714191812015,1,13.703918,12.925278,14.394921,11.752753
882664cd19fffff,41.77944574240307,-87.6714191812015,2,20.165031,17.87622,23.194149,18.494402
882664cd19fffff,41.77944574240307,-87.6714191812015,3,29.97827,23.299206,28.384468,25.816559
882664cd19fffff,41.77944574240307,-87.6714191812015,4,46.856476,43.398632,33.743088,31.964136
882664cd19fffff,41.77944574240307,-87.6714191812015,5,50.395645,65.047066,38.51027,33.649605
882664cd19fffff,41.77944574240307,-87.6714191812015,6,54.308952,63.21108,39.99233,34.19567
882664cd19fffff,41.77944574240307,-87.6714191812015,7,48.84926,63.57087,38.14902,31.658258
882664cd19fffff,41.77944574240307,-87.6714191812015,8,47.413162,47.340347,35.684692,33.4276
882664cd19fffff,41.77944574240307,-87.6714191812015,9,28.80132,30.290005,34.24696,27.61998
882664cd19fffff,41.77944574240307,-87.6714191812015,10,19.72108,21.294558,26.618872,20.113869
882664cd19fffff,41.77944574240307,-87.6714191812015,11,11.5973625,13.176707,17.68494,11.831854
882664cd19fffff,41.77944574240307,-87.6714191812015,12,11.077127,10.650483,17.445782,11.362548
882664cd1bfffff,41.771957999479326,-87.6666815187513,1,6.1140547,17.395182,12.336418,6.310248
882664cd1bfffff,41.771957999479326,-87.6666815187513,2,11.000638,19.386343,19.38163,12.377421
882664cd1bfffff,41.771957999479326,-87.6666815187513,3,15.761165,19.817123,24.110369,20.074076
882664cd1bfffff,41.771957999479326,-87.6666815187513,4,26.49629,31.526854,29.801079,22.19199
882664cd1bfffff,41.771957999479326,-87.6666815187513,5,37.528366,45.950962,36.729954,25.369392
882664cd1bfffff,41.771957999479326,-87.6666815187513,6,42.945183,44.703465,37.07549,28.496393
882664cd1bfffff,41.771957999479326,-87.6666815187513,7,37.96203,43.902527,36.44286,25.823332
882664cd1bfffff,41.771957999479326,-87.6666815187513,8,30.360992,36.251015,31.526524,24.907814
882664cd1bfffff,41.771957999479326,-87.6666815187513,9,18.21943,24.567188,30.00061,22.392836
882664cd1bfffff,41.771957999479326,-87.6666815187513,10,12.642268,19.950472,22.671112,16.722416
882664cd1bfffff,41.771957999479326,-87.6666815187513,11,6.0814085,16.308914,15.393159,9.163548
882664cd1bfffff,41.771957999479326,-87.6666815187513,12,5.3970537,13.61151,14.819687,8.884985
882664cd1dfffff,41.78048324285703,-87.68282498542506,1,12.590349,10.63557,12.599679,9.266251
882664cd1dfffff,41.78048324285703,-87.68282498542506,2,17.170362,14.702515,22.312395,19.477064
882664cd1dfffff,41.78048324285703,-87.68282498542506,3,24.457615,17.882187,25.626865,25.147377
882664cd1dfffff,41.78048324285703,-87.68282498542506,4,29.781658,24.834892,26.722202,26.583319
882664cd1dfffff,41.78048324285703,-87.68282498542506,5,36.72034,33.79817,29.394194,29.319016
882664cd1dfffff,41.78048324285703,-87.68282498542506,6,37.80855,32.40724,30.264845,30.015327
882664cd1dfffff,41.78048324285703,-87.68282498542506,7,34.783855,34.488167,29.635849,27.99607
882664cd1dfffff,41.78048324285703,-87.68282498542506,8,34.07266,29.56625,26.847702,27.997375
882664cd1dfffff,41.78048324285703,-87.68282498542506,9,27.834173,22.522274,26.563797,25.30482
882664cd1dfffff,41.78048324285703,-87.68282498542506,10,21.840374,18.976421,22.657808,20.999258
882664cd1dfffff,41.78048324285703,-87.68282498542506,11,11.592062,11.331621,16.411283,10.850377
882664cd1dfffff,41.78048324285703,-87.68282498542506,12,11.339481,9.402054,16.544748,10.519879
882664cd21fffff,41.78462179898951,-87.7284500812511,1,10.618805,12.612008,15.018177,12.379186
882664cd21fffff,41.78462179898951,-87.7284500812511,2,17.929869,15.885826,23.198479,19.981672
882664cd21fffff,41.78462179898951,-87.7284500812511,3,23.734062,18.62002,27.546585,25.86483
882664cd21fffff,41.78462179898951,-87.7284500812511,4,43.725773,33.69797,33.571354,30.62375
882664cd21fffff,41.78462179898951,-87.7284500812511,5,54.779068,44.983463,39.37382,34.047035
882664cd21fffff,41.78462179898951,-87.7284500812511,6,58.58875,43.679634,41.395493,34.603073
882664cd21fffff,41.78462179898951,-87.7284500812511,7,51.955708,46.03835,39.79247,33.073883
882664cd21fffff,41.78462179898951,-87.7284500812511,8,48.565945,41.148624,36.50788,31.740454
882664cd21fffff,41.78462179898951,-87.7284500812511,9,32.378906,20.448988,35.332443,27.10064
882664cd21fffff,41.78462179898951,-87.7284500812511,10,19.069351,20.207556,26.850676,21.364891
882664cd21fffff,41.78462179898951,-87.7284500812511,11,10.041113,12.743312,18.787994,13.966655
882664cd21fffff,41.78462179898951,-87.7284500812511,12,9.78853,10.721203,18.507442,13.42072
882664cd23fffff,41.77713649431974,-87.7237033270879,1,16.896263,19.732996,17.34216,12.578325
882664cd23fffff,41.77713649431974,-87.7237033270879,2,22.664549,23.592468,25.00908,22.036837
882664cd23fffff,41.77713649431974,-87.7237033270879,3,32.340435,27.180862,30.844482,28.923851
882664cd23fffff,41.77713649431974,-87.7237033270879,4,46.901237,40.70009,37.494637,35.89805
882664cd23fffff,41.77713649431974,-87.7237033270879,5,56.277508,63.612717,43.520058,40.33546
882664cd23fffff,41.77713649431974,-87.7237033270879,6,62.066826,61.28221,44.163803,40.81689
882664cd23fffff,41.77713649431974,-87.7237033270879,7,55.90458,62.37678,41.415108,37.750755
882664cd23fffff,41.77713649431974,-87.7237033270879,8,48.91511,45.621506,40.427673,36.809135
882664cd23fffff,41.77713649431974,-87.7237033270879,9,34.551857,31.836386,38.660698,32.62442
882664cd23fffff,41.77713649431974,-87.7237033270879,10,22.53859,27.069609,28.101078,23.58754
882664cd23fffff,41.77713649431974,-87.7237033270879,11,14.786334,18.468391,19.26071,13.601297
882664cd23fffff,41.77713649431974,-87.7237033270879,12,13.561301,15.553806,18.98939,13.057834
882664cd25fffff,41.785653576254006,-87.73985682044307,1,12.448033,19.346485,17.459188,15.90107
882664cd25fffff,41.785653576254006,-87.73985682044307,2,19.67696,25.68267,25.995506,22.213377
882664cd25fffff,41.785653576254006,-87.73985682044307,3,30.439426,32.82534,30.848001,30.759504
882664cd25fffff,41.785653576254006,-87.73985682044307,4,44.679054,31.281494,35.924217,35.472343
882664cd25fffff,41.785653576254006,-87.73985682044307,5,56.79904,62.33009,38.531013,37.373814
882664cd25fffff,41.785653576254006,-87.73985682044307,6,60.056156,59.969677,39.206825,37.75615
882664cd25fffff,41.785653576254006,-87.73985682044307,7,56.33803,61.354893,37.13524,35.390713
882664cd25fffff,41.785653576254006,-87.73985682044307,8,45.67409,38.63375,38.940403,37.29105
882664cd25fffff,41.785653576254006,-87.73985682044307,9,37.152275,36.74088,37.725185,33.829998
882664cd25fffff,41.785653576254006,-87.73985682044307,10,22.228123,29.221428,30.954973,24.79642
882664cd25fffff,41.785653576254006,-87.73985682044307,11,11.854378,18.3592,20.179909,15.807688
882664cd25fffff,41.785653576254006,-87.73985682044307,12,10.847167,15.276301,19.576263,15.246349
882664cd27fffff,41.77816876046384,-87.73510824888875,1,11.679988,13.257974,13.137517,7.1205125
882664cd27fffff,41.77816876046384,-87.73510824888875,2,17.614073,16.367472,20.886621,13.163137
882664cd27fffff,41.77816876046384,-87.73510824888875,3,25.48049,20.726221,25.151077,20.244242
882664cd27fffff,41.77816876046384,-87.73510824888875,4,34.48389,34.23173,29.757217,26.705503
882664cd27fffff,41.77816876046384,-87.73510824888875,5,42.066147,53.505302,34.44401,29.48917
882664cd27fffff,41.77816876046384,-87.73510824888875,6,46.49061,53.696247,35.6617,30.798225
882664cd27fffff,41.77816876046384,-87.73510824888875,7,41.433033,53.29877,33.781185,28.49812
882664cd27fffff,41.77816876046384,-87.73510824888875,8,36.610172,37.881477,32.085064,28.59298
882664cd27fffff,41.77816876046384,-87.73510824888875,9,25.242004,23.996702,29.686178,23.360865
882664cd27fffff,41.77816876046384,-87.73510824888875,10,19.050026,16.147326,23.555826,15.617249
882664cd27fffff,41.77816876046384,-87.73510824888875,11,10.377585,11.47595,15.869216,8.581497
882664cd27fffff,41.77816876046384,-87.73510824888875,12,9.8662,9.200556,15.727935,7.928107
882664cd29fffff,41.79107506235678,-87.72178994432481,1,10.86633,15.06519,15.74721,10.053202
882664cd29fffff,41.79107506235678,-87.72178994432481,2,19.436588,16.13369,22.55856,18.387735
882664cd29fffff,41.79107506235678,-87.72178994432481,3,27.006218,23.559673,28.077196,24.300114
882664cd29fffff,41.79107506235678,-87.72178994432481,4,45.60678,40.221912,34.494507,27.429775
882664cd29fffff,41.79107506235678,-87.72178994432481,5,58.85732,55.24037,39.739105,30.352375
882664cd29fffff,41.79107506235678,-87.72178994432481,6,62.821438,54.899364,40.13753,31.390463
882664cd29fffff,41.79107506235678,-87.72178994432481,7,58.67267,56.599968,38.758537,28.193703
882664cd29fffff,41.79107506235678,-87.72178994432481,8,48.53125,48.543335,35.127647,28.44947
882664cd29fffff,41.79107506235678,-87.72178994432481,9,30.633902,26.182318,33.067757,24.741009
882664cd29fffff,41.79107506235678,-87.72178994432481,10,20.117403,19.8717,24.281536,18.987904
882664cd29fffff,41.79107506235678,-87.72178994432481,11,8.632638,14.9656,18.47581,9.812898
882664cd29fffff,41.79107506235678,-87.72178994432481,12,8.279708,12.685053,18.156485,9.410809
882664cd2bfffff,41.78358887694831,-87.71704352725375,1,13.235451,22.651117,14.998532,9.610754
882664cd2bfffff,41.78358887694831,-87.71704352725375,2,17.66431,25.34832,25.099773,17.218916
882664cd2bfffff,41.78358887694831,-87.71704352725375,3,21.69892,25.385153,30.5183,23.7235
882664cd2bfffff,41.78358887694831,-87.71704352725375,4,33.860874,36.309208,37.486008,29.443985
882664cd2bfffff,41.78358887694831,-87.71704352725375,5,42.801517,52.99672,44.53563,32.62436
882664cd2bfffff,41.78358887694831,-87.71704352725375,6,49.214367,49.975838,45.07231,33.259754
882664cd2bfffff,41.78358887694831,-87.71704352725375,7,43.068428,51.751534,43.022705,30.565523
882664cd2bfffff,41.78358887694831,-87.71704352725375,8,39.29686,43.102573,40.585094,31.437702
882664cd2bfffff,41.78358887694831,-87.71704352725375,9,28.354454,32.130867,38.93812,27.408045
882664cd2bfffff,41.78358887694831,-87.71704352725375,10,20.128843,28.10349,29.35759,18.930235
882664cd2bfffff,41.78358887694831,-87.71704352725375,11,11.472855,21.881319,17.948498,11.046619
882664cd2bfffff,41.78358887694831,-87.71704352725375,12,10.485168,18.793913,17.51073,10.632589
882664cd2dfffff,41.792107495561794,-87.7331983164537,1,20.521873,22.011341,13.41444,10.880853
882664cd2dfffff,41.792107495561794,-87.7331983164537,2,23.9848,25.001308,23.12739,18.610653
882664cd2dfffff,41.792107495561794,-87.7331983164537,3,27.14479,29.166786,28.45231,26.875431
882664cd2dfffff,41.792107495561794,-87.7331983164537,4,34.645737,37.553574,31.615051,27.925797
882664cd2dfffff,41.792107495561794,-87.7331983164537,5,42.533543,48.714653,32.46509,29.099077
882664cd2dfffff,41.792107495561794,-87.7331983164537,6,46.963257,46.8148,34.514477,30.141
882664cd2dfffff,41.792107495561794,-87.7331983164537,7,42.08093,48.86562,33.17036,27.846968
882664cd2dfffff,41.792107495561794,-87.7331983164537,8,37.22786,43.307472,32.969433,29.031347
882664cd2dfffff,41.792107495561794,-87.7331983164537,9,32.16752,42.997116,34.470493,27.442907
882664cd2dfffff,41.792107495561794,-87.7331983164537,10,27.355145,27.604902,26.42344,20.78034
882664cd2dfffff,41.792107495561794,-87.7331983164537,11,19.426811,20.478907,18.147081,10.959764
882664cd2dfffff,41.792107495561794,-87.7331983164537,12,18.469433,17.111973,17.847326,10.516382
882664cd31fffff,41.76861768332331,-87.70755513433417,1,17.535755,22.82993,20.875002,17.364536
882664cd31fffff,41.76861768332331,-87.70755513433417,2,25.992105,24.297457,28.818766,24.78297
882664cd31fffff,41.76861768332331,-87.70755513433417,3,34.96461,32.37384,37.738426,31.100615
882664cd31fffff,41.76861768332331,-87.70755513433417,4,53.790974,55.34958,42.658527,34.94633
882664cd31fffff,41.76861768332331,-87.70755513433417,5,61.43384,81.31901,42.108498,36.393314
882664cd31fffff,41.76861768332331,-87.70755513433417,6,66.520226,80.12865,41.715454,36.807163
882664cd31fffff,41.76861768332331,-87.70755513433417,7,59.84033,80.02474,41.16604,34.14318
882664cd31fffff,41.76861768332331,-87.70755513433417,8,55.22366,59.18247,43.02176,37.286213
882664cd31fffff,41.76861768332331,-87.70755513433417,9,38.80089,38.787697,41.138184,33.21372
882664cd31fffff,41.76861768332331,-87.70755513433417,10,24.98066,30.231192,31.813307,28.528027
882664cd31fffff,41.76861768332331,-87.70755513433417,11,14.80735,22.561728,23.70572,17.659569
882664cd31fffff,41.76861768332331,-87.70755513433417,12,13.34482,19.469269,23.43561,17.422165
882664cd33fffff,41.76113267587931,-87.70281315723071,1,13.79165,9.830932,4.7639513,5.227649
882664cd33fffff,41.76113267587931,-87.70281315723071,2,18.011845,8.556001,9.714263,11.267456
882664cd33fffff,41.76113267587931,-87.70281315723071,3,20.515833,10.6921015,10.537332,15.412774
882664cd33fffff,41.76113267587931,-87.70281315723071,4,17.760075,14.368503,10.795552,16.093632
882664cd33fffff,41.76113267587931,-87.70281315723071,5,24.712809,21.9056,14.660929,17.456661
882664cd33fffff,41.76113267587931,-87.70281315723071,6,28.512512,21.325886,16.47657,17.552965
882664cd33fffff,41.76113267587931,-87.70281315723071,7,24.978687,22.78338,14.74799,16.165173
882664cd33fffff,41.76113267587931,-87.70281315723071,8,20.764732,18.410147,12.277483,16.525145
882664cd33fffff,41.76113267587931,-87.70281315723071,9,18.009502,11.962534,11.312924,12.681596
882664cd33fffff,41.76113267587931,-87.70281315723071,10,19.981897,9.910705,10.771977,11.245898
882664cd33fffff,41.76113267587931,-87.70281315723071,11,12.124351,8.29734,7.5610137,4.522219
882664cd33fffff,41.76113267587931,-87.70281315723071,12,11.880618,6.7324514,7.5154796,4.015784
882664cd35fffff,41.76965158193893,-87.71895805333638,1,10.623164,15.755962,15.620274,10.982119
882664cd35fffff,41.76965158193893,-87.71895805333638,2,16.661983,16.572512,23.735016,16.73975
882664cd35fffff,41.76965158193893,-87.71895805333638,3,24.412954,21.331339,28.544287,23.063536
882664cd35fffff,41.76965158193893,-87.71895805333638,4,33.77405,37.235405,34.405056,26.272022
882664cd35fffff,41.76965158193893,-87.71895805333638,5,44.806465,51.27084,39.919342,28.581413
882664cd35fffff,41.76965158193893,-87.71895805333638,6,50.136658,49.345547,40.108524,28.777391
882664cd35fffff,41.76965158193893,-87.71895805333638,7,44.299435,50.43289,38.72953,26.461424
882664cd35fffff,41.76965158193893,-87.71895805333638,8,37.047062,43.602016,33.89185,27.442692
882664cd35fffff,41.76965158193893,-87.71895805333638,9,24.42103,27.22615,32.59675,23.230465
882664cd35fffff,41.76965158193893,-87.71895805333638,10,18.91493,19.174475,23.936737,17.066664
882664cd35fffff,41.76965158193893,-87.71895805333638,11,8.460753,15.427768,17.826675,9.593701
882664cd35fffff,41.76965158193893,-87.71895805333638,12,8.187903,13.221451,17.366264,9.254669
882664cd37fffff,41.762167062233424,-87.71421425936914,1,15.850516,19.187948,11.590474,11.372545
882664cd37fffff,41.762167062233424,-87.71421425936914,2,21.093285,22.08603,20.745852,18.378845
882664cd37fffff,41.762167062233424,-87.71421425936914,3,27.844915,25.99861,27.015265,25.571331
882664cd37fffff,41.762167062233424,-87.71421425936914,4,34.850258,36.321083,31.49666,27.836573
882664cd37fffff,41.762167062233424,-87.71421425936914,5,43.37244,48.27451,33.15051,30.096098
882664cd37fffff,41.762167062233424,-87.71421425936914,6,49.206562,45.19789,33.969658,30.9107
882664cd37fffff,41.762167062233424,-87.71421425936914,7,43.18455,47.143654,33.346153,28.865276
882664cd37fffff,41.762167062233424,-87.71421425936914,8,37.978966,39.617638,32.098022,30.393461
882664cd37fffff,41.762167062233424,-87.71421425936914,9,26.300367,35.441437,31.127033,26.901241
882664cd37fffff,41.762167062233424,-87.71421425936914,10,22.480364,24.403957,22.603075,19.972578
882664cd37fffff,41.762167062233424,-87.71421425936914,11,13.835841,17.972542,16.139292,11.924659
882664cd37fffff,41.762167062233424,-87.71421425936914,12,12.878461,15.646567,16.210539,11.481279
882664cd39fffff,41.77506852899896,-87.70089404092245,1,11.263635,16.04856,17.337187,11.972825
882664cd39fffff,41.77506852899896,-87.70089404092245,2,18.826603,19.59547,24.542809,20.736542
882664cd39fffff,41.77506852899896,-87.70089404092245,3,30.321207,26.670189,31.326933,27.106773
882664cd39fffff,41.77506852899896,-87.70089404092245,4,44.5013,43.9915,37.571053,32.073
882664cd39fffff,41.77506852899896,-87.70089404092245,5,53.878242,65.9243,42.20742,34.888737
882664cd39fffff,41.77506852899896,-87.70089404092245,6,58.98877,64.0823,43.289593,35.34089
882664cd39fffff,41.77506852899896,-87.70089404092245,7,53.27597,64.251236,41.391792,33.024918
882664cd39fffff,41.77506852899896,-87.70089404092245,8,46.054844,48.681618,39.97942,33.161182
882664cd39fffff,41.77506852899896,-87.70089404092245,9,29.787859,28.768435,37.838398,29.162605
882664cd39fffff,41.77506852899896,-87.70089404092245,10,18.816454,23.539053,27.140621,21.639801
882664cd39fffff,41.77506852899896,-87.70089404092245,11,9.132709,15.5805855,19.602772,12.207788
882664cd39fffff,41.77506852899896,-87.70089404092245,12,8.592206,13.02305,19.331451,11.679226
882664cd3bfffff,41.76758264081917,-87.69615240206049,1,20.423489,19.340784,16.181606,10.035106
882664cd3bfffff,41.76758264081917,-87.69615240206049,2,24.690681,21.782505,22.139542,17.698866
882664cd3bfffff,41.76758264081917,-87.69615240206049,3,32.42361,26.398699,26.099672,24.528133
882664cd3bfffff,41.76758264081917,-87.69615240206049,4,38.385147,32.141994,31.012018,28.005728
882664cd3bfffff,41.76758264081917,-87.69615240206049,5,45.32976,54.756153,34.71433,30.28956
882664cd3bfffff,41.76758264081917,-87.69615240206049,6,50.37838,52.766895,35.650993,30.99991
882664cd3bfffff,41.76758264081917,-87.69615240206049,7,43.598145,53.556282,33.694176,29.155558
882664cd3bfffff,41.76758264081917,-87.69615240206049,8,38.85573,35.9576,31.737125,29.174034
882664cd3bfffff,41.76758264081917,-87.69615240206049,9,32.187634,32.224327,30.347006,24.438694
882664cd3bfffff,41.76758264081917,-87.69615240206049,10,25.91736,25.416199,23.390211,18.150833
882664cd3bfffff,41.76758264081917,-87.69615240206049,11,18.529903,18.17567,19.024784,10.662323
882664cd3bfffff,41.76758264081917,-87.69615240206049,12,17.304874,14.8332815,18.62222,10.311194
882664cd3dfffff,41.77610308380836,-87.7122985907994,1,17.79521,19.712091,14.293451,13.639576
882664cd3dfffff,41.77610308380836,-87.7122985907994,2,21.309021,22.494236,26.274282,21.846247
882664cd3dfffff,41.77610308380836,-87.7122985907994,3,25.707563,24.408293,31.058838,27.973295
882664cd3dfffff,41.77610308380836,-87.7122985907994,4,38.101986,39.63169,37.608,35.261925
882664cd3dfffff,41.77610308380836,-87.7122985907994,5,44.826633,55.49361,43.185856,39.963737
882664cd3dfffff,41.77610308380836,-87.7122985907994,6,51.3278,52.17571,44.192715,40.69394
882664cd3dfffff,41.77610308380836,-87.7122985907994,7,45.506138,54.350983,41.672924,38.408672
882664cd3dfffff,41.77610308380836,-87.7122985907994,8,42.813496,44.610847,40.255695,36.940174
882664cd3dfffff,41.77610308380836,-87.7122985907994,9,30.849337,34.020016,39.341183,33.95065
882664cd3dfffff,41.77610308380836,-87.7122985907994,10,23.397879,24.348927,30.113432,22.402325
882664cd3dfffff,41.77610308380836,-87.7122985907994,11,16.949749,19.102665,17.430044,13.975117
882664cd3dfffff,41.77610308380836,-87.7122985907994,12,15.962063,16.01235,16.932524,13.444407
882664cd41fffff,41.80940064755685,-87.69038462651004,1,20.32575,17.263847,15.415235,12.7508545
882664cd41fffff,41.80940064755685,-87.69038462651004,2,27.200651,21.290585,24.221249,22.71032
882664cd41fffff,41.80940064755685,-87.69038462651004,3,36.930737,27.23824,30.960741,30.693829
882664cd41fffff,41.80940064755685,-87.69038462651004,4,35.394638,31.725342,35.951843,33.51577
882664cd41fffff,41.80940064755685,-87.69038462651004,5,45.638195,54.411076,41.06272,35.931244
882664cd41fffff,41.80940064755685,-87.69038462651004,6,49.597126,53.266098,42.500072,37.13641
882664cd41fffff,41.80940064755685,-87.69038462651004,7,45.08808,53.55558,40.520096,34.25786
882664cd41fffff,41.80940064755685,-87.69038462651004,8,38.280685,37.557156,38.800835,33.502625
882664cd41fffff,41.80940064755685,-87.69038462651004,9,42.31303,29.780254,38.659584,31.547825
882664cd41fffff,41.80940064755685,-87.69038462651004,10,33.481365,28.257511,27.43572,22.621866
882664cd41fffff,41.80940064755685,-87.69038462651004,11,17.90791,15.291346,18.152996,12.515115
882664cd41fffff,41.80940064755685,-87.69038462651004,12,17.366285,13.102332,17.337116,12.075129
882664cd43fffff,41.80191133202216,-87.68564104460067,1,14.560264,19.525454,14.995302,10.280876
882664cd43fffff,41.80191133202216,-87.68564104460067,2,18.89589,21.436014,22.089817,17.247057
882664cd43fffff,41.80191133202216,-87.68564104460067,3,24.373892,24.239386,27.56274,25.160114
882664cd43fffff,41.80191133202216,-87.68564104460067,4,34.458027,32.459797,33.279102,30.422861
882664cd43fffff,41.80191133202216,-87.68564104460067,5,46.151894,49.031128,38.709114,33.214478
882664cd43fffff,41.80191133202216,-87.68564104460067,6,51.838154,46.783752,38.788437,32.556183
882664cd43fffff,41.80191133202216,-87.68564104460067,7,45.902466,47.492844,36.187172,29.913185
882664cd43fffff,41.80191133202216,-87.68564104460067,8,38.255493,37.766117,33.861435,29.47605
882664cd43fffff,41.80191133202216,-87.68564104460067,9,29.69737,33.18859,34.926456,26.485165
882664cd43fffff,41.80191133202216,-87.68564104460067,10,20.656006,23.225325,24.457712,18.000776
882664cd43fffff,41.80191133202216,-87.68564104460067,11,12.671306,17.307247,16.953691,10.577575
882664cd43fffff,41.80191133202216,-87.68564104460067,12,11.713925,14.329701,16.634363,10.238541
882664cd45fffff,41.81043619702695,-87.70179771087552,1,8.694584,24.179768,13.664813,12.302762
882664cd45fffff,41.81043619702695,-87.70179771087552,2,14.658909,25.440619,22.850632,16.550035
882664cd45fffff,41.81043619702695,-87.70179771087552,3,18.457438,29.883408,28.576717,23.305927
882664cd45fffff,41.81043619702695,-87.70179771087552,4,27.516394,43.99849,31.121254,22.978615
882664cd45fffff,41.81043619702695,-87.70179771087552,5,32.922997,55.723846,35.89775,26.212734
882664cd45fffff,41.81043619702695,-87.70179771087552,6,37.71697,55.31012,36.07435,26.419641
882664cd45fffff,41.81043619702695,-87.70179771087552,7,34.141792,54.476246,34.258373,23.819183
882664cd45fffff,41.81043619702695,-87.70179771087552,8,33.902786,51.230442,31.112923,22.8488
882664cd45fffff,41.81043619702695,-87.70179771087552,9,32.100105,38.449455,32.430183,20.241306
882664cd45fffff,41.81043619702695,-87.70179771087552,10,22.525934,30.143171,23.57816,16.578924
882664cd45fffff,41.81043619702695,-87.70179771087552,11,5.4186363,20.701946,15.625657,11.728287
882664cd45fffff,41.81043619702695,-87.70179771087552,12,5.2378216,18.25913,15.508214,11.547288
882664cd47fffff,41.802947369787326,-87.69705230829452,1,18.766472,20.630821,14.260731,10.653066
882664cd47fffff,41.802947369787326,-87.69705230829452,2,23.747995,23.219866,22.870811,16.929337
882664cd47fffff,41.802947369787326,-87.69705230829452,3,28.799572,26.911798,28.892235,24.86441
882664cd47fffff,41.802947369787326,-87.69705230829452,4,36.053402,40.45256,33.722355,29.500086
882664cd47fffff,41.802947369787326,-87.69705230829452,5,46.645973,55.71147,40.106922,32.26332
882664cd47fffff,41.802947369787326,-87.69705230829452,6,52.71142,52.707954,41.300503,32.48828
882664cd47fffff,41.802947369787326,-87.69705230829452,7,46.544407,53.704445,38.726063,29.964731
882664cd47fffff,41.802947369787326,-87.69705230829452,8,40.28799,45.661823,35.80372,29.018703
882664cd47fffff,41.802947369787326,-87.69705230829452,9,31.077082,38.221855,38.230335,26.96714
882664cd47fffff,41.802947369787326,-87.69705230829452,10,25.443197,24.096687,26.038912,17.169058
882664cd47fffff,41.802947369787326,-87.69705230829452,11,16.933743,18.502243,16.965029,10.662061
882664cd47fffff,41.802947369787326,-87.69705230829452,12,15.896283,15.236015,16.4843,10.135149
882664cd49fffff,41.81585414799,-87.68371497250318,1,10.725053,15.174792,15.506776,10.791576
882664cd49fffff,41.81585414799,-87.68371497250318,2,16.91691,20.819063,23.218307,19.213417
882664cd49fffff,41.81585414799,-87.68371497250318,3,24.958105,27.444553,28.02752,25.75494
882664cd49fffff,41.81585414799,-87.68371497250318,4,36.162174,42.93852,32.078815,31.930346
882664cd49fffff,41.81585414799,-87.68371497250318,5,50.520847,59.52703,39.015186,35.374065
882664cd49fffff,41.81585414799,-87.68371497250318,6,53.12884,59.17435,40.809586,36.241085
882664cd49fffff,41.81585414799,-87.68371497250318,7,47.27756,61.08727,38.594944,33.74037
882664cd49fffff,41.81585414799,-87.68371497250318,8,40.715355,48.717167,35.519024,31.731478
882664cd49fffff,41.81585414799,-87.68371497250318,9,39.88504,33.207527,37.078506,30.925861
882664cd49fffff,41.81585414799,-87.68371497250318,10,20.26931,21.388632,28.606695,19.74643
882664cd49fffff,41.81585414799,-87.68371497250318,11,9.412288,14.923665,19.37802,9.876437
882664cd49fffff,41.81585414799,-87.68371497250318,12,8.354028,12.065663,18.917608,9.537403
882664cd4bfffff,41.80836395201776,-87.67897173057109,1,5.822627,13.982173,13.606358,12.202006
882664cd4bfffff,41.80836395201776,-87.67897173057109,2,13.088755,17.7245,21.520164,17.744614
882664cd4bfffff,41.80836395201776,-87.67897173057109,3,16.196302,21.139105,23.389215,23.307455
882664cd4bfffff,41.80836395201776,-87.67897173057109,4,29.2314,34.537388,26.820364,27.355919
882664cd4bfffff,41.80836395201776,-87.67897173057109,5,42.37432,49.07959,32.744843,30.048954
882664cd4bfffff,41.80836395201776,-87.67897173057109,6,43.686417,47.4939,33.7696,29.919437
882664cd4bfffff,41.80836395201776,-87.67897173057109,7,43.8403,49.35155,32.66426,28.50659
882664cd4bfffff,41.80836395201776,-87.67897173057109,8,36.140663,41.56233,28.309803,29.280022
882664cd4bfffff,41.80836395201776,-87.67897173057109,9,21.227924,22.124968,27.416943,23.201885
882664cd4bfffff,41.80836395201776,-87.67897173057109,10,16.088238,19.979841,24.47251,19.482983
882664cd4bfffff,41.80836395201776,-87.67897173057109,11,5.7657747,13.780575,17.30209,12.33568
882664cd4bfffff,41.80836395201776,-87.67897173057109,12,5.7398663,11.771617,16.629177,11.533709
882664cd4dfffff,41.81689035527804,-87.69512968985512,1,10.534596,14.444926,18.445993,10.503062
882664cd4dfffff,41.81689035527804,-87.69512968985512,2,18.803219,17.553644,23.244186,20.074467
882664cd4dfffff,41.81689035527804,-87.69512968985512,3,29.535723,24.45419,29.900763,24.721601
882664cd4dfffff,41.81689035527804,-87.69512968985512,4,48.038425,40.458557,34.548737,30.93032
882664cd4dfffff,41.81689035527804,-87.69512968985512,5,62.325203,64.2516,39.721622,36.16786
882664cd4dfffff,41.81689035527804,-87.69512968985512,6,64.1086,63.009586,41.39015,36.565014
882664cd4dfffff,41.81689035527804,-87.69512968985512,7,58.257305,63.788815,39.089108,34.11412
882664cd4dfffff,41.81689035527804,-87.69512968985512,8,50.189434,46.57597,37.461006,30.958258
882664cd4dfffff,41.81689035527804,-87.69512968985512,9,31.609772,28.28916,35.355297,27.973585
882664cd4dfffff,41.81689035527804,-87.69512968985512,10,19.35611,22.063145,26.444817,19.697037
882664cd4dfffff,41.81689035527804,-87.69512968985512,11,8.978555,14.583803,20.925575,10.423433
882664cd4dfffff,41.81689035527804,-87.69512968985512,12,7.6526394,11.116663,20.654255,9.957922
882664cd51fffff,41.793384738118064,-87.66948968911177,1,19.234379,17.128628,12.160554,8.9193735
882664cd51fffff,41.793384738118064,-87.66948968911177,2,23.923859,19.124346,19.323093,15.746776
882664cd51fffff,41.793384738118064,-87.66948968911177,3,29.473612,20.734167,25.46566,22.468636
882664cd51fffff,41.793384738118064,-87.66948968911177,4,39.431435,33.8601,34.023438,28.039898
882664cd51fffff,41.793384738118064,-87.66948968911177,5,51.099407,50.66059,42.274296,31.457163
882664cd51fffff,41.793384738118064,-87.66948968911177,6,58.396194,47.51678,43.689186,32.30808
882664cd51fffff,41.793384738118064,-87.66948968911177,7,51.237083,48.504284,42.2528,30.313082
882664cd51fffff,41.793384738118064,-87.66948968911177,8,42.150684,39.350304,36.996677,30.639421
882664cd51fffff,41.793384738118064,-87.66948968911177,9,28.730324,28.604727,35.399673,27.150806
882664cd51fffff,41.793384738118064,-87.66948968911177,10,24.467012,20.49757,22.254654,18.512674
882664cd51fffff,41.793384738118064,-87.66948968911177,11,17.263325,14.94536,15.589127,10.509672
882664cd51fffff,41.793384738118064,-87.66948968911177,12,16.305944,11.876946,15.370592,10.0165205
882664cd53fffff,41.785895720963566,-87.66475088832765,1,4.18751,8.818142,10.066315,7.2933908
882664cd53fffff,41.785895720963566,-87.66475088832765,2,9.556018,10.4710045,12.737947,10.516557
882664cd53fffff,41.785895720963566,-87.66475088832765,3,16.51769,12.117608,16.431152,14.680387
882664cd53fffff,41.785895720963566,-87.66475088832765,4,29.650892,28.144543,19.722717,20.656815
882664cd53fffff,41.785895720963566,-87.66475088832765,5,40.84039,37.223537,26.8342,23.075094
882664cd53fffff,41.785895720963566,-87.66475088832765,6,44.98667,37.218075,28.044394,25.65112
882664cd53fffff,41.785895720963566,-87.66475088832765,7,38.761612,36.58837,27.029957,23.035606
882664cd53fffff,41.785895720963566,-87.66475088832765,8,33.61348,31.35733,21.080578,21.111748
882664cd53fffff,41.785895720963566,-87.66475088832765,9,18.662565,10.881922,19.543287,14.437116
882664cd53fffff,41.785895720963566,-87.66475088832765,10,9.872668,11.325723,15.326474,11.876528
882664cd53fffff,41.785895720963566,-87.66475088832765,11,2.877938,8.572654,12.715204,8.068122
882664cd53fffff,41.785895720963566,-87.66475088832765,12,2.7143147,7.1761494,12.25104,7.478154
882664cd55fffff,41.79442240906065,-87.68089894349829,1,13.189666,15.9693365,14.047575,10.720631
882664cd55fffff,41.79442240906065,-87.68089894349829,2,18.736158,20.567904,20.100004,18.212015
882664cd55fffff,41.79442240906065,-87.68089894349829,3,25.485157,26.161839,23.660387,25.381296
882664cd55fffff,41.79442240906065,-87.68089894349829,4,30.902294,30.887629,27.735281,28.73738
882664cd55fffff,41.79442240906065,-87.68089894349829,5,36.98711,38.0999,29.543858,30.652914
882664cd55fffff,41.79442240906065,-87.68089894349829,6,42.378105,36.46471,31.238777,31.050764
882664cd55fffff,41.79442240906065,-87.68089894349829,7,36.105267,37.130196,29.636984,29.290354
882664cd55fffff,41.79442240906065,-87.68089894349829,8,33.95854,33.558422,27.794516,29.420769
882664cd55fffff,41.79442240906065,-87.68089894349829,9,29.066544,30.367186,29.831696,27.522501
882664cd55fffff,41.79442240906065,-87.68089894349829,10,20.964754,22.016798,21.369646,19.673637
882664cd55fffff,41.79442240906065,-87.68089894349829,11,12.106782,14.639069,17.784784,12.488513
882664cd55fffff,41.79442240906065,-87.68089894349829,12,11.762168,12.084432,17.553366,12.141949
882664cd57fffff,41.786933879058864,-87.67615832257458,1,12.981461,12.467701,15.268681,12.2519245
882664cd57fffff,41.786933879058864,-87.67615832257458,2,19.600317,15.730232,26.061264,20.46262
882664cd57fffff,41.786933879058864,-87.67615832257458,3,27.256025,20.36466,30.146719,27.433699
882664cd57fffff,41.786933879058864,-87.67615832257458,4,44.365704,40.04075,33.416767,30.846586
882664cd57fffff,41.786933879058864,-87.67615832257458,5,56.456116,55.539867,40.767044,35.951065
882664cd57fffff,41.786933879058864,-87.67615832257458,6,59.013382,54.499935,42.642338,36.426365
882664cd57fffff,41.786933879058864,-87.67615832257458,7,53.049088,56.543926,40.7377,34.456768
882664cd57fffff,41.786933879058864,-87.67615832257458,8,47.64858,46.950623,35.88075,31.275185
882664cd57fffff,41.786933879058864,-87.67615832257458,9,34.768482,28.484081,35.560146,28.686962
882664cd57fffff,41.786933879058864,-87.67615832257458,10,20.03217,19.195467,30.337486,20.994623
882664cd57fffff,41.786933879058864,-87.67615832257458,11,11.994244,13.150063,19.568232,11.954474
882664cd57fffff,41.786933879058864,-87.67615832257458,12,11.028015,10.5231,18.787306,11.67591
882664cd59fffff,41.79983581958587,-87.6628190843435,1,18.969376,17.276892,9.764107,12.077705
882664cd59fffff,41.79983581958587,-87.6628190843435,2,24.368092,17.864418,18.356733,22.069695
882664cd59fffff,41.79983581958587,-87.6628190843435,3,30.522099,22.277735,22.964071,27.403706
882664cd59fffff,41.79983581958587,-87.6628190843435,4,30.280046,32.437943,25.369184,30.105406
882664cd59fffff,41.79983581958587,-87.6628190843435,5,38.858498,44.839966,28.447,33.14138
882664cd59fffff,41.79983581958587,-87.6628190843435,6,43.456913,42.727,29.777782,34.266205
882664cd59fffff,41.79983581958587,-87.6628190843435,7,40.62419,44.39327,28.234802,31.862577
882664cd59fffff,41.79983581958587,-87.6628190843435,8,33.15979,36.478935,27.337658,32.28788
882664cd59fffff,41.79983581958587,-87.6628190843435,9,26.99972,31.445704,26.355263,29.336899
882664cd59fffff,41.79983581958587,-87.6628190843435,10,27.508194,20.58414,20.02423,22.488955
882664cd59fffff,41.79983581958587,-87.6628190843435,11,17.974382,15.941341,13.233778,12.233539
882664cd59fffff,41.79983581958587,-87.6628190843435,12,17.802416,14.1459255,13.10029,11.727102
882664cd5bfffff,41.79234592199733,-87.65808062468517,1,25.445402,22.290346,17.367949,11.473827
882664cd5bfffff,41.79234592199733,-87.65808062468517,2,31.119541,27.268824,26.483622,18.396631
882664cd5bfffff,41.79234592199733,-87.65808062468517,3,39.72181,32.418846,33.75201,28.772469
882664cd5bfffff,41.79234592199733,-87.65808062468517,4,52.89913,47.91216,41.872932,33.783707
882664cd5bfffff,41.79234592199733,-87.65808062468517,5,58.720245,69.14374,45.386692,37.27536
882664cd5bfffff,41.79234592199733,-87.65808062468517,6,64.10378,69.98567,46.423103,38.220715
882664cd5bfffff,41.79234592199733,-87.65808062468517,7,58.609703,68.62351,44.008137,34.883755
882664cd5bfffff,41.79234592199733,-87.65808062468517,8,53.852276,54.69194,44.549156,38.124737
882664cd5bfffff,41.79234592199733,-87.65808062468517,9,41.124554,46.80676,43.781837,32.891712
882664cd5bfffff,41.79234592199733,-87.65808062468517,10,30.884024,30.97974,29.583296,22.317541
882664cd5bfffff,41.79234592199733,-87.65808062468517,11,23.431305,21.210249,20.990484,13.14781
882664cd5bfffff,41.79234592199733,-87.65808062468517,12,22.298302,18.118235,20.471682,12.648837
882664cd5dfffff,41.80087414859826,-87.67422996965014,1,25.366608,22.325127,17.398304,12.895051
882664cd5dfffff,41.80087414859826,-87.67422996965014,2,30.72019,25.89137,25.353495,22.452076
882664cd5dfffff,41.80087414859826,-87.67422996965014,3,39.850044,30.25565,30.769981,29.196285
882664cd5dfffff,41.80087414859826,-87.67422996965014,4,53.928066,45.527344,36.726826,33.93192
882664cd5dfffff,41.80087414859826,-87.67422996965014,5,60.226753,68.29331,38.79834,36.86932
882664cd5dfffff,41.80087414859826,-87.67422996965014,6,63.8712,66.51018,39.940918,37.654423
882664cd5dfffff,41.80087414859826,-87.67422996965014,7,59.809265,67.12545,36.76943,34.989464
882664cd5dfffff,41.80087414859826,-87.67422996965014,8,54.99617,49.42178,36.84407,35.124634
882664cd5dfffff,41.80087414859826,-87.67422996965014,9,41.965473,38.483723,36.384914,30.62435
882664cd5dfffff,41.80087414859826,-87.67422996965014,10,32.5321,28.824339,25.79751,22.913258
882664cd5dfffff,41.80087414859826,-87.67422996965014,11,23.48521,21.611551,19.67763,13.661438
882664cd5dfffff,41.80087414859826,-87.67422996965014,12,22.352211,18.26916,19.341272,13.055211
882664cd61fffff,41.80501600806217,-87.71987539830961,1,13.997825,16.899958,17.838188,11.474558
882664cd61fffff,41.80501600806217,-87.71987539830961,2,20.650343,20.5902,25.735064,20.938404
882664cd61fffff,41.80501600806217,-87.71987539830961,3,31.938068,27.479315,32.966766,30.020483
882664cd61fffff,41.80501600806217,-87.71987539830961,4,43.03658,43.938675,40.236546,35.19913
882664cd61fffff,41.80501600806217,-87.71987539830961,5,50.885807,68.17799,44.8386,37.59895
882664cd61fffff,41.80501600806217,-87.71987539830961,6,56.814106,66.731895,45.900383,37.652378
882664cd61fffff,41.80501600806217,-87.71987539830961,7,49.974747,66.187126,43.647423,36.055347
882664cd61fffff,41.80501600806217,-87.71987539830961,8,45.066143,48.798473,41.433807,35.046547
882664cd61fffff,41.80501600806217,-87.71987539830961,9,38.614285,37.578922,43.221703,31.885363
882664cd61fffff,41.80501600806217,-87.71987539830961,10,26.673937,29.169834,27.790558,21.91662
882664cd61fffff,41.80501600806217,-87.71987539830961,11,9.882077,13.7237215,20.477722,12.281274
882664cd61fffff,41.80501600806217,-87.71987539830961,12,8.556163,10.737928,20.246704,11.7247
882664cd63fffff,41.79752855011765,-87.7151278374161,1,12.543398,15.113262,14.058624,16.01043
882664cd63fffff,41.79752855011765,-87.7151278374161,2,17.329338,16.83779,21.635445,20.223082
882664cd63fffff,41.79752855011765,-87.7151278374161,3,18.720385,19.898523,25.961824,24.466156
882664cd63fffff,41.79752855011765,-87.7151278374161,4,17.754473,28.086592,27.175434,28.053097
882664cd63fffff,41.79752855011765,-87.7151278374161,5,28.427387,37.979767,27.848116,30.155426
882664cd63fffff,41.79752855011765,-87.7151278374161,6,32.863934,36.840294,29.816767,31.28039
882664cd63fffff,41.79752855011765,-87.7151278374161,7,28.400684,36.919964,29.005524,28.779465
882664cd63fffff,41.79752855011765,-87.7151278374161,8,20.59779,31.446466,29.878717,28.581882
882664cd63fffff,41.79752855011765,-87.7151278374161,9,15.376549,22.374979,28.230072,23.510828
882664cd63fffff,41.79752855011765,-87.7151278374161,10,16.05516,19.071726,26.741331,21.859913
882664cd63fffff,41.79752855011765,-87.7151278374161,11,11.432671,13.428482,17.886997,14.599465
882664cd63fffff,41.79752855011765,-87.7151278374161,12,10.87299,11.90628,17.29591,14.333671
882664cd65fffff,41.80604860843285,-87.73128722282932,1,17.708984,21.546915,15.770667,10.015228
882664cd65fffff,41.80604860843285,-87.73128722282932,2,21.875727,25.391874,24.608068,18.252903
882664cd65fffff,41.80604860843285,-87.73128722282932,3,27.635296,27.961782,30.258848,26.15455
882664cd65fffff,41.80604860843285,-87.73128722282932,4,36.622295,32.61597,36.402027,30.53483
882664cd65fffff,41.80604860843285,-87.73128722282932,5,41.53491,45.75311,39.859165,33.009026
882664cd65fffff,41.80604860843285,-87.73128722282932,6,48.139957,42.63446,41.06137,33.726585
882664cd65fffff,41.80604860843285,-87.73128722282932,7,41.3006,43.350555,39.310795,31.93529
882664cd65fffff,41.80604860843285,-87.73128722282932,8,38.99084,37.780346,38.801735,30.05321
882664cd65fffff,41.80604860843285,-87.73128722282932,9,41.642597,38.82584,40.616863,28.091013
882664cd65fffff,41.80604860843285,-87.73128722282932,10,25.284185,31.14084,28.675201,19.892418
882664cd65fffff,41.80604860843285,-87.73128722282932,11,11.599866,17.448603,19.083447,11.313176
882664cd65fffff,41.80604860843285,-87.73128722282932,12,10.642488,14.111169,18.80442,10.88308
882664cd67fffff,41.79856163964722,-87.72653784264058,1,13.542565,17.946522,16.64238,10.817487
882664cd67fffff,41.79856163964722,-87.72653784264058,2,18.730867,17.817427,23.819036,18.075161
882664cd67fffff,41.79856163964722,-87.72653784264058,3,23.237625,20.82265,28.513134,24.24755
882664cd67fffff,41.79856163964722,-87.72653784264058,4,34.489452,31.302402,34.384384,29.108557
882664cd67fffff,41.79856163964722,-87.72653784264058,5,47.0773,49.364635,39.46134,32.513798
882664cd67fffff,41.79856163964722,-87.72653784264058,6,51.35915,46.940937,40.133537,31.738436
882664cd67fffff,41.79856163964722,-87.72653784264058,7,45.874565,48.222927,38.21222,30.468935
882664cd67fffff,41.79856163964722,-87.72653784264058,8,37.494213,37.666565,35.305267,30.064991
882664cd67fffff,41.79856163964722,-87.72653784264058,9,24.516672,26.93315,33.202366,25.864553
882664cd67fffff,41.79856163964722,-87.72653784264058,10,19.283756,20.884613,25.436708,19.156916
882664cd67fffff,41.79856163964722,-87.72653784264058,11,12.217433,16.630093,18.63431,10.986562
882664cd67fffff,41.79856163964722,-87.72653784264058,12,11.260053,14.002616,18.314981,10.584473
882664cd69fffff,41.81147060035824,-87.71321098276638,1,13.807952,16.887018,12.579808,9.657695
882664cd69fffff,41.81147060035824,-87.71321098276638,2,18.917292,19.83579,23.106293,17.905602
882664cd69fffff,41.81147060035824,-87.71321098276638,3,25.14775,24.547773,28.768929,24.348402
882664cd69fffff,41.81147060035824,-87.71321098276638,4,35.704136,36.66865,35.59648,30.690998
882664cd69fffff,41.81147060035824,-87.71321098276638,5,45.50699,53.938526,40.02699,34.53359
882664cd69fffff,41.81147060035824,-87.71321098276638,6,51.83932,52.118176,40.915684,36.24891
882664cd69fffff,41.81147060035824,-87.71321098276638,7,45.05154,53.466236,39.362686,33.203133
882664cd69fffff,41.81147060035824,-87.71321098276638,8,38.073566,42.58349,38.041664,31.72505
882664cd69fffff,41.81147060035824,-87.71321098276638,9,26.434921,31.48119,36.296604,28.681978
882664cd69fffff,41.81147060035824,-87.71321098276638,10,17.96193,20.956364,26.220367,19.190432
882664cd69fffff,41.81147060035824,-87.71321098276638,11,11.814496,15.291598,15.683394,10.100582
882664cd69fffff,41.81147060035824,-87.71321098276638,12,10.857118,12.570025,15.633384,9.76155
882664cd6bfffff,41.80398226182387,-87.70846375983106,1,11.6931305,18.727188,15.150949,13.243987
882664cd6bfffff,41.80398226182387,-87.70846375983106,2,19.455225,20.91651,23.144049,20.354532
882664cd6bfffff,41.80398226182387,-87.70846375983106,3,26.554852,28.437878,28.84929,27.06271
882664cd6bfffff,41.80398226182387,-87.70846375983106,4,36.568623,48.13088,37.001476,32.247368
882664cd6bfffff,41.80398226182387,-87.70846375983106,5,50.33709,65.446754,42.79657,36.161453
882664cd6bfffff,41.80398226182387,-87.70846375983106,6,57.28036,63.19955,43.609474,36.372643
882664cd6bfffff,41.80398226182387,-87.70846375983106,7,50.13044,64.82193,42.57926,34.113373
882664cd6bfffff,41.80398226182387,-87.70846375983106,8,39.45432,55.77548,37.638905,34.14855
882664cd6bfffff,41.80398226182387,-87.70846375983106,9,24.592222,35.819714,36.503616,29.574156
882664cd6bfffff,41.80398226182387,-87.70846375983106,10,18.952152,25.029202,24.42695,21.792273
882664cd6bfffff,41.80398226182387,-87.70846375983106,11,10.0853815,18.573711,18.949533,13.026234
882664cd6bfffff,41.80398226182387,-87.70846375983106,12,9.812532,16.100273,18.365965,12.533082
882664cd6dfffff,41.8125038574812,-87.72462444128148,1,11.83159,13.792747,8.465601,11.915358
882664cd6dfffff,41.8125038574812,-87.72462444128148,2,16.812563,13.428529,16.32068,16.776192
882664cd6dfffff,41.8125038574812,-87.72462444128148,3,19.577564,16.673342,21.110975,22.45283
882664cd6dfffff,41.8125038574812,-87.72462444128148,4,27.5955,26.011536,23.478617,28.56041
882664cd6dfffff,41.8125038574812,-87.72462444128148,5,36.62824,38.38671,28.836983,29.84862
882664cd6dfffff,41.8125038574812,-87.72462444128148,6,41.524582,37.263695,30.028358,29.773075
882664cd6dfffff,41.8125038574812,-87.72462444128148,7,36.188583,39.29309,28.93276,28.399124
882664cd6dfffff,41.8125038574812,-87.72462444128148,8,31.198095,33.12964,24.774885,28.91404
882664cd6dfffff,41.8125038574812,-87.72462444128148,9,18.294214,21.912333,23.366652,22.349876
882664cd6dfffff,41.8125038574812,-87.72462444128148,10,18.54719,16.47562,19.75253,17.876657
882664cd6dfffff,41.8125038574812,-87.72462444128148,11,10.399371,12.841301,12.424795,12.302554
882664cd6dfffff,41.8125038574812,-87.72462444128148,12,10.075557,10.815707,12.147409,11.7756405
882664cd81fffff,41.736604894216256,-87.66580535253517,1,10.072721,15.485717,11.2878275,7.566364
882664cd81fffff,41.736604894216256,-87.66580535253517,2,12.493522,18.10399,14.703727,12.20149
882664cd81fffff,41.736604894216256,-87.66580535253517,3,17.561743,17.7379,18.874939,18.657988
882664cd81fffff,41.736604894216256,-87.66580535253517,4,22.762922,24.454338,22.260078,20.754143
882664cd81fffff,41.736604894216256,-87.66580535253517,5,28.784672,33.440132,26.585659,24.170036
882664cd81fffff,41.736604894216256,-87.66580535253517,6,34.2734,34.564606,27.559425,26.951975
882664cd81fffff,41.736604894216256,-87.66580535253517,7,28.261581,33.002163,26.540293,23.741194
882664cd81fffff,41.736604894216256,-87.66580535253517,8,27.567097,29.511196,22.881819,21.33837
882664cd81fffff,41.736604894216256,-87.66580535253517,9,25.408104,24.37141,24.006653,19.087952
882664cd81fffff,41.736604894216256,-87.66580535253517,10,18.658764,21.394583,16.161716,13.490928
882664cd81fffff,41.736604894216256,-87.66580535253517,11,5.981476,11.84356,13.696023,8.441382
882664cd81fffff,41.736604894216256,-87.66580535253517,12,5.9187346,9.605401,13.575018,8.044524
882664cd83fffff,41.72912049146798,-87.66107291790568,1,15.604248,13.971765,15.0581,12.718157
882664cd83fffff,41.72912049146798,-87.66107291790568,2,21.398884,18.34386,23.415596,21.055008
882664cd83fffff,41.72912049146798,-87.66107291790568,3,29.917622,25.36783,27.794884,26.914474
882664cd83fffff,41.72912049146798,-87.66107291790568,4,39.869026,38.979107,33.40384,32.381855
882664cd83fffff,41.72912049146798,-87.66107291790568,5,47.130817,53.09922,37.79178,34.30583
882664cd83fffff,41.72912049146798,-87.66107291790568,6,52.91159,51.835564,38.505688,35.241184
882664cd83fffff,41.72912049146798,-87.66107291790568,7,47.15189,52.895866,37.352386,32.729137
882664cd83fffff,41.72912049146798,-87.66107291790568,8,43.20372,42.720272,34.91614,34.7664
882664cd83fffff,41.72912049146798,-87.66107291790568,9,32.135468,33.488808,34.5237,31.559515
882664cd83fffff,41.72912049146798,-87.66107291790568,10,24.333231,21.433931,26.61855,22.798708
882664cd83fffff,41.72912049146798,-87.66107291790568,11,14.069941,14.15304,18.791656,12.947806
882664cd83fffff,41.72912049146798,-87.66107291790568,12,13.103712,12.330526,18.606478,12.5006275
882664cd85fffff,41.73764302602444,-87.67720062973373,1,18.697582,22.061989,19.231237,12.479975
882664cd85fffff,41.73764302602444,-87.67720062973373,2,26.31981,25.755299,25.810999,21.579842
882664cd85fffff,41.73764302602444,-87.67720062973373,3,35.83423,31.031597,30.245537,27.553389
882664cd85fffff,41.73764302602444,-87.67720062973373,4,44.728355,38.340393,35.231728,31.64355
882664cd85fffff,41.73764302602444,-87.67720062973373,5,46.364674,62.884354,37.579414,32.47264
882664cd85fffff,41.73764302602444,-87.67720062973373,6,50.62662,60.918243,38.7063,32.801296
882664cd85fffff,41.73764302602444,-87.67720062973373,7,44.011684,61.297062,36.643345,30.956932
882664cd85fffff,41.73764302602444,-87.67720062973373,8,47.42485,42.008274,35.893368,32.979668
882664cd85fffff,41.73764302602444,-87.67720062973373,9,39.929783,36.88473,35.06723,28.36934
882664cd85fffff,41.73764302602444,-87.67720062973373,10,28.606571,29.788649,28.687153,23.089045
882664cd85fffff,41.73764302602444,-87.67720062973373,11,17.057688,21.472588,21.923874,13.677102
882664cd85fffff,41.73764302602444,-87.67720062973373,12,15.831533,19.262445,21.453228,13.566178
882664cd87fffff,41.730159108734256,-87.6724663792998,1,13.886836,19.203854,15.052625,13.777438
882664cd87fffff,41.730159108734256,-87.6724663792998,2,22.215805,19.532242,23.024529,20.588308
882664cd87fffff,41.730159108734256,-87.6724663792998,3,26.407349,26.894377,29.719862,26.455051
882664cd87fffff,41.730159108734256,-87.6724663792998,4,30.972433,37.644314,32.958954,28.29991
882664cd87fffff,41.730159108734256,-87.6724663792998,5,40.309948,51.666107,35.694828,32.860466
882664cd87fffff,41.730159108734256,-87.6724663792998,6,47.247395,50.61706,36.17765,33.975147
882664cd87fffff,41.730159108734256,-87.6724663792998,7,39.821724,50.68789,35.45017,31.478539
882664cd87fffff,41.730159108734256,-87.6724663792998,8,32.147797,39.798615,33.80748,30.756886
882664cd87fffff,41.730159108734256,-87.6724663792998,9,23.67025,27.229263,32.204823,27.719658
882664cd87fffff,41.730159108734256,-87.6724663792998,10,21.172945,22.962456,26.008278,24.754034
882664cd87fffff,41.730159108734256,-87.6724663792998,11,12.06895,19.122902,19.49451,14.667447
882664cd87fffff,41.730159108734256,-87.6724663792998,12,11.253989,17.019812,19.284115,14.413157
882664cd89fffff,41.74305090377334,-87.65914235922064,1,11.783211,17.185148,11.622226,12.317071
882664cd89fffff,41.74305090377334,-87.65914235922064,2,16.294834,17.887175,19.585096,20.093273
882664cd89fffff,41.74305090377334,-87.65914235922064,3,22.2239,20.448606,24.000296,25.91907
882664cd89fffff,41.74305090377334,-87.65914235922064,4,27.042555,35.464233,26.981842,29.304136
882664cd89fffff,41.74305090377334,-87.65914235922064,5,33.153706,47.22158,29.521488,32.922802
882664cd89fffff,41.74305090377334,-87.65914235922064,6,39.626152,47.114616,30.083145,34.4852
882664cd89fffff,41.74305090377334,-87.65914235922064,7,34.81878,46.73001,28.293352,32.06173
882664cd89fffff,41.74305090377334,-87.65914235922064,8,29.085978,37.433613,29.114853,31.265423
882664cd89fffff,41.74305090377334,-87.65914235922064,9,25.07657,29.51382,28.684532,28.809248
882664cd89fffff,41.74305090377334,-87.65914235922064,10,18.33569,19.492004,23.288065,21.304289
882664cd89fffff,41.74305090377334,-87.65914235922064,11,11.897265,16.131844,14.80481,13.753666
882664cd89fffff,41.74305090377334,-87.65914235922064,12,11.212912,14.955032,14.355694,13.558635
882664cd8bfffff,41.7355656202975,-87.65441026512337,1,7.0271044,14.095026,17.236729,10.678246
882664cd8bfffff,41.7355656202975,-87.65441026512337,2,10.340348,15.961134,22.668343,17.255
882664cd8bfffff,41.7355656202975,-87.65441026512337,3,15.398896,18.363157,25.93445,22.707945
882664cd8bfffff,41.7355656202975,-87.65441026512337,4,21.198702,31.078114,27.993227,27.427244
882664cd8bfffff,41.7355656202975,-87.65441026512337,5,27.555477,41.80475,30.454262,31.56794
882664cd8bfffff,41.7355656202975,-87.65441026512337,6,33.547935,41.678886,31.260796,34.139267
882664cd8bfffff,41.7355656202975,-87.65441026512337,7,27.29143,41.161366,30.617035,31.627794
882664cd8bfffff,41.7355656202975,-87.65441026512337,8,24.691853,34.326355,27.853254,28.876522
882664cd8bfffff,41.7355656202975,-87.65441026512337,9,14.274793,16.96419,27.14244,23.983305
882664cd8bfffff,41.7355656202975,-87.65441026512337,10,11.213729,17.400383,24.033697,19.109034
882664cd8bfffff,41.7355656202975,-87.65441026512337,11,5.732274,14.243638,19.586866,12.425569
882664cd8bfffff,41.7355656202975,-87.65441026512337,12,5.6606836,12.645478,19.152527,11.953715
882664cd8dfffff,41.74408969227834,-87.6705392631746,1,18.91425,25.318367,13.910183,12.358607
882664cd8dfffff,41.74408969227834,-87.6705392631746,2,23.04836,27.23695,20.575882,18.883255
882664cd8dfffff,41.74408969227834,-87.6705392631746,3,26.28112,26.160143,26.846851,27.420996
882664cd8dfffff,41.74408969227834,-87.6705392631746,4,30.78554,33.02543,32.181362,28.029716
882664cd8dfffff,41.74408969227834,-87.6705392631746,5,33.49248,40.5336,32.829086,31.847912
882664cd8dfffff,41.74408969227834,-87.6705392631746,6,40.462116,38.29576,32.69334,33.112816
882664cd8dfffff,41.74408969227834,-87.6705392631746,7,34.5497,38.45903,32.560318,30.38027
882664cd8dfffff,41.74408969227834,-87.6705392631746,8,34.15818,36.462864,31.2248,29.628382
882664cd8dfffff,41.74408969227834,-87.6705392631746,9,40.565662,40.70043,33.07479,29.641438
882664cd8dfffff,41.74408969227834,-87.6705392631746,10,27.7872,32.363697,22.258345,22.069963
882664cd8dfffff,41.74408969227834,-87.6705392631746,11,13.945739,21.93311,16.956541,15.388365
882664cd8dfffff,41.74408969227834,-87.6705392631746,12,13.261386,19.999712,17.037506,14.997161
882664cd91fffff,41.72059624076723,-87.6449505030632,1,18.01815,20.070845,10.7742815,13.090174
882664cd91fffff,41.72059624076723,-87.6449505030632,2,22.82686,20.495283,20.155348,21.941843
882664cd91fffff,41.72059624076723,-87.6449505030632,3,27.792286,23.0695,25.27761,27.69142
882664cd91fffff,41.72059624076723,-87.6449505030632,4,27.826126,34.480762,29.57392,30.09007
882664cd91fffff,41.72059624076723,-87.6449505030632,5,35.152176,47.20056,32.282455,35.507275
882664cd91fffff,41.72059624076723,-87.6449505030632,6,41.426468,44.08131,33.32389,36.184055
882664cd91fffff,41.72059624076723,-87.6449505030632,7,36.24076,45.881783,32.07731,34.10441
882664cd91fffff,41.72059624076723,-87.6449505030632,8,29.811062,37.210094,32.2309,33.34274
882664cd91fffff,41.72059624076723,-87.6449505030632,9,24.477188,33.298885,30.918348,30.276674
882664cd91fffff,41.72059624076723,-87.6449505030632,10,25.510563,21.72747,23.316572,24.103643
882664cd91fffff,41.72059624076723,-87.6449505030632,11,17.222923,17.68658,15.414982,14.552315
882664cd91fffff,41.72059624076723,-87.6449505030632,12,16.265537,15.670029,15.265082,14.035416
882664cd93fffff,41.71311214548193,-87.64022283384936,1,13.512926,14.601039,10.285051,8.435981
882664cd93fffff,41.71311214548193,-87.64022283384936,2,20.055359,15.022722,15.363256,14.966795
882664cd93fffff,41.71311214548193,-87.64022283384936,3,25.48844,20.629013,20.582127,22.191154
882664cd93fffff,41.71311214548193,-87.64022283384936,4,30.284845,30.124542,24.132542,23.62001
882664cd93fffff,41.71311214548193,-87.64022283384936,5,35.958794,41.39838,27.97603,26.932758
882664cd93fffff,41.71311214548193,-87.64022283384936,6,41.147396,40.38439,27.857576,28.38836
882664cd93fffff,41.71311214548193,-87.64022283384936,7,36.04672,40.912163,28.23201,25.73126
882664cd93fffff,41.71311214548193,-87.64022283384936,8,31.319286,32.42983,25.65221,26.625763
882664cd93fffff,41.71311214548193,-87.64022283384936,9,20.236729,23.85268,24.591068,24.225769
882664cd93fffff,41.71311214548193,-87.64022283384936,10,19.895147,17.073662,17.652983,17.302633
882664cd93fffff,41.71311214548193,-87.64022283384936,11,11.748347,13.773089,14.208073,10.12664
882664cd93fffff,41.71311214548193,-87.64022283384936,12,10.91676,11.410496,13.909319,9.969168
882664cd95fffff,41.72163648441831,-87.65634195866046,1,11.831137,13.192329,18.867765,11.187457
882664cd95fffff,41.72163648441831,-87.65634195866046,2,16.2954,16.735487,29.765371,20.345263
882664cd95fffff,41.72163648441831,-87.65634195866046,3,24.034554,20.808756,34.1112,26.72606
882664cd95fffff,41.72163648441831,-87.65634195866046,4,36.90003,34.02904,38.590992,30.752312
882664cd95fffff,41.72163648441831,-87.65634195866046,5,44.22009,49.315636,43.554256,33.089035
882664cd95fffff,41.72163648441831,-87.65634195866046,6,50.23218,48.064632,43.99264,34.195526
882664cd95fffff,41.72163648441831,-87.65634195866046,7,44.403305,49.114994,43.3418,31.65812
882664cd95fffff,41.72163648441831,-87.65634195866046,8,40.342007,38.830406,40.724003,32.582542
882664cd95fffff,41.72163648441831,-87.65634195866046,9,28.692375,26.210587,40.5235,29.466621
882664cd95fffff,41.72163648441831,-87.65634195866046,10,18.805231,19.804127,32.842472,22.10539
882664cd95fffff,41.72163648441831,-87.65634195866046,11,10.000904,13.425571,22.420397,11.525251
882664cd95fffff,41.72163648441831,-87.65634195866046,12,9.0346775,10.966482,21.904867,11.111223
882664cd97fffff,41.71415287345186,-87.65161247417417,1,17.374153,20.115393,11.959575,10.195559
882664cd97fffff,41.71415287345186,-87.65161247417417,2,22.119701,20.042797,19.52179,16.220995
882664cd97fffff,41.71415287345186,-87.65161247417417,3,25.49322,20.382324,24.050694,21.868301
882664cd97fffff,41.71415287345186,-87.65161247417417,4,36.63328,33.42088,28.876436,25.801567
882664cd97fffff,41.71415287345186,-87.65161247417417,5,41.28463,45.27227,31.282145,29.704302
882664cd97fffff,41.71415287345186,-87.65161247417417,6,47.554478,42.56343,31.737078,29.688631
882664cd97fffff,41.71415287345186,-87.65161247417417,7,41.54389,44.36003,30.188856,27.328197
882664cd97fffff,41.71415287345186,-87.65161247417417,8,37.536842,37.393604,29.271507,27.170027
882664cd97fffff,41.71415287345186,-87.65161247417417,9,29.633577,32.747856,28.831476,21.835321
882664cd97fffff,41.71415287345186,-87.65161247417417,10,22.896345,22.61265,21.195637,17.317823
882664cd97fffff,41.71415287345186,-87.65161247417417,11,15.745985,19.332468,16.012804,11.614089
882664cd97fffff,41.71415287345186,-87.65161247417417,12,14.880646,17.25191,16.299688,11.419057
882664cd99fffff,41.72703983190285,-87.63828656631723,1,22.448544,20.165121,13.597377,14.361537
882664cd99fffff,41.72703983190285,-87.63828656631723,2,28.27514,18.09493,21.860542,20.835672
882664cd99fffff,41.72703983190285,-87.63828656631723,3,32.645653,22.7201,29.40567,25.67001
882664cd99fffff,41.72703983190285,-87.63828656631723,4,34.568184,38.375595,32.439026,26.235485
882664cd99fffff,41.72703983190285,-87.63828656631723,5,46.160976,54.229828,33.13876,31.244543
882664cd99fffff,41.72703983190285,-87.63828656631723,6,52.48155,51.948883,32.954857,32.070656
882664cd99fffff,41.72703983190285,-87.63828656631723,7,45.786713,52.05566,31.788324,28.482126
882664cd99fffff,41.72703983190285,-87.63828656631723,8,38.62959,40.407154,33.81075,26.782904
882664cd99fffff,41.72703983190285,-87.63828656631723,9,30.202269,30.349138,31.273203,24.356339
882664cd99fffff,41.72703983190285,-87.63828656631723,10,28.75668,21.74221,25.868015,20.273357
882664cd99fffff,41.72703983190285,-87.63828656631723,11,19.89831,18.666273,17.495358,12.255481
882664cd99fffff,41.72703983190285,-87.63828656631723,12,18.624983,16.156202,17.495186,12.064246
882664cd9bfffff,41.719554855895325,-87.63355923877698,1,9.331323,14.935556,12.643811,9.008529
882664cd9bfffff,41.719554855895325,-87.63355923877698,2,13.928205,14.639733,17.693775,15.705045
882664cd9bfffff,41.719554855895325,-87.63355923877698,3,21.998035,19.554405,21.473547,22.977022
882664cd9bfffff,41.719554855895325,-87.63355923877698,4,29.348509,28.25741,24.733355,23.191143
882664cd9bfffff,41.719554855895325,-87.63355923877698,5,34.03988,36.83008,29.87893,25.638596
882664cd9bfffff,41.719554855895325,-87.63355923877698,6,41.1083,36.81858,29.411257,27.429962
882664cd9bfffff,41.719554855895325,-87.63355923877698,7,33.68577,36.509834,29.525883,25.024511
882664cd9bfffff,41.719554855895325,-87.63355923877698,8,29.29733,30.276577,24.999239,25.768356
882664cd9bfffff,41.719554855895325,-87.63355923877698,9,17.838879,22.177013,23.974855,23.507137
882664cd9bfffff,41.719554855895325,-87.63355923877698,10,13.634149,16.975367,19.143635,17.369957
882664cd9bfffff,41.719554855895325,-87.63355923877698,11,6.999004,14.554056,15.798418,10.120592
882664cd9bfffff,41.719554855895325,-87.63355923877698,12,6.121735,12.071836,15.59187,10.054184
882664cd9dfffff,41.72808073250057,-87.64967964661275,1,11.802018,19.361008,17.522747,16.330732
882664cd9dfffff,41.72808073250057,-87.64967964661275,2,18.032581,19.787336,24.813107,24.69717
882664cd9dfffff,41.72808073250057,-87.64967964661275,3,24.049957,26.5713,30.312542,30.000942
882664cd9dfffff,41.72808073250057,-87.64967964661275,4,31.537771,47.022556,34.903324,33.016388
882664cd9dfffff,41.72808073250057,-87.64967964661275,5,41.423035,61.26778,38.914814,40.337597
882664cd9dfffff,41.72808073250057,-87.64967964661275,6,45.953037,60.61224,39.56554,42.78877
882664cd9dfffff,41.72808073250057,-87.64967964661275,7,43.062195,60.005997,39.05688,39.65309
882664cd9dfffff,41.72808073250057,-87.64967964661275,8,34.252804,48.47883,36.248592,35.777267
882664cd9dfffff,41.72808073250057,-87.64967964661275,9,26.923853,33.973885,34.99989,33.36065
882664cd9dfffff,41.72808073250057,-87.64967964661275,10,18.726276,22.66621,28.242521,27.8149
882664cd9dfffff,41.72808073250057,-87.64967964661275,11,11.770812,18.82915,20.941559,18.00292
882664cd9dfffff,41.72808073250057,-87.64967964661275,12,10.396606,16.430809,20.710983,17.863863
882664cda9fffff,41.73868001565165,-87.6885960958223,1,18.60002,16.600262,15.99304,13.196761
882664cda9fffff,41.73868001565165,-87.6885960958223,2,25.380848,20.610075,24.010197,20.153988
882664cda9fffff,41.73868001565165,-87.6885960958223,3,34.06051,27.480007,30.39843,26.77728
882664cda9fffff,41.73868001565165,-87.6885960958223,4,43.226963,46.18024,38.139397,32.193756
882664cda9fffff,41.73868001565165,-87.6885960958223,5,59.075542,65.69188,45.3464,35.200626
882664cda9fffff,41.73868001565165,-87.6885960958223,6,66.25218,63.24805,46.256027,35.88445
882664cda9fffff,41.73868001565165,-87.6885960958223,7,58.776222,64.82736,44.892433,33.100113
882664cda9fffff,41.73868001565165,-87.6885960958223,8,48.00115,52.598007,41.211945,33.384468
882664cda9fffff,41.73868001565165,-87.6885960958223,9,32.851353,32.78736,39.479534,30.221308
882664cda9fffff,41.73868001565165,-87.6885960958223,10,27.478668,22.970064,28.199135,20.636534
882664cda9fffff,41.73868001565165,-87.6885960958223,11,16.27114,16.335567,18.799091,12.407284
882664cda9fffff,41.73868001565165,-87.6885960958223,12,15.21288,14.07464,18.253746,12.132519
882664cdadfffff,41.73971586302774,-87.69999174990397,1,19.286379,17.624187,11.283665,12.578637
882664cdadfffff,41.73971586302774,-87.69999174990397,2,22.66247,19.95068,20.604536,21.606817
882664cdadfffff,41.73971586302774,-87.69999174990397,3,27.465418,23.956928,25.345028,26.884674
882664cdadfffff,41.73971586302774,-87.69999174990397,4,29.5232,32.944836,34.395386,34.18099
882664cdadfffff,41.73971586302774,-87.69999174990397,5,42.073097,48.34359,41.01859,39.709442
882664cdadfffff,41.73971586302774,-87.69999174990397,6,46.365986,43.75299,42.82249,39.460594
882664cdadfffff,41.73971586302774,-87.69999174990397,7,42.35047,46.97545,41.384094,37.70746
882664cdadfffff,41.73971586302774,-87.69999174990397,8,33.01521,38.87593,37.22069,36.126606
882664cdadfffff,41.73971586302774,-87.69999174990397,9,29.391834,32.914738,35.69818,33.148457
882664cdadfffff,41.73971586302774,-87.69999174990397,10,23.81496,23.081696,24.337341,22.988453
882664cdadfffff,41.73971586302774,-87.69999174990397,11,17.151041,16.536362,15.615216,12.863509
882664cdadfffff,41.73971586302774,-87.69999174990397,12,17.205748,15.174808,15.194508,12.693837
882664cdb1fffff,41.71623090667359,-87.67439232611557,1,10.243871,8.421012,11.851574,7.495232
882664cdb1fffff,41.71623090667359,-87.67439232611557,2,14.591899,13.85652,14.646166,15.265276
882664cdb1fffff,41.71623090667359,-87.67439232611557,3,22.864834,18.470686,20.66574,18.468655
882664cdb1fffff,41.71623090667359,-87.67439232611557,4,23.010057,22.309805,24.254787,21.902248
882664cdb1fffff,41.71623090667359,-87.67439232611557,5,31.082197,30.621641,24.728617,23.741503
882664cdb1fffff,41.71623090667359,-87.67439232611557,6,34.36448,29.473768,24.637886,22.5659
882664cdb1fffff,41.71623090667359,-87.67439232611557,7,28.09169,29.035263,24.94652,22.318476
882664cdb1fffff,41.71623090667359,-87.67439232611557,8,26.942518,26.51273,25.360165,20.520231
882664cdb1fffff,41.71623090667359,-87.67439232611557,9,32.830624,23.919836,26.500517,21.046877
882664cdb1fffff,41.71623090667359,-87.67439232611557,10,22.693151,17.569122,17.58588,15.546837
882664cdb1fffff,41.71623090667359,-87.67439232611557,11,8.339372,7.3385944,14.3323345,7.2905326
882664cdb1fffff,41.71623090667359,-87.67439232611557,12,7.6788077,6.1987395,14.230036,7.196115
882664cdb3fffff,41.70874866131059,-87.66966068700523,1,15.111006,16.173988,12.227568,10.161946
882664cdb3fffff,41.70874866131059,-87.66966068700523,2,20.576094,18.711327,19.346375,18.319824
882664cdb3fffff,41.70874866131059,-87.66966068700523,3,24.870724,23.641636,24.30737,23.460598
882664cdb3fffff,41.70874866131059,-87.66966068700523,4,28.971647,31.279743,27.784525,26.520418
882664cdb3fffff,41.70874866131059,-87.66966068700523,5,35.11551,45.548477,31.887764,30.613327
882664cdb3fffff,41.70874866131059,-87.66966068700523,6,37.85672,43.542343,32.60633,31.665724
882664cdb3fffff,41.70874866131059,-87.66966068700523,7,36.806686,44.05759,31.174723,29.280272
882664cdb3fffff,41.70874866131059,-87.66966068700523,8,31.48281,33.06509,30.412485,29.159916
882664cdb3fffff,41.70874866131059,-87.66966068700523,9,27.345139,26.895264,30.635508,25.340588
882664cdb3fffff,41.70874866131059,-87.66966068700523,10,23.692848,19.56429,21.58619,20.778418
882664cdb3fffff,41.70874866131059,-87.66966068700523,11,14.058292,14.775709,15.218333,11.373123
882664cdb3fffff,41.70874866131059,-87.66966068700523,12,13.318738,12.2337885,14.891426,10.753108
882664cdb7fffff,41.70978645160267,-87.6810490829232,1,11.571927,12.62145,13.832001,8.936624
882664cdb7fffff,41.70978645160267,-87.6810490829232,2,18.767105,19.520037,17.568872,16.04555
882664cdb7fffff,41.70978645160267,-87.6810490829232,3,27.767231,24.275702,26.14703,21.873774
882664cdb7fffff,41.70978645160267,-87.6810490829232,4,31.252012,37.511868,31.879387,25.864853
882664cdb7fffff,41.70978645160267,-87.6810490829232,5,45.051662,51.261223,34.874035,30.32535
882664cdb7fffff,41.70978645160267,-87.6810490829232,6,47.523304,50.15726,35.183636,30.956837
882664cdb7fffff,41.70978645160267,-87.6810490829232,7,42.818363,49.548634,35.387035,27.907942
882664cdb7fffff,41.70978645160267,-87.6810490829232,8,35.190697,40.387222,35.227234,26.053991
882664cdb7fffff,41.70978645160267,-87.6810490829232,9,30.98471,26.32152,36.725758,25.831644
882664cdb7fffff,41.70978645160267,-87.6810490829232,10,23.519325,18.976902,22.638176,16.50052
882664cdb7fffff,41.70978645160267,-87.6810490829232,11,9.328097,11.526468,16.605455,8.532806
882664cdb7fffff,41.70978645160267,-87.6810490829232,12,8.097049,9.003221,16.348497,8.10271
882664cdb9fffff,41.72267558677764,-87.66773360467306,1,18.081793,18.37058,17.626143,12.217083
882664cdb9fffff,41.72267558677764,-87.66773360467306,2,25.551306,21.512451,27.83308,18.805851
882664cdb9fffff,41.72267558677764,-87.66773360467306,3,32.422,29.216331,34.346485,26.188627
882664cdb9fffff,41.72267558677764,-87.66773360467306,4,49.051163,50.940296,40.72722,31.115768
882664cdb9fffff,41.72267558677764,-87.66773360467306,5,56.20963,76.2822,46.109974,35.10621
882664cdb9fffff,41.72267558677764,-87.66773360467306,6,61.406944,74.32617,47.07511,35.88294
882664cdb9fffff,41.72267558677764,-87.66773360467306,7,55.87782,74.01345,44.796455,32.787384
882664cdb9fffff,41.72267558677764,-87.66773360467306,8,49.685295,53.975628,42.854576,33.430733
882664cdb9fffff,41.72267558677764,-87.66773360467306,9,31.489767,36.681416,41.61269,29.092865
882664cdb9fffff,41.72267558677764,-87.66773360467306,10,26.371246,23.697315,30.054794,20.179338
882664cdb9fffff,41.72267558677764,-87.66773360467306,11,16.839825,17.215553,19.708326,12.438335
882664cdb9fffff,41.72267558677764,-87.66773360467306,12,15.605943,13.937123,19.019442,11.781148
882664cdbbfffff,41.71519246053934,-87.66300230522806,1,19.38049,16.91704,17.133114,12.875832
882664cdbbfffff,41.71519246053934,-87.66300230522806,2,26.053864,21.164768,23.033558,20.146343
882664cdbbfffff,41.71519246053934,-87.66300230522806,3,37.389008,27.7481,28.57921,26.597912
882664cdbbfffff,41.71519246053934,-87.66300230522806,4,43.867214,34.07943,35.09003,31.467995
882664cdbbfffff,41.71519246053934,-87.66300230522806,5,54.98313,59.21979,40.17782,33.851856
882664cdbbfffff,41.71519246053934,-87.66300230522806,6,58.137756,57.13826,40.85894,34.553455
882664cdbbfffff,41.71519246053934,-87.66300230522806,7,52.980812,57.714043,39.283894,31.917553
882664cdbbfffff,41.71519246053934,-87.66300230522806,8,47.78754,37.976734,36.220264,33.513985
882664cdbbfffff,41.71519246053934,-87.66300230522806,9,38.17397,31.63023,35.5479,30.242268
882664cdbbfffff,41.71519246053934,-87.66300230522806,10,29.173527,25.385345,25.880646,21.36602
882664cdbbfffff,41.71519246053934,-87.66300230522806,11,17.958027,17.00448,20.205326,12.958499
882664cdbbfffff,41.71519246053934,-87.66300230522806,12,16.63099,13.681548,19.710947,12.478748
882664cdbdfffff,41.72371354777456,-87.67912544020504,1,11.076961,11.075016,8.228921,8.613204
882664cdbdfffff,41.72371354777456,-87.67912544020504,2,16.472643,11.868782,15.008909,12.793963
882664cdbdfffff,41.72371354777456,-87.67912544020504,3,19.305683,15.74232,18.513937,19.604097
882664cdbdfffff,41.72371354777456,-87.67912544020504,4,29.53013,27.869894,23.830296,24.10049
882664cdbdfffff,41.72371354777456,-87.67912544020504,5,42.043118,39.745743,27.771057,25.249992
882664cdbdfffff,41.72371354777456,-87.67912544020504,6,46.98085,38.50697,27.342474,23.807741
882664cdbdfffff,41.72371354777456,-87.67912544020504,7,40.996212,40.420006,26.665825,23.842783
882664cdbdfffff,41.72371354777456,-87.67912544020504,8,30.736511,34.0359,23.405802,24.535471
882664cdbdfffff,41.72371354777456,-87.67912544020504,9,15.576763,20.21274,21.237843,19.134298
882664cdbdfffff,41.72371354777456,-87.67912544020504,10,16.376207,13.855396,16.0531,14.479324
882664cdbdfffff,41.72371354777456,-87.67912544020504,11,9.8615885,10.260521,11.612905,8.927455
882664cdbdfffff,41.72371354777456,-87.67912544020504,12,9.664609,7.9667478,11.7499275,8.498315
882664cdc1fffff,41.75698369637125,-87.65721062811024,1,12.574403,14.4413805,18.215012,9.077946
882664cdc1fffff,41.75698369637125,-87.65721062811024,2,17.288254,16.898098,25.915398,15.945191
882664cdc1fffff,41.75698369637125,-87.65721062811024,3,23.30422,18.710592,30.013737,24.044424
882664cdc1fffff,41.75698369637125,-87.65721062811024,4,37.227463,30.358238,32.753212,27.10988
882664cdc1fffff,41.75698369637125,-87.65721062811024,5,38.916912,48.87652,35.28155,31.280048
882664cdc1fffff,41.75698369637125,-87.65721062811024,6,44.440735,48.175957,35.722393,33.576958
882664cdc1fffff,41.75698369637125,-87.65721062811024,7,37.960903,47.10709,34.745792,31.089771
882664cdc1fffff,41.75698369637125,-87.65721062811024,8,36.90312,32.288727,32.824238,27.700174
882664cdc1fffff,41.75698369637125,-87.65721062811024,9,24.370176,23.764135,32.187485,24.688402
882664cdc1fffff,41.75698369637125,-87.65721062811024,10,17.53953,19.35941,26.936115,17.687153
882664cdc1fffff,41.75698369637125,-87.65721062811024,11,11.65726,13.85225,20.212973,11.289511
882664cdc1fffff,41.75698369637125,-87.65721062811024,12,10.705251,11.103494,19.738821,11.001152
882664cdc3fffff,41.74949713695796,-87.65247739866545,1,3.866053,13.095735,14.681626,10.87004
882664cdc3fffff,41.74949713695796,-87.65247739866545,2,10.514096,16.989162,22.013031,16.960743
882664cdc3fffff,41.74949713695796,-87.65247739866545,3,20.125366,22.46899,26.785986,24.575848
882664cdc3fffff,41.74949713695796,-87.65247739866545,4,30.621302,39.582596,30.52139,26.003462
882664cdc3fffff,41.74949713695796,-87.65247739866545,5,34.03613,55.78239,33.749073,28.905642
882664cdc3fffff,41.74949713695796,-87.65247739866545,6,40.365246,55.91015,34.228592,31.10447
882664cdc3fffff,41.74949713695796,-87.65247739866545,7,34.979385,54.40258,33.510445,28.488472
882664cdc3fffff,41.74949713695796,-87.65247739866545,8,33.299328,41.04992,32.18679,27.229864
882664cdc3fffff,41.74949713695796,-87.65247739866545,9,21.068628,26.732595,31.567095,24.933533
882664cdc3fffff,41.74949713695796,-87.65247739866545,10,12.638234,19.128637,24.145943,18.329458
882664cdc3fffff,41.74949713695796,-87.65247739866545,11,3.6334312,13.005161,16.870815,11.704281
882664cdc3fffff,41.74949713695796,-87.65247739866545,12,3.294187,11.005121,16.427614,11.234974
882664cdc5fffff,41.7580226562219,-87.66861097667915,1,15.637036,17.673557,16.408766,9.549908
882664cdc5fffff,41.7580226562219,-87.66861097667915,2,19.613905,19.986662,22.678621,17.399605
882664cdc5fffff,41.7580226562219,-87.66861097667915,3,23.998518,22.028654,27.796171,23.278744
882664cdc5fffff,41.7580226562219,-87.66861097667915,4,38.43864,32.784767,33.868618,26.82369
882664cdc5fffff,41.7580226562219,-87.66861097667915,5,48.16845,48.659203,38.619423,29.621925
882664cdc5fffff,41.7580226562219,-87.66861097667915,6,53.482723,46.22987,39.27899,29.990204
882664cdc5fffff,41.7580226562219,-87.66861097667915,7,46.88871,47.709957,38.376953,28.29308
882664cdc5fffff,41.7580226562219,-87.66861097667915,8,40.19729,38.698994,37.77404,27.94981
882664cdc5fffff,41.7580226562219,-87.66861097667915,9,26.323452,28.018154,36.036613,24.923555
882664cdc5fffff,41.7580226562219,-87.66861097667915,10,20.330132,22.306036,26.506563,18.507116
882664cdc5fffff,41.7580226562219,-87.66861097667915,11,13.494866,16.570904,19.181433,10.318617
882664cdc5fffff,41.7580226562219,-87.66861097667915,12,12.537488,14.035065,18.979246,9.91653
882664cdc7fffff,41.75053658254317,-87.66387592953048,1,9.392344,14.465511,13.552999,9.607331
882664cdc7fffff,41.75053658254317,-87.66387592953048,2,15.032236,15.736597,20.161264,14.970158
882664cdc7fffff,41.75053658254317,-87.66387592953048,3,23.219526,21.247305,25.485655,20.592361
882664cdc7fffff,41.75053658254317,-87.66387592953048,4,32.63043,37.284157,29.794512,21.354023
882664cdc7fffff,41.75053658254317,-87.66387592953048,5,42.819378,51.717094,35.8994,27.06489
882664cdc7fffff,41.75053658254317,-87.66387592953048,6,47.882812,51.560066,36.451527,29.783512
882664cdc7fffff,41.75053658254317,-87.66387592953048,7,44.131504,51.12384,35.590584,26.960457
882664cdc7fffff,41.75053658254317,-87.66387592953048,8,37.327347,40.16009,29.819777,23.459894
882664cdc7fffff,41.75053658254317,-87.66387592953048,9,20.460669,22.606405,29.089603,21.264084
882664cdc7fffff,41.75053658254317,-87.66387592953048,10,18.14107,16.595285,20.485386,16.713305
882664cdc7fffff,41.75053658254317,-87.66387592953048,11,8.302836,14.029485,15.662296,10.202779
882664cdc7fffff,41.75053658254317,-87.66387592953048,12,7.4255686,11.692328,15.073587,9.675866
882664cdc9fffff,41.763431033314674,-87.65054335822255,1,13.533843,14.450674,13.163538,9.08588
882664cdc9fffff,41.763431033314674,-87.65054335822255,2,17.171589,16.603645,19.71956,14.239765
882664cdc9fffff,41.763431033314674,-87.65054335822255,3,23.68902,19.585934,24.821655,21.107407
882664cdc9fffff,41.763431033314674,-87.65054335822255,4,29.935022,30.243732,29.764214,22.795847
882664cdc9fffff,41.763431033314674,-87.65054335822255,5,38.617153,44.90456,35.275715,28.080652
882664cdc9fffff,41.763431033314674,-87.65054335822255,6,45.59612,43.794075,35.783333,30.838957
882664cdc9fffff,41.763431033314674,-87.65054335822255,7,38.645382,43.645855,35.004566,27.71529
882664cdc9fffff,41.763431033314674,-87.65054335822255,8,34.2926,33.421417,30.596909,24.129753
882664cdc9fffff,41.763431033314674,-87.65054335822255,9,19.867928,23.253067,29.843159,22.088394
882664cdc9fffff,41.763431033314674,-87.65054335822255,10,19.16677,17.354958,21.282936,15.694119
882664cdc9fffff,41.763431033314674,-87.65054335822255,11,11.375525,13.203882,15.363591,10.072881
882664cdc9fffff,41.763431033314674,-87.65054335822255,12,10.599137,11.130987,15.081149,9.545968
882664cdcbfffff,41.75594359332235,-87.64581047017874,1,3.778425,15.740256,15.82568,7.50449
882664cdcbfffff,41.75594359332235,-87.64581047017874,2,7.6397395,16.807346,21.320509,12.227483
882664cdcbfffff,41.75594359332235,-87.64581047017874,3,12.120521,16.721434,25.673388,18.302286
882664cdcbfffff,41.75594359332235,-87.64581047017874,4,24.995176,30.284176,29.743294,19.247673
882664cdcbfffff,41.75594359332235,-87.64581047017874,5,32.61957,44.068596,34.26673,23.964035
882664cdcbfffff,41.75594359332235,-87.64581047017874,6,39.502827,43.867977,34.07312,27.335691
882664cdcbfffff,41.75594359332235,-87.64581047017874,7,32.990974,42.919197,33.28459,23.825962
882664cdcbfffff,41.75594359332235,-87.64581047017874,8,25.77197,33.740078,30.322117,21.15759
882664cdcbfffff,41.75594359332235,-87.64581047017874,9,12.344638,23.62516,29.291044,18.540464
882664cdcbfffff,41.75594359332235,-87.64581047017874,10,8.181804,18.138283,22.060102,14.592377
882664cdcbfffff,41.75594359332235,-87.64581047017874,11,2.3320017,15.0109415,17.328814,9.4392395
882664cdcbfffff,41.75594359332235,-87.64581047017874,12,1.6476476,13.021945,17.091814,9.277357
882664cdcdfffff,41.76447065067352,-87.6619453345966,1,5.5291224,10.467685,14.05463,11.177715
882664cdcdfffff,41.76447065067352,-87.6619453345966,2,13.480157,15.112438,20.430563,17.281181
882664cdcdfffff,41.76447065067352,-87.6619453345966,3,19.827477,20.113266,25.40872,24.265518
882664cdcdfffff,41.76447065067352,-87.6619453345966,4,40.652695,37.629887,29.71633,31.80206
882664cdcdfffff,41.76447065067352,-87.6619453345966,5,53.26306,53.0374,36.702164,35.491776
882664cdcdfffff,41.76447065067352,-87.6619453345966,6,57.24954,53.06832,36.877514,36.786564
882664cdcdfffff,41.76447065067352,-87.6619453345966,7,50.94608,53.078472,36.693825,35.48814
882664cdcdfffff,41.76447065067352,-87.6619453345966,8,44.291683,43.78995,30.049925,33.18121
882664cdcdfffff,41.76447065067352,-87.6619453345966,9,25.14016,23.132349,28.595842,28.632294
882664cdcdfffff,41.76447065067352,-87.6619453345966,10,15.019856,19.115456,22.477463,19.786287
882664cdcdfffff,41.76447065067352,-87.6619453345966,11,5.589589,10.803873,17.235027,13.622186
882664cdcdfffff,41.76447065067352,-87.6619453345966,12,4.550356,7.938883,16.981722,13.328398
882664cdd1fffff,41.74096989948573,-87.63634912331706,1,6.598035,20.118486,17.903915,6.675975
882664cdd1fffff,41.74096989948573,-87.63634912331706,2,10.503118,24.573454,23.81365,13.468956
882664cdd1fffff,41.74096989948573,-87.63634912331706,3,18.01063,26.903692,30.56368,23.015764
882664cdd1fffff,41.74096989948573,-87.63634912331706,4,28.872208,42.3801,35.492737,25.58507
882664cdd1fffff,41.74096989948573,-87.63634912331706,5,38.801453,56.911293,42.17665,30.918446
882664cdd1fffff,41.74096989948573,-87.63634912331706,6,46.124306,56.80933,41.985527,33.653717
882664cdd1fffff,41.74096989948573,-87.63634912331706,7,39.658165,54.516773,41.335888,31.031519
882664cdd1fffff,41.74096989948573,-87.63634912331706,8,34.821686,47.352165,36.252975,27.041147
882664cdd1fffff,41.74096989948573,-87.63634912331706,9,29.993681,34.80499,37.193142,25.132214
882664cdd1fffff,41.74096989948573,-87.63634912331706,10,17.177261,29.671951,26.825653,17.47176
882664cdd1fffff,41.74096989948573,-87.63634912331706,11,3.648145,16.953857,19.925512,9.792155
882664cdd1fffff,41.74096989948573,-87.63634912331706,12,2.681914,14.351463,19.486443,9.190248
882664cdd3fffff,41.733483646411386,-87.63162066324662,1,5.747086,7.9982114,12.3632765,5.673242
882664cdd3fffff,41.733483646411386,-87.63162066324662,2,11.866602,12.022939,13.848479,10.119662
882664cdd3fffff,41.733483646411386,-87.63162066324662,3,20.69935,15.815517,17.763433,15.598166
882664cdd3fffff,41.733483646411386,-87.63162066324662,4,37.378735,25.663357,22.962902,21.729748
882664cdd3fffff,41.733483646411386,-87.63162066324662,5,52.592087,41.81444,30.578087,25.950548
882664cdd3fffff,41.733483646411386,-87.63162066324662,6,58.25354,41.583324,28.69357,29.187853
882664cdd3fffff,41.733483646411386,-87.63162066324662,7,50.57715,40.730278,28.334787,25.140913
882664cdd3fffff,41.733483646411386,-87.63162066324662,8,41.292618,29.218071,22.65377,22.288254
882664cdd3fffff,41.733483646411386,-87.63162066324662,9,26.014526,13.280759,21.5372,17.696455
882664cdd3fffff,41.733483646411386,-87.63162066324662,10,13.966532,14.584978,14.717712,11.299286
882664cdd3fffff,41.733483646411386,-87.63162066324662,11,3.741046,8.187504,12.836323,6.1000385
882664cdd3fffff,41.733483646411386,-87.63162066324662,12,2.863774,5.9429655,12.740625,5.761006
882664cdd5fffff,41.74201097281884,-87.64774564563578,1,12.82382,20.943703,13.074401,10.157337
882664cdd5fffff,41.74201097281884,-87.64774564563578,2,19.197285,21.699984,22.541288,19.811327
882664cdd5fffff,41.74201097281884,-87.64774564563578,3,25.928099,24.539711,27.219501,25.992237
882664cdd5fffff,41.74201097281884,-87.64774564563578,4,36.843506,34.198154,32.732708,30.7986
882664cdd5fffff,41.74201097281884,-87.64774564563578,5,41.613174,49.356113,34.078888,33.566494
882664cdd5fffff,41.74201097281884,-87.64774564563578,6,47.39657,47.048138,34.77858,34.685654
882664cdd5fffff,41.74201097281884,-87.64774564563578,7,41.71514,48.231644,33.815247,32.074738
882664cdd5fffff,41.74201097281884,-87.64774564563578,8,38.097256,39.075226,33.088825,33.209183
882664cdd5fffff,41.74201097281884,-87.64774564563578,9,26.889244,31.500164,32.300835,29.610731
882664cdd5fffff,41.74201097281884,-87.64774564563578,10,19.580574,24.967455,24.626772,22.40194
882664cdd5fffff,41.74201097281884,-87.64774564563578,11,11.796745,19.98757,17.164381,11.879247
882664cdd5fffff,41.74201097281884,-87.64774564563578,12,10.931398,17.39047,17.203573,11.548751
882664cdd7fffff,41.73452520433887,-87.64301536839498,1,15.343336,14.448626,9.840942,11.741622
882664cdd7fffff,41.73452520433887,-87.64301536839498,2,18.962145,14.901577,19.074734,20.561483
882664cdd7fffff,41.73452520433887,-87.64301536839498,3,22.873564,17.285887,25.322733,28.125298
882664cdd7fffff,41.73452520433887,-87.64301536839498,4,30.152187,27.663244,27.951899,29.19064
882664cdd7fffff,41.73452520433887,-87.64301536839498,5,33.970955,39.71377,29.33097,34.06718
882664cdd7fffff,41.73452520433887,-87.64301536839498,6,37.881023,38.77385,29.894762,34.163853
882664cdd7fffff,41.73452520433887,-87.64301536839498,7,35.98991,39.598244,28.212715,33.078613
882664cdd7fffff,41.73452520433887,-87.64301536839498,8,31.422262,30.738577,28.138416,30.69451
882664cdd7fffff,41.73452520433887,-87.64301536839498,9,22.945452,25.651041,27.55927,27.852713
882664cdd7fffff,41.73452520433887,-87.64301536839498,10,21.563643,17.073923,20.467129,21.827904
882664cdd7fffff,41.73452520433887,-87.64301536839498,11,15.940385,13.986843,13.110494,13.969159
882664cdd7fffff,41.73452520433887,-87.64301536839498,12,15.301702,11.613232,12.661376,13.601292
882664cdd9fffff,41.747414817493365,-87.62968091068868,1,8.855292,13.059153,12.54949,6.746939
882664cdd9fffff,41.747414817493365,-87.62968091068868,2,14.845235,17.882494,18.249243,11.935259
882664cdd9fffff,41.747414817493365,-87.62968091068868,3,25.06741,21.997993,21.988295,20.837652
882664cdd9fffff,41.747414817493365,-87.62968091068868,4,38.31152,36.990974,26.096815,22.016905
882664cdd9fffff,41.747414817493365,-87.62968091068868,5,50.61734,56.20438,31.047186,25.526318
882664cdd9fffff,41.747414817493365,-87.62968091068868,6,57.863194,55.66094,29.852556,27.95685
882664cdd9fffff,41.747414817493365,-87.62968091068868,7,50.430717,53.832653,28.533676,23.955208
882664cdd9fffff,41.747414817493365,-87.62968091068868,8,41.943607,37.973385,25.359573,21.349745
882664cdd9fffff,41.747414817493365,-87.62968091068868,9,24.95166,29.937946,27.506016,19.994242
882664cdd9fffff,41.747414817493365,-87.62968091068868,10,17.308352,19.929255,19.077345,13.433477
882664cdd9fffff,41.747414817493365,-87.62968091068868,11,7.3482323,11.4478655,13.0560255,7.2401576
882664cdd9fffff,41.747414817493365,-87.62968091068868,12,6.167566,9.311934,12.948985,6.774647
882664cddbfffff,41.73992768384518,-87.62495279316146,1,15.06012,16.964739,10.609873,12.0194235
882664cddbfffff,41.73992768384518,-87.62495279316146,2,19.637634,19.483059,14.376316,15.67827
882664cddbfffff,41.73992768384518,-87.62495279316146,3,21.780392,20.802895,17.774189,23.12933
882664cddbfffff,41.73992768384518,-87.62495279316146,4,29.958067,27.811264,20.48103,25.87296
882664cddbfffff,41.73992768384518,-87.62495279316146,5,34.31486,35.878002,26.257708,27.284325
882664cddbfffff,41.73992768384518,-87.62495279316146,6,37.58902,34.478893,26.699013,28.642494
882664cddbfffff,41.73992768384518,-87.62495279316146,7,34.59305,35.639496,26.360163,27.793964
882664cddbfffff,41.73992768384518,-87.62495279316146,8,32.07711,32.561703,20.390568,27.14671
882664cddbfffff,41.73992768384518,-87.62495279316146,9,30.903719,26.159843,23.077356,24.639116
882664cddbfffff,41.73992768384518,-87.62495279316146,10,19.224892,19.599745,16.336239,19.36313
882664cddbfffff,41.73992768384518,-87.62495279316146,11,12.259662,15.503339,13.104249,14.131712
882664cddbfffff,41.73992768384518,-87.62495279316146,12,12.242604,13.375938,12.884454,13.42842
882664cdddfffff,41.74845654858434,-87.6410790587524,1,9.692384,18.674921,17.884825,10.273633
882664cdddfffff,41.74845654858434,-87.6410790587524,2,14.400249,21.777063,22.621168,16.958834
882664cdddfffff,41.74845654858434,-87.6410790587524,3,19.138786,21.682653,27.542282,23.911667
882664cdddfffff,41.74845654858434,-87.6410790587524,4,29.461834,37.63396,29.772755,26.818275
882664cdddfffff,41.74845654858434,-87.6410790587524,5,35.67977,46.44511,35.65882,30.181335
882664cdddfffff,41.74845654858434,-87.6410790587524,6,40.868786,46.87099,36.584137,33.153675
882664cdddfffff,41.74845654858434,-87.6410790587524,7,36.150944,44.5389,35.520996,29.9429
882664cdddfffff,41.74845654858434,-87.6410790587524,8,35.002235,42.100163,30.036762,28.108791
882664cdddfffff,41.74845654858434,-87.6410790587524,9,33.779633,30.427507,30.785736,24.010956
882664cdddfffff,41.74845654858434,-87.6410790587524,10,19.810785,25.565784,25.531298,19.529999
882664cdddfffff,41.74845654858434,-87.6410790587524,11,5.3528795,15.715517,20.388878,12.508116
882664cdddfffff,41.74845654858434,-87.6410790587524,12,5.100297,13.276173,20.126574,12.0362625
882664cde1fffff,41.75261204506563,-87.68667356052639,1,14.468741,16.253538,14.859521,10.643692
882664cde1fffff,41.75261204506563,-87.68667356052639,2,17.893564,18.706472,20.4602,17.07942
882664cde1fffff,41.75261204506563,-87.68667356052639,3,22.816433,21.195503,24.522388,22.540567
882664cde1fffff,41.75261204506563,-87.68667356052639,4,29.628727,26.395208,29.94514,26.54757
882664cde1fffff,41.75261204506563,-87.68667356052639,5,39.52325,38.91695,34.480907,28.688253
882664cde1fffff,41.75261204506563,-87.68667356052639,6,44.426323,38.71346,36.333878,29.74186
882664cde1fffff,41.75261204506563,-87.68667356052639,7,38.859646,39.7352,34.850254,27.203722
882664cde1fffff,41.75261204506563,-87.68667356052639,8,34.60033,32.584568,33.382877,27.99322
882664cde1fffff,41.75261204506563,-87.68667356052639,9,22.733345,21.875103,30.827942,23.06415
882664cde1fffff,41.75261204506563,-87.68667356052639,10,20.57873,20.530977,24.253075,18.29761
882664cde1fffff,41.75261204506563,-87.68667356052639,11,12.203898,14.865614,17.673525,11.448383
882664cde1fffff,41.75261204506563,-87.68667356052639,12,11.960166,12.628799,17.52411,11.109351
882664cde3fffff,41.7451273382633,-87.68193635660059,1,12.600867,16.068382,15.278013,10.574488
882664cde3fffff,41.7451273382633,-87.68193635660059,2,18.79009,18.868633,23.659243,18.046211
882664cde3fffff,41.7451273382633,-87.68193635660059,3,23.945013,23.515211,26.911247,24.243288
882664cde3fffff,41.7451273382633,-87.68193635660059,4,27.0818,32.767357,29.595787,25.222366
882664cde3fffff,41.7451273382633,-87.68193635660059,5,38.052143,47.639637,32.754875,29.329895
882664cde3fffff,41.7451273382633,-87.68193635660059,6,42.435787,47.01909,33.260044,30.594564
882664cde3fffff,41.7451273382633,-87.68193635660059,7,37.244785,46.74892,32.217403,28.045763
882664cde3fffff,41.7451273382633,-87.68193635660059,8,27.902254,33.791126,32.74141,25.817816
882664cde3fffff,41.7451273382633,-87.68193635660059,9,23.676308,22.90182,31.070648,23.87348
882664cde3fffff,41.7451273382633,-87.68193635660059,10,17.865194,20.798168,28.216896,20.498985
882664cde3fffff,41.7451273382633,-87.68193635660059,11,10.763694,15.209781,18.146345,11.279717
882664cde3fffff,41.7451273382633,-87.68193635660059,12,10.049615,13.189344,17.84669,11.129775
882664cde5fffff,41.75364806186225,-87.698072658862,1,11.441739,13.029598,12.861386,8.777143
882664cde5fffff,41.75364806186225,-87.698072658862,2,16.200047,14.461511,19.306103,16.656626
882664cde5fffff,41.75364806186225,-87.698072658862,3,24.921509,19.462332,26.973885,22.056822
882664cde5fffff,41.75364806186225,-87.698072658862,4,28.122581,28.42064,31.064445,23.76566
882664cde5fffff,41.75364806186225,-87.698072658862,5,39.088543,40.17947,32.197803,26.804646
882664cde5fffff,41.75364806186225,-87.698072658862,6,43.518272,39.662285,31.9541,27.481913
882664cde5fffff,41.75364806186225,-87.698072658862,7,36.297348,39.089462,31.959555,25.311352
882664cde5fffff,41.75364806186225,-87.698072658862,8,30.877913,31.592943,32.63831,25.463081
882664cde5fffff,41.75364806186225,-87.698072658862,9,22.022903,21.232683,30.935394,23.250494
882664cde5fffff,41.75364806186225,-87.698072658862,10,17.15338,17.314901,22.82494,17.738655
882664cde5fffff,41.75364806186225,-87.698072658862,11,8.385249,12.259351,16.290737,9.305969
882664cde5fffff,41.75364806186225,-87.698072658862,12,7.0110407,10.49756,16.17828,9.050467
882664cde7fffff,41.74616384165788,-87.69333363860135,1,16.329727,14.860713,13.870284,15.800617
882664cde7fffff,41.74616384165788,-87.69333363860135,2,21.441895,15.501283,23.176573,21.930382
882664cde7fffff,41.74616384165788,-87.69333363860135,3,25.911734,21.21868,28.538303,26.200348
882664cde7fffff,41.74616384165788,-87.69333363860135,4,27.033579,35.479088,31.926085,29.513266
882664cde7fffff,41.74616384165788,-87.69333363860135,5,41.390896,54.726883,34.141045,35.17015
882664cde7fffff,41.74616384165788,-87.69333363860135,6,45.155945,51.878166,34.779312,35.963577
882664cde7fffff,41.74616384165788,-87.69333363860135,7,41.955116,53.431717,34.583603,32.58744
882664cde7fffff,41.74616384165788,-87.69333363860135,8,30.327713,38.216217,33.77473,29.58177
882664cde7fffff,41.74616384165788,-87.69333363860135,9,25.351938,27.453707,31.505367,26.722923
882664cde7fffff,41.74616384165788,-87.69333363860135,10,22.35084,18.46897,26.394472,21.652205
882664cde7fffff,41.74616384165788,-87.69333363860135,11,15.717723,13.678638,16.909697,14.042934
882664cde7fffff,41.74616384165788,-87.69333363860135,12,14.671072,11.184011,16.556292,13.606688
882664cde9fffff,41.75906047280363,-87.68001151498757,1,10.080493,12.87646,11.955668,8.645593
882664cde9fffff,41.75906047280363,-87.68001151498757,2,16.366518,16.464273,18.94615,15.16066
882664cde9fffff,41.75906047280363,-87.68001151498757,3,21.94447,22.045414,22.34971,21.565123
882664cde9fffff,41.75906047280363,-87.68001151498757,4,31.172268,36.984646,27.199121,30.189041
882664cde9fffff,41.75906047280363,-87.68001151498757,5,41.574886,51.10041,32.961777,32.451008
882664cde9fffff,41.75906047280363,-87.68001151498757,6,46.354572,50.76544,34.90583,33.481342
882664cde9fffff,41.75906047280363,-87.68001151498757,7,41.194935,51.76621,33.327736,30.966467
882664cde9fffff,41.75906047280363,-87.68001151498757,8,35.48169,43.689796,30.330198,31.003954
882664cde9fffff,41.75906047280363,-87.68001151498757,9,25.236176,24.211432,28.783892,25.147612
882664cde9fffff,41.75906047280363,-87.68001151498757,10,15.912864,17.766891,23.452843,15.902628
882664cde9fffff,41.75906047280363,-87.68001151498757,11,8.633172,12.633204,15.494896,8.262587
882664cde9fffff,41.75906047280363,-87.68001151498757,12,8.288558,10.956552,15.181534,7.802673
882664cdebfffff,41.751574885269214,-87.67527465044998,1,8.901628,18.264475,12.648423,6.683598
882664cdebfffff,41.751574885269214,-87.67527465044998,2,12.206519,18.20814,21.038834,13.492623
882664cdebfffff,41.751574885269214,-87.67527465044998,3,16.286945,17.69457,27.398739,20.93837
882664cdebfffff,41.751574885269214,-87.67527465044998,4,18.847874,22.488485,28.895401,22.339191
882664cdebfffff,41.751574885269214,-87.67527465044998,5,22.131346,32.467377,28.800661,26.959532
882664cdebfffff,41.751574885269214,-87.67527465044998,6,28.220543,31.384647,27.602396,29.634315
882664cdebfffff,41.751574885269214,-87.67527465044998,7,22.775118,31.137934,27.549175,26.262096
882664cdebfffff,41.751574885269214,-87.67527465044998,8,19.948597,24.766981,27.999395,25.11864
882664cdebfffff,41.751574885269214,-87.67527465044998,9,15.107682,23.044113,27.98652,22.10399
882664cdebfffff,41.751574885269214,-87.67527465044998,10,14.857314,20.786531,21.976982,16.323755
882664cdebfffff,41.751574885269214,-87.67527465044998,11,8.02625,17.51005,15.904221,9.659593
882664cdebfffff,41.751574885269214,-87.67527465044998,12,7.341895,15.826732,15.902472,9.329096
882664cdedfffff,41.76009714604613,-87.69141224213747,1,14.315597,19.069998,14.821657,14.15547
882664cdedfffff,41.76009714604613,-87.69141224213747,2,20.856384,17.9869,17.887093,21.156849
882664cdedfffff,41.76009714604613,-87.69141224213747,3,27.204758,22.934988,24.274097,24.753979
882664cdedfffff,41.76009714604613,-87.69141224213747,4,37.11368,37.567078,29.371052,25.469322
882664cdedfffff,41.76009714604613,-87.69141224213747,5,49.20605,51.86902,31.949125,29.452227
882664cdedfffff,41.76009714604613,-87.69141224213747,6,53.794357,51.36902,31.73889,29.992876
882664cdedfffff,41.76009714604613,-87.69141224213747,7,47.086605,51.136917,31.772331,27.707378
882664cdedfffff,41.76009714604613,-87.69141224213747,8,39.54581,40.630096,31.40534,27.251766
882664cdedfffff,41.76009714604613,-87.69141224213747,9,30.37087,25.875965,29.34709,25.61057
882664cdedfffff,41.76009714604613,-87.69141224213747,10,20.462688,22.322052,22.217266,22.360216
882664cdedfffff,41.76009714604613,-87.69141224213747,11,12.234828,18.32523,18.80002,13.180799
882664cdedfffff,41.76009714604613,-87.69141224213747,12,10.86062,15.558304,18.70583,13.114388
882664ce21fffff,41.8225125841712,-87.6018658676275,1,15.900709,13.693734,13.856132,11.212099
882664ce21fffff,41.8225125841712,-87.6018658676275,2,23.528757,18.480343,21.518946,17.752728
882664ce21fffff,41.8225125841712,-87.6018658676275,3,33.573536,23.932655,24.769325,24.759375
882664ce21fffff,41.8225125841712,-87.6018658676275,4,37.90501,32.473526,29.83605,31.33767
882664ce21fffff,41.8225125841712,-87.6018658676275,5,39.62098,56.014484,32.454433,32.251648
882664ce21fffff,41.8225125841712,-87.6018658676275,6,44.84632,55.650726,34.000763,32.80803
882664ce21fffff,41.8225125841712,-87.6018658676275,7,40.129684,56.4508,31.961733,31.257088
882664ce21fffff,41.8225125841712,-87.6018658676275,8,44.004868,39.085907,30.569204,32.424904
882664ce21fffff,41.8225125841712,-87.6018658676275,9,36.096004,29.039576,28.870937,27.759394
882664ce21fffff,41.8225125841712,-87.6018658676275,10,26.21687,21.330406,23.970013,20.08175
882664ce21fffff,41.8225125841712,-87.6018658676275,11,15.540457,12.819195,17.335253,12.28891
882664ce21fffff,41.8225125841712,-87.6018658676275,12,15.167854,9.6661005,17.413305,11.865134
882664ce23fffff,41.81501770717457,-87.59713425127163,1,12.533828,12.772232,13.596003,8.485818
882664ce23fffff,41.81501770717457,-87.59713425127163,2,19.873018,17.798994,22.529282,15.403193
882664ce23fffff,41.81501770717457,-87.59713425127163,3,29.403221,27.355974,28.818535,21.768589
882664ce23fffff,41.81501770717457,-87.59713425127163,4,29.647003,31.307306,36.214436,27.789307
882664ce23fffff,41.81501770717457,-87.59713425127163,5,44.274456,53.430412,41.136204,31.721067
882664ce23fffff,41.81501770717457,-87.59713425127163,6,49.48532,51.80736,42.94053,32.577988
882664ce23fffff,41.81501770717457,-87.59713425127163,7,43.460285,53.253098,41.1113,29.770983
882664ce23fffff,41.81501770717457,-87.59713425127163,8,30.234362,38.44357,38.424732,30.153944
882664ce23fffff,41.81501770717457,-87.59713425127163,9,24.592964,25.191982,36.810707,27.162216
882664ce23fffff,41.81501770717457,-87.59713425127163,10,19.353655,21.661613,25.222376,17.201223
882664ce23fffff,41.81501770717457,-87.59713425127163,11,10.756335,13.052417,16.960697,8.323224
882664ce23fffff,41.81501770717457,-87.59713425127163,12,10.215833,10.564901,17.094948,8.23904
882664ce25fffff,41.82355698972513,-87.61328269681096,1,17.201778,17.800922,8.923588,6.1807046
882664ce25fffff,41.82355698972513,-87.61328269681096,2,20.158468,20.027359,15.412802,10.7920265
882664ce25fffff,41.82355698972513,-87.61328269681096,3,22.432386,18.81632,17.660088,16.962044
882664ce25fffff,41.82355698972513,-87.61328269681096,4,28.940521,21.751844,20.339447,19.838926
882664ce25fffff,41.82355698972513,-87.61328269681096,5,26.629898,29.469746,22.62971,20.26692
882664ce25fffff,41.82355698972513,-87.61328269681096,6,31.730642,28.500994,23.735838,19.844637
882664ce25fffff,41.82355698972513,-87.61328269681096,7,26.187368,28.343222,22.409275,18.475348
882664ce25fffff,41.82355698972513,-87.61328269681096,8,32.747143,26.99781,20.299555,18.386292
882664ce25fffff,41.82355698972513,-87.61328269681096,9,32.455288,29.993166,20.682302,16.01055
882664ce25fffff,41.82355698972513,-87.61328269681096,10,25.77275,25.251787,16.730549,10.929532
882664ce25fffff,41.82355698972513,-87.61328269681096,11,13.072205,13.76299,12.081701,6.395413
882664ce25fffff,41.82355698972513,-87.61328269681096,12,12.9922695,10.882812,12.389889,6.0782905
882664ce27fffff,41.81606259842428,-87.6085492556664,1,16.63791,18.035627,15.935699,12.816342
882664ce27fffff,41.81606259842428,-87.6085492556664,2,24.10434,21.674248,26.104092,21.398472
882664ce27fffff,41.81606259842428,-87.6085492556664,3,34.30946,27.89168,33.587257,29.471224
882664ce27fffff,41.81606259842428,-87.6085492556664,4,36.350494,41.8228,40.37659,34.410675
882664ce27fffff,41.81606259842428,-87.6085492556664,5,50.275696,60.955925,43.86828,38.39525
882664ce27fffff,41.81606259842428,-87.6085492556664,6,55.705788,58.289204,45.28541,38.577694
882664ce27fffff,41.81606259842428,-87.6085492556664,7,49.86857,59.19613,43.515736,35.998276
882664ce27fffff,41.81606259842428,-87.6085492556664,8,39.62604,46.15385,41.910576,35.247555
882664ce27fffff,41.81606259842428,-87.6085492556664,9,28.478245,34.816776,39.61333,31.673698
882664ce27fffff,41.81606259842428,-87.6085492556664,10,26.124672,24.167612,28.136269,21.600832
882664ce27fffff,41.81606259842428,-87.6085492556664,11,15.189553,16.800385,18.925991,12.491542
882664ce27fffff,41.81606259842428,-87.6085492556664,12,14.749938,14.767148,18.722897,11.934969
882664ce2dfffff,41.83000785549011,-87.60659896347278,1,3.6168451,11.990733,11.29188,11.4719095
882664ce2dfffff,41.83000785549011,-87.60659896347278,2,10.391845,13.631657,17.103842,19.29293
882664ce2dfffff,41.83000785549011,-87.60659896347278,3,13.993116,20.329174,22.848816,27.55145
882664ce2dfffff,41.83000785549011,-87.60659896347278,4,31.276558,30.894793,30.002827,32.511997
882664ce2dfffff,41.83000785549011,-87.60659896347278,5,45.57055,41.945683,38.78136,37.38339
882664ce2dfffff,41.83000785549011,-87.60659896347278,6,49.314552,40.253426,41.4003,38.607235
882664ce2dfffff,41.83000785549011,-87.60659896347278,7,45.905777,42.552834,39.535267,36.968185
882664ce2dfffff,41.83000785549011,-87.60659896347278,8,36.314487,36.696507,34.6652,33.7925
882664ce2dfffff,41.83000785549011,-87.60659896347278,9,21.869858,24.30335,34.123543,31.600443
882664ce2dfffff,41.83000785549011,-87.60659896347278,10,13.358651,17.58737,22.301937,21.311144
882664ce2dfffff,41.83000785549011,-87.60659896347278,11,4.28403,11.712373,16.485075,13.304939
882664ce2dfffff,41.83000785549011,-87.60659896347278,12,4.3298883,9.744936,16.108572,12.74809
882664ce35fffff,41.80752322488648,-87.59240411377606,1,10.616326,21.882212,12.18158,7.199679
882664ce35fffff,41.80752322488648,-87.59240411377606,2,16.948618,23.944033,19.020681,11.789361
882664ce35fffff,41.80752322488648,-87.59240411377606,3,22.588587,28.457073,23.816381,17.962114
882664ce35fffff,41.80752322488648,-87.59240411377606,4,28.674204,36.639114,27.615694,18.47185
882664ce35fffff,41.80752322488648,-87.59240411377606,5,38.36023,48.44782,33.804337,20.974121
882664ce35fffff,41.80752322488648,-87.59240411377606,6,41.067783,46.863785,34.372837,21.739586
882664ce35fffff,41.80752322488648,-87.59240411377606,7,38.162567,47.216934,32.346394,18.633526
882664ce35fffff,41.80752322488648,-87.59240411377606,8,33.943638,43.69344,27.628016,18.233946
882664ce35fffff,41.80752322488648,-87.59240411377606,9,34.44085,33.36444,28.797504,16.32341
882664ce35fffff,41.80752322488648,-87.59240411377606,10,24.182905,28.86792,20.767773,12.135184
882664ce35fffff,41.80752322488648,-87.59240411377606,11,7.5486245,19.041025,14.928474,6.127724
882664ce35fffff,41.80752322488648,-87.59240411377606,12,7.2757797,15.9477215,15.09883,6.134607
882664ce37fffff,41.80002913769294,-87.58767545451205,1,15.821967,18.767956,13.635667,7.4194875
882664ce37fffff,41.80002913769294,-87.58767545451205,2,21.10275,20.526031,19.043127,13.142322
882664ce37fffff,41.80002913769294,-87.58767545451205,3,30.289139,24.642317,21.919682,18.705776
882664ce37fffff,41.80002913769294,-87.58767545451205,4,26.05608,26.229332,23.676964,21.601099
882664ce37fffff,41.80002913769294,-87.58767545451205,5,34.68288,46.922024,27.590532,25.070621
882664ce37fffff,41.80002913769294,-87.58767545451205,6,40.01745,46.67593,28.660547,25.686453
882664ce37fffff,41.80002913769294,-87.58767545451205,7,33.014076,45.832752,25.948208,22.446142
882664ce37fffff,41.80002913769294,-87.58767545451205,8,29.071419,31.96408,23.742435,20.869268
882664ce37fffff,41.80002913769294,-87.58767545451205,9,30.028841,28.326456,23.648518,15.918593
882664ce37fffff,41.80002913769294,-87.58767545451205,10,26.933182,27.641508,20.37382,12.646313
882664ce37fffff,41.80002913769294,-87.58767545451205,11,11.252095,14.846903,15.331984,7.253579
882664ce37fffff,41.80002913769294,-87.58767545451205,12,10.812474,11.993333,15.744204,7.26046
882664cea1fffff,41.77005674757695,-87.568775587207,1,13.840707,14.215517,15.272218,10.670732
882664cea1fffff,41.77005674757695,-87.568775587207,2,18.67408,17.685417,21.854944,17.708578
882664cea1fffff,41.77005674757695,-87.568775587207,3,28.34067,21.902956,25.666533,24.37017
882664cea1fffff,41.77005674757695,-87.568775587207,4,34.121902,24.404238,29.894564,28.796808
882664cea1fffff,41.77005674757695,-87.568775587207,5,43.096394,47.087135,32.936752,31.520433
882664cea1fffff,41.77005674757695,-87.568775587207,6,48.22847,46.160698,33.721672,31.984547
882664cea1fffff,41.77005674757695,-87.568775587207,7,42.202568,46.619484,31.355711,28.9984
882664cea1fffff,41.77005674757695,-87.568775587207,8,36.66228,28.413837,30.805227,29.304968
882664cea1fffff,41.77005674757695,-87.568775587207,9,27.171694,24.134993,27.875196,23.912123
882664cea1fffff,41.77005674757695,-87.568775587207,10,21.63795,20.581718,23.8769,18.23259
882664cea1fffff,41.77005674757695,-87.568775587207,11,11.835168,13.305885,16.744333,10.695462
882664cea1fffff,41.77005674757695,-87.568775587207,12,11.323781,10.235456,16.714338,10.608577
882664cea3fffff,41.76256464163879,-87.5640543096801,1,14.00189,24.382748,12.9606085,10.650696
882664cea3fffff,41.76256464163879,-87.5640543096801,2,18.690401,27.875166,21.323973,16.215425
882664cea3fffff,41.76256464163879,-87.5640543096801,3,22.158321,26.778017,24.862265,23.847574
882664cea3fffff,41.76256464163879,-87.5640543096801,4,26.601164,40.15952,29.334137,28.649643
882664cea3fffff,41.76256464163879,-87.5640543096801,5,37.5199,50.96045,33.637287,30.190165
882664cea3fffff,41.76256464163879,-87.5640543096801,6,42.19648,48.54402,34.265076,31.526667
882664cea3fffff,41.76256464163879,-87.5640543096801,7,36.453037,48.349297,32.91522,29.70305
882664cea3fffff,41.76256464163879,-87.5640543096801,8,32.11779,44.81643,30.263948,30.773062
882664cea3fffff,41.76256464163879,-87.5640543096801,9,29.1256,38.338215,31.312914,26.231094
882664cea3fffff,41.76256464163879,-87.5640543096801,10,24.13828,30.670034,23.8414,20.056581
882664cea3fffff,41.76256464163879,-87.5640543096801,11,9.318096,20.327234,15.589323,12.946711
882664cea3fffff,41.76256464163879,-87.5640543096801,12,9.166396,17.458525,15.232532,12.415999
882664cea5fffff,41.77110454532004,-87.58017965184062,1,13.803481,18.483105,13.404199,7.892817
882664cea5fffff,41.77110454532004,-87.58017965184062,2,17.282335,23.682863,22.05697,14.324762
882664cea5fffff,41.77110454532004,-87.58017965184062,3,22.725233,26.278864,26.966108,21.590681
882664cea5fffff,41.77110454532004,-87.58017965184062,4,27.716145,33.225956,30.418158,23.663574
882664cea5fffff,41.77110454532004,-87.58017965184062,5,35.239452,44.540806,34.945637,27.194616
882664cea5fffff,41.77110454532004,-87.58017965184062,6,40.840004,42.65543,35.300995,28.682081
882664cea5fffff,41.77110454532004,-87.58017965184062,7,36.100353,42.432274,33.967365,25.771088
882664cea5fffff,41.77110454532004,-87.58017965184062,8,32.18814,35.088226,33.596336,24.336632
882664cea5fffff,41.77110454532004,-87.58017965184062,9,27.562544,30.962452,36.02744,23.136854
882664cea5fffff,41.77110454532004,-87.58017965184062,10,20.542086,21.819784,25.6186,15.657803
882664cea5fffff,41.77110454532004,-87.58017965184062,11,11.841765,15.307762,16.428883,8.335656
882664cea5fffff,41.77110454532004,-87.58017965184062,12,10.884385,12.172487,16.378876,7.9966216
882664cea7fffff,41.763612922518405,-87.57545655251481,1,8.816256,21.466984,16.349966,11.750139
882664cea7fffff,41.763612922518405,-87.57545655251481,2,16.902746,24.893452,25.297974,19.2908
882664cea7fffff,41.763612922518405,-87.57545655251481,3,27.128132,32.98139,30.985416,26.64436
882664cea7fffff,41.763612922518405,-87.57545655251481,4,41.046597,48.693443,35.895576,30.823381
882664cea7fffff,41.763612922518405,-87.57545655251481,5,49.13369,72.06647,41.557182,33.570618
882664cea7fffff,41.763612922518405,-87.57545655251481,6,52.936943,70.23239,41.90446,33.51644
882664cea7fffff,41.763612922518405,-87.57545655251481,7,47.726967,70.47808,39.488514,30.89018
882664cea7fffff,41.763612922518405,-87.57545655251481,8,43.118885,54.24421,35.848263,31.481405
882664cea7fffff,41.763612922518405,-87.57545655251481,9,31.712812,36.28962,33.807487,26.529116
882664cea7fffff,41.763612922518405,-87.57545655251481,10,17.652086,29.1843,27.406338,20.202251
882664cea7fffff,41.763612922518405,-87.57545655251481,11,7.5644894,21.791399,18.467386,10.948483
882664cea7fffff,41.763612922518405,-87.57545655251481,12,7.1160192,18.868368,17.986902,10.479177
882664ceb1fffff,41.75402302649514,-87.54793428355993,1,12.553973,13.831722,14.170657,8.963821
882664ceb1fffff,41.75402302649514,-87.54793428355993,2,19.496624,18.932682,23.765371,14.382929
882664ceb1fffff,41.75402302649514,-87.54793428355993,3,27.025385,22.266268,26.910025,21.547817
882664ceb1fffff,41.75402302649514,-87.54793428355993,4,41.448566,37.56258,32.46318,27.621445
882664ceb1fffff,41.75402302649514,-87.54793428355993,5,47.57771,60.149956,37.18967,29.879711
882664ceb1fffff,41.75402302649514,-87.54793428355993,6,49.66745,58.175747,38.75361,31.49036
882664ceb1fffff,41.75402302649514,-87.54793428355993,7,46.463764,58.600597,36.75906,28.657768
882664ceb1fffff,41.75402302649514,-87.54793428355993,8,42.574055,41.351055,34.360367,29.971535
882664ceb1fffff,41.75402302649514,-87.54793428355993,9,24.782206,26.98781,33.15528,24.021719
882664ceb1fffff,41.75402302649514,-87.54793428355993,10,19.279541,20.109102,26.542284,17.231596
882664ceb1fffff,41.75402302649514,-87.54793428355993,11,11.717974,12.621267,16.510239,10.291102
882664ceb1fffff,41.75402302649514,-87.54793428355993,12,11.525294,9.621794,16.024147,9.547312
882664ceb3fffff,41.746531233758205,-87.54321777559346,1,10.045406,11.383637,9.05661,8.435728
882664ceb3fffff,41.746531233758205,-87.54321777559346,2,15.485342,12.588168,12.582305,12.989387
882664ceb3fffff,41.746531233758205,-87.54321777559346,3,19.485949,13.88411,16.998808,16.84736
882664ceb3fffff,41.746531233758205,-87.54321777559346,4,20.984016,29.658,21.18851,18.592642
882664ceb3fffff,41.746531233758205,-87.54321777559346,5,29.479866,38.132824,22.567366,21.361
882664ceb3fffff,41.746531233758205,-87.54321777559346,6,32.465294,36.659317,22.461678,21.389904
882664ceb3fffff,41.746531233758205,-87.54321777559346,7,26.589777,36.02595,22.753138,19.681257
882664ceb3fffff,41.746531233758205,-87.54321777559346,8,22.786001,30.72381,22.801737,17.937681
882664ceb3fffff,41.746531233758205,-87.54321777559346,9,16.316082,19.32398,20.709522,15.038917
882664ceb3fffff,41.746531233758205,-87.54321777559346,10,14.396244,14.090004,16.607273,15.492492
882664ceb3fffff,41.746531233758205,-87.54321777559346,11,8.47294,10.35617,12.5304785,9.298365
882664ceb3fffff,41.746531233758205,-87.54321777559346,12,7.966696,9.499229,12.91435,9.23339
882664ceb5fffff,41.75507293310672,-87.5593345066187,1,12.7745695,15.610587,14.477369,13.687004
882664ceb5fffff,41.75507293310672,-87.5593345066187,2,19.571901,19.294556,20.888243,20.129047
882664ceb5fffff,41.75507293310672,-87.5593345066187,3,26.15432,24.82149,25.281149,26.186666
882664ceb5fffff,41.75507293310672,-87.5593345066187,4,38.757736,32.329628,31.633055,32.66749
882664ceb5fffff,41.75507293310672,-87.5593345066187,5,51.165234,49.3613,35.743954,36.068874
882664ceb5fffff,41.75507293310672,-87.5593345066187,6,55.678402,48.194603,37.835,37.561005
882664ceb5fffff,41.75507293310672,-87.5593345066187,7,50.3091,49.277756,36.05055,34.009464
882664ceb5fffff,41.75507293310672,-87.5593345066187,8,43.389145,38.350178,33.99876,33.50826
882664ceb5fffff,41.75507293310672,-87.5593345066187,9,29.447172,25.94081,31.29206,28.515993
882664ceb5fffff,41.75507293310672,-87.5593345066187,10,21.362028,21.944262,25.088306,21.12051
882664ceb5fffff,41.75507293310672,-87.5593345066187,11,11.171197,14.298255,17.344828,14.686054
882664ceb5fffff,41.75507293310672,-87.5593345066187,12,10.847383,12.020328,17.070906,14.599169
882664ceb7fffff,41.747581622365246,-87.5546161773962,1,20.513111,19.961004,14.674947,14.019116
882664ceb7fffff,41.747581622365246,-87.5546161773962,2,25.85543,20.522783,24.149939,19.686527
882664ceb7fffff,41.747581622365246,-87.5546161773962,3,29.60649,22.135508,30.514616,23.969227
882664ceb7fffff,41.747581622365246,-87.5546161773962,4,39.880013,43.327393,36.08624,27.772629
882664ceb7fffff,41.747581622365246,-87.5546161773962,5,50.04608,60.164703,40.827972,33.153915
882664ceb7fffff,41.747581622365246,-87.5546161773962,6,56.39318,57.57864,40.818375,34.04416
882664ceb7fffff,41.747581622365246,-87.5546161773962,7,49.842407,57.68827,39.89779,30.717913
882664ceb7fffff,41.747581622365246,-87.5546161773962,8,42.719296,44.89109,38.260918,29.24807
882664ceb7fffff,41.747581622365246,-87.5546161773962,9,34.422623,31.447615,36.706863,25.521048
882664ceb7fffff,41.747581622365246,-87.5546161773962,10,25.672611,23.507486,28.443218,21.729242
882664ceb7fffff,41.747581622365246,-87.5546161773962,11,18.688843,18.833233,17.790525,14.123129
882664ceb7fffff,41.747581622365246,-87.5546161773962,12,17.594841,16.155872,17.451994,13.65991
882664cf01fffff,41.8341766502975,-87.65227474371528,1,9.737457,10.718965,11.58581,11.502578
882664cf01fffff,41.8341766502975,-87.65227474371528,2,17.211472,14.108334,18.169525,18.014761
882664cf01fffff,41.8341766502975,-87.65227474371528,3,25.729845,20.099756,22.495193,22.191057
882664cf01fffff,41.8341766502975,-87.65227474371528,4,34.36649,30.696173,26.896221,28.446083
882664cf01fffff,41.8341766502975,-87.65227474371528,5,51.27424,52.81044,29.238405,30.821009
882664cf01fffff,41.8341766502975,-87.65227474371528,6,56.426903,52.595776,29.65006,31.830334
882664cf01fffff,41.8341766502975,-87.65227474371528,7,49.396088,53.597927,27.63929,28.946651
882664cf01fffff,41.8341766502975,-87.65227474371528,8,38.66568,35.577484,26.436327,28.069536
882664cf01fffff,41.8341766502975,-87.65227474371528,9,21.912083,25.37777,23.740234,23.223787
882664cf01fffff,41.8341766502975,-87.65227474371528,10,18.76435,16.540752,20.56063,18.61497
882664cf01fffff,41.8341766502975,-87.65227474371528,11,8.082709,10.213288,13.764273,10.337698
882664cf01fffff,41.8341766502975,-87.65227474371528,12,7.5778604,8.414243,13.625888,10.159748
882664cf03fffff,41.826683325694646,-87.64753434889514,1,12.314705,12.874372,10.534258,14.982468
882664cf03fffff,41.826683325694646,-87.64753434889514,2,17.734621,14.244377,20.504927,20.430603
882664cf03fffff,41.826683325694646,-87.64753434889514,3,20.857105,18.548578,26.740501,27.813787
882664cf03fffff,41.826683325694646,-87.64753434889514,4,32.446724,31.397709,28.826424,31.121914
882664cf03fffff,41.826683325694646,-87.64753434889514,5,38.94835,45.81892,31.896421,31.945791
882664cf03fffff,41.826683325694646,-87.64753434889514,6,44.083992,44.65562,32.67216,31.418112
882664cf03fffff,41.826683325694646,-87.64753434889514,7,38.680645,46.862877,31.290373,30.238972
882664cf03fffff,41.826683325694646,-87.64753434889514,8,36.47856,39.403797,29.315094,31.511806
882664cf03fffff,41.826683325694646,-87.64753434889514,9,20.39043,26.636747,27.540504,26.677198
882664cf03fffff,41.826683325694646,-87.64753434889514,10,20.526455,18.04298,23.425375,21.031769
882664cf03fffff,41.826683325694646,-87.64753434889514,11,11.483784,12.470675,14.029682,15.036984
882664cf03fffff,41.826683325694646,-87.64753434889514,12,11.252003,10.552842,13.846081,14.562248
882664cf05fffff,41.83521598077783,-87.66369417020371,1,9.762308,16.61614,12.443182,12.051263
882664cf05fffff,41.83521598077783,-87.66369417020371,2,15.032512,19.871895,20.432253,17.166698
882664cf05fffff,41.83521598077783,-87.66369417020371,3,20.647453,24.715164,24.447487,24.833876
882664cf05fffff,41.83521598077783,-87.66369417020371,4,28.007235,37.44469,28.203785,29.838154
882664cf05fffff,41.83521598077783,-87.66369417020371,5,38.147522,50.30776,32.002327,30.307365
882664cf05fffff,41.83521598077783,-87.66369417020371,6,43.743393,47.991566,32.61882,29.714115
882664cf05fffff,41.83521598077783,-87.66369417020371,7,37.714146,49.501057,32.05795,29.505222
882664cf05fffff,41.83521598077783,-87.66369417020371,8,31.302504,42.497356,29.284582,29.274366
882664cf05fffff,41.83521598077783,-87.66369417020371,9,23.648909,30.0608,30.067255,24.659794
882664cf05fffff,41.83521598077783,-87.66369417020371,10,17.013405,21.93922,23.697191,18.147917
882664cf05fffff,41.83521598077783,-87.66369417020371,11,8.598807,15.86557,16.537941,12.646784
882664cf05fffff,41.83521598077783,-87.66369417020371,12,8.254193,13.148227,16.376114,12.216687
882664cf07fffff,41.82772314388214,-87.6589519514285,1,12.81026,14.655473,17.284492,12.861369
882664cf07fffff,41.82772314388214,-87.6589519514285,2,21.895014,19.906866,27.080887,20.760283
882664cf07fffff,41.82772314388214,-87.6589519514285,3,32.565792,28.529675,32.254036,30.842665
882664cf07fffff,41.82772314388214,-87.6589519514285,4,37.39407,40.712616,40.240852,39.555817
882664cf07fffff,41.82772314388214,-87.6589519514285,5,47.640896,62.47979,45.079174,42.52113
882664cf07fffff,41.82772314388214,-87.6589519514285,6,51.874435,59.91684,46.963238,43.10891
882664cf07fffff,41.82772314388214,-87.6589519514285,7,47.67386,60.839222,45.25646,40.928104
882664cf07fffff,41.82772314388214,-87.6589519514285,8,42.393894,46.598965,42.416733,41.680946
882664cf07fffff,41.82772314388214,-87.6589519514285,9,29.584185,32.51508,40.19542,35.861107
882664cf07fffff,41.82772314388214,-87.6589519514285,10,24.114939,22.494328,30.981321,23.81451
882664cf07fffff,41.82772314388214,-87.6589519514285,11,12.410005,14.123341,20.911861,13.67873
882664cf07fffff,41.82772314388214,-87.6589519514285,12,11.797736,12.035604,20.43811,12.840686
882664cf09fffff,41.84063037719314,-87.64559556084488,1,15.398275,21.232962,12.953878,15.404701
882664cf09fffff,41.84063037719314,-87.64559556084488,2,21.005085,24.907856,22.349245,20.961939
882664cf09fffff,41.84063037719314,-87.64559556084488,3,24.176838,27.145836,26.751766,29.74967
882664cf09fffff,41.84063037719314,-87.64559556084488,4,35.56983,37.621998,31.923859,32.15597
882664cf09fffff,41.84063037719314,-87.64559556084488,5,40.56734,50.08279,34.853855,33.0304
882664cf09fffff,41.84063037719314,-87.64559556084488,6,45.097767,48.332966,35.39214,33.032825
882664cf09fffff,41.84063037719314,-87.64559556084488,7,40.37544,49.236107,33.963238,31.039585
882664cf09fffff,41.84063037719314,-87.64559556084488,8,40.176624,45.33491,31.003155,32.06203
882664cf09fffff,41.84063037719314,-87.64559556084488,9,38.888996,40.82491,30.45284,28.915865
882664cf09fffff,41.84063037719314,-87.64559556084488,10,26.052172,30.587914,24.409636,22.69004
882664cf09fffff,41.84063037719314,-87.64559556084488,11,10.585476,18.158009,15.803732,15.633582
882664cf09fffff,41.84063037719314,-87.64559556084488,12,10.505541,14.769649,15.665496,15.158844
882664cf0bfffff,41.83313617245734,-87.64085550889571,1,14.467321,17.512255,17.693659,12.566904
882664cf0bfffff,41.83313617245734,-87.64085550889571,2,21.616936,20.072155,28.556643,22.072344
882664cf0bfffff,41.83313617245734,-87.64085550889571,3,30.682156,28.161932,33.602207,29.321404
882664cf0bfffff,41.83313617245734,-87.64085550889571,4,47.869297,30.350025,37.6429,33.626923
882664cf0bfffff,41.83313617245734,-87.64085550889571,5,54.33728,59.35317,40.55627,36.386776
882664cf0bfffff,41.83313617245734,-87.64085550889571,6,58.131927,57.879265,40.8436,37.030815
882664cf0bfffff,41.83313617245734,-87.64085550889571,7,52.19914,58.883068,38.6247,34.116295
882664cf0bfffff,41.83313617245734,-87.64085550889571,8,47.531612,36.775486,36.932087,35.137714
882664cf0bfffff,41.83313617245734,-87.64085550889571,9,34.797005,29.981058,35.111416,30.950226
882664cf0bfffff,41.83313617245734,-87.64085550889571,10,22.207998,25.897593,29.15363,23.409811
882664cf0bfffff,41.83313617245734,-87.64085550889571,11,12.786121,18.378124,19.361376,12.709631
882664cf0bfffff,41.83313617245734,-87.64085550889571,12,11.459082,14.545486,19.116247,12.295601
882664cf0dfffff,41.84167036737087,-87.65701662036184,1,11.596065,15.007479,14.145798,11.067677
882664cf0dfffff,41.84167036737087,-87.65701662036184,2,20.16735,20.543303,24.556295,19.369396
882664cf0dfffff,41.84167036737087,-87.65701662036184,3,29.7062,26.751823,31.73485,28.542643
882664cf0dfffff,41.84167036737087,-87.65701662036184,4,38.42164,40.375057,38.539265,34.3882
882664cf0dfffff,41.84167036737087,-87.65701662036184,5,47.640423,60.40519,46.00262,38.94177
882664cf0dfffff,41.84167036737087,-87.65701662036184,6,53.404007,61.422886,48.37608,39.420155
882664cf0dfffff,41.84167036737087,-87.65701662036184,7,46.397106,59.25645,46.188427,37.498753
882664cf0dfffff,41.84167036737087,-87.65701662036184,8,42.175816,45.929356,41.711372,35.29406
882664cf0dfffff,41.84167036737087,-87.65701662036184,9,28.472158,34.905704,40.411232,32.442192
882664cf0dfffff,41.84167036737087,-87.65701662036184,10,23.738808,25.044989,28.663584,21.137712
882664cf0dfffff,41.84167036737087,-87.65701662036184,11,10.932215,14.7327795,18.397724,11.650587
882664cf0dfffff,41.84167036737087,-87.65701662036184,12,9.698333,11.505375,17.996262,11.140098
882664cf11fffff,41.81814894188337,-87.63137984856776,1,12.077766,15.307373,15.05311,11.262574
882664cf11fffff,41.81814894188337,-87.63137984856776,2,16.061195,18.020555,26.37503,18.846315
882664cf11fffff,41.81814894188337,-87.63137984856776,3,21.348421,20.43367,30.370237,24.976576
882664cf11fffff,41.81814894188337,-87.63137984856776,4,36.85457,35.13977,34.83272,29.332846
882664cf11fffff,41.81814894188337,-87.63137984856776,5,44.809307,50.028088,40.327442,32.898968
882664cf11fffff,41.81814894188337,-87.63137984856776,6,49.906063,48.31153,41.965813,33.810474
882664cf11fffff,41.81814894188337,-87.63137984856776,7,43.472416,49.87013,40.161015,31.755571
882664cf11fffff,41.81814894188337,-87.63137984856776,8,40.061707,40.38525,37.358402,30.550322
882664cf11fffff,41.81814894188337,-87.63137984856776,9,26.696037,27.77221,36.80396,26.975065
882664cf11fffff,41.81814894188337,-87.63137984856776,10,15.95948,19.513899,30.668991,20.065454
882664cf11fffff,41.81814894188337,-87.63137984856776,11,10.415745,14.830914,19.127802,11.158205
882664cf11fffff,41.81814894188337,-87.63137984856776,12,9.550398,12.423885,18.832357,10.815375
882664cf13fffff,41.81065591681865,-87.62664423893018,1,11.144605,17.490799,19.461708,12.162771
882664cf13fffff,41.81065591681865,-87.62664423893018,2,17.372988,20.9933,26.820997,21.03553
882664cf13fffff,41.81065591681865,-87.62664423893018,3,28.518488,28.114222,34.275486,27.998255
882664cf13fffff,41.81065591681865,-87.62664423893018,4,45.93624,43.59639,40.73346,34.749493
882664cf13fffff,41.81065591681865,-87.62664423893018,5,55.887447,70.94545,46.554226,37.70554
882664cf13fffff,41.81065591681865,-87.62664423893018,6,59.611206,69.70342,48.00281,38.629818
882664cf13fffff,41.81065591681865,-87.62664423893018,7,54.51343,70.36806,45.79324,36.08029
882664cf13fffff,41.81065591681865,-87.62664423893018,8,47.37706,51.022686,44.731457,36.316265
882664cf13fffff,41.81065591681865,-87.62664423893018,9,31.632393,33.74873,41.54835,32.079544
882664cf13fffff,41.81065591681865,-87.62664423893018,10,19.601624,24.729883,31.743618,22.28396
882664cf13fffff,41.81065591681865,-87.62664423893018,11,9.222808,16.948202,22.238962,12.339628
882664cf13fffff,41.81065591681865,-87.62664423893018,12,7.816811,13.658024,21.865988,11.874119
882664cf15fffff,41.81919039394925,-87.64279543527176,1,12.357139,17.80374,13.427358,13.210257
882664cf15fffff,41.81919039394925,-87.64279543527176,2,18.342077,21.773964,23.71433,20.780575
882664cf15fffff,41.81919039394925,-87.64279543527176,3,20.858982,26.142162,27.54514,27.92246
882664cf15fffff,41.81919039394925,-87.64279543527176,4,31.511736,35.22254,31.604359,33.167446
882664cf15fffff,41.81919039394925,-87.64279543527176,5,42.390846,48.92213,37.218647,35.570602
882664cf15fffff,41.81919039394925,-87.64279543527176,6,43.787395,47.005386,39.0621,36.33466
882664cf15fffff,41.81919039394925,-87.64279543527176,7,42.5541,49.359238,37.79218,34.29274
882664cf15fffff,41.81919039394925,-87.64279543527176,8,35.145336,41.97811,34.95428,34.311703
882664cf15fffff,41.81919039394925,-87.64279543527176,9,29.400818,29.631933,34.35176,29.639074
882664cf15fffff,41.81919039394925,-87.64279543527176,10,20.435905,22.410059,27.644934,22.830143
882664cf15fffff,41.81919039394925,-87.64279543527176,11,11.205213,16.432775,17.270458,14.153211
882664cf15fffff,41.81919039394925,-87.64279543527176,12,11.200106,12.8076315,16.7793,13.35573
882664cf17fffff,41.81169785544806,-87.63805800221586,1,7.614028,13.916655,15.216223,10.265372
882664cf17fffff,41.81169785544806,-87.63805800221586,2,15.716601,18.61831,24.135048,17.095491
882664cf17fffff,41.81169785544806,-87.63805800221586,3,25.901335,27.53864,30.87739,24.530678
882664cf17fffff,41.81169785544806,-87.63805800221586,4,34.91146,42.255375,36.850376,28.694756
882664cf17fffff,41.81169785544806,-87.63805800221586,5,46.628544,63.64838,42.548115,31.593534
882664cf17fffff,41.81169785544806,-87.63805800221586,6,52.5053,64.48959,43.97161,32.070644
882664cf17fffff,41.81169785544806,-87.63805800221586,7,45.08154,62.981403,41.82948,30.249863
882664cf17fffff,41.81169785544806,-87.63805800221586,8,38.152546,47.925976,38.743267,30.10166
882664cf17fffff,41.81169785544806,-87.63805800221586,9,24.71819,31.936369,36.176083,26.853008
882664cf17fffff,41.81169785544806,-87.63805800221586,10,17.881002,22.026583,27.475105,18.829956
882664cf17fffff,41.81169785544806,-87.63805800221586,11,6.5725837,14.197403,18.135338,10.202072
882664cf17fffff,41.81169785544806,-87.63805800221586,12,5.1665864,11.442289,18.16793,9.991414
882664cf19fffff,41.82460024854481,-87.62469972068453,1,12.751132,15.028645,16.33444,10.040815
882664cf19fffff,41.82460024854481,-87.62469972068453,2,17.911339,18.663992,22.145306,16.843533
882664cf19fffff,41.82460024854481,-87.62469972068453,3,23.756365,22.893106,27.408157,23.28401
882664cf19fffff,41.82460024854481,-87.62469972068453,4,35.919926,37.03166,32.96966,27.179031
882664cf19fffff,41.82460024854481,-87.62469972068453,5,44.946312,47.264584,37.804558,28.521044
882664cf19fffff,41.82460024854481,-87.62469972068453,6,49.578136,46.91273,38.930645,30.116037
882664cf19fffff,41.82460024854481,-87.62469972068453,7,43.95425,47.14931,37.822037,26.608608
882664cf19fffff,41.82460024854481,-87.62469972068453,8,38.15915,41.803352,35.79879,27.653137
882664cf19fffff,41.82460024854481,-87.62469972068453,9,31.36451,26.71725,36.832405,23.694519
882664cf19fffff,41.82460024854481,-87.62469972068453,10,19.58807,19.096533,26.224552,17.58397
882664cf19fffff,41.82460024854481,-87.62469972068453,11,9.108563,13.844475,19.361322,10.327874
882664cf19fffff,41.82460024854481,-87.62469972068453,12,8.763949,11.265671,19.285845,10.017431
882664cf1bfffff,41.81710634335119,-87.61996445506554,1,15.459215,16.237259,15.450326,14.846929
882664cf1bfffff,41.81710634335119,-87.61996445506554,2,21.723146,17.428604,24.977642,23.13121
882664cf1bfffff,41.81710634335119,-87.61996445506554,3,28.131706,23.252148,29.434164,28.836634
882664cf1bfffff,41.81710634335119,-87.61996445506554,4,38.377457,38.572662,33.970974,33.535587
882664cf1bfffff,41.81710634335119,-87.61996445506554,5,44.027317,51.818485,37.431656,37.81324
882664cf1bfffff,41.81710634335119,-87.61996445506554,6,49.810715,50.448753,39.30705,38.002487
882664cf1bfffff,41.81710634335119,-87.61996445506554,7,44.147545,51.82481,37.549004,35.808624
882664cf1bfffff,41.81710634335119,-87.61996445506554,8,40.027325,42.55305,34.701626,36.088684
882664cf1bfffff,41.81710634335119,-87.61996445506554,9,27.336094,31.035292,34.265053,31.468859
882664cf1bfffff,41.81710634335119,-87.61996445506554,10,22.601418,20.094416,27.148811,24.477837
882664cf1bfffff,41.81710634335119,-87.61996445506554,11,14.437073,16.307058,20.151894,15.558113
882664cf1bfffff,41.81710634335119,-87.61996445506554,12,13.470848,13.731877,19.966715,14.926278
882664cf1dfffff,41.82564236055847,-87.63611693834652,1,12.546271,21.745056,16.230028,11.741658
882664cf1dfffff,41.82564236055847,-87.63611693834652,2,19.292377,24.919607,25.064987,18.04436
882664cf1dfffff,41.82564236055847,-87.63611693834652,3,27.493929,29.477322,31.880074,26.282314
882664cf1dfffff,41.82564236055847,-87.63611693834652,4,40.52409,48.933834,37.61488,29.27191
882664cf1dfffff,41.82564236055847,-87.63611693834652,5,53.276478,64.2791,43.52109,31.889086
882664cf1dfffff,41.82564236055847,-87.63611693834652,6,60.17836,62.030285,44.53841,32.92329
882664cf1dfffff,41.82564236055847,-87.63611693834652,7,53.03588,62.80357,43.062054,30.365103
882664cf1dfffff,41.82564236055847,-87.63611693834652,8,45.561733,56.278492,39.39727,29.3334
882664cf1dfffff,41.82564236055847,-87.63611693834652,9,38.44057,43.765404,40.608425,27.045311
882664cf1dfffff,41.82564236055847,-87.63611693834652,10,24.268234,30.634283,28.202436,18.583275
882664cf1dfffff,41.82564236055847,-87.63611693834652,11,8.535506,18.831089,19.291124,11.938337
882664cf1dfffff,41.82564236055847,-87.63611693834652,12,7.397163,14.889043,18.621264,11.411426
882664cf21fffff,41.82979933912786,-87.68178772884147,1,11.846166,9.527283,15.175005,11.0653515
882664cf21fffff,41.82979933912786,-87.68178772884147,2,18.030918,13.160541,23.899307,18.060028
882664cf21fffff,41.82979933912786,-87.68178772884147,3,27.14575,19.009611,28.755127,25.551313
882664cf21fffff,41.82979933912786,-87.68178772884147,4,32.981117,23.77874,33.293034,32.13177
882664cf21fffff,41.82979933912786,-87.68178772884147,5,42.0719,43.80073,37.63109,34.921776
882664cf21fffff,41.82979933912786,-87.68178772884147,6,45.115894,42.019405,39.54046,36.030903
882664cf21fffff,41.82979933912786,-87.68178772884147,7,40.99614,42.893433,37.20809,34.12545
882664cf21fffff,41.82979933912786,-87.68178772884147,8,35.389866,27.384409,35.69078,34.031303
882664cf21fffff,41.82979933912786,-87.68178772884147,9,26.09875,18.316208,33.31461,28.569717
882664cf21fffff,41.82979933912786,-87.68178772884147,10,20.386984,15.170775,26.989008,20.360964
882664cf21fffff,41.82979933912786,-87.68178772884147,11,10.307696,8.997681,18.189274,11.796784
882664cf21fffff,41.82979933912786,-87.68178772884147,12,9.695428,7.1812944,18.136257,11.366688
882664cf23fffff,41.82230787063755,-87.67704334557953,1,15.898885,17.932028,15.223841,13.2215805
882664cf23fffff,41.82230787063755,-87.67704334557953,2,20.66216,24.135061,26.135094,22.881641
882664cf23fffff,41.82230787063755,-87.67704334557953,3,28.248184,28.123993,30.879839,29.992456
882664cf23fffff,41.82230787063755,-87.67704334557953,4,42.540916,38.54231,34.117443,32.980404
882664cf23fffff,41.82230787063755,-87.67704334557953,5,49.185078,49.93798,36.676636,34.267056
882664cf23fffff,41.82230787063755,-87.67704334557953,6,53.65561,49.5879,38.979145,34.99391
882664cf23fffff,41.82230787063755,-87.67704334557953,7,47.914898,51.07346,37.234283,33.394394
882664cf23fffff,41.82230787063755,-87.67704334557953,8,45.347878,44.048134,35.923073,34.03333
882664cf23fffff,41.82230787063755,-87.67704334557953,9,43.414814,38.00919,37.318386,33.11438
882664cf23fffff,41.82230787063755,-87.67704334557953,10,26.23716,26.315416,29.93877,24.680073
882664cf23fffff,41.82230787063755,-87.67704334557953,11,14.823132,17.637537,20.035473,13.916872
882664cf23fffff,41.82230787063755,-87.67704334557953,12,13.856904,14.017432,19.581573,13.469695
882664cf25fffff,41.83083571604513,-87.69320590191681,1,16.374754,15.950371,14.379867,14.961381
882664cf25fffff,41.83083571604513,-87.69320590191681,2,21.274094,18.133028,26.491045,23.553513
882664cf25fffff,41.83083571604513,-87.69320590191681,3,25.746315,24.238588,31.43848,30.862825
882664cf25fffff,41.83083571604513,-87.69320590191681,4,36.76568,38.762154,38.122555,36.508827
882664cf25fffff,41.83083571604513,-87.69320590191681,5,44.761395,58.824516,42.20452,40.370617
882664cf25fffff,41.83083571604513,-87.69320590191681,6,49.190872,56.32628,43.500854,41.318554
882664cf25fffff,41.83083571604513,-87.69320590191681,7,44.976074,58.793396,42.191784,38.467396
882664cf25fffff,41.83083571604513,-87.69320590191681,8,39.468544,45.261906,39.915436,38.293274
882664cf25fffff,41.83083571604513,-87.69320590191681,9,27.456093,33.108936,38.944485,34.443554
882664cf25fffff,41.83083571604513,-87.69320590191681,10,22.602152,21.25395,29.530281,24.678373
882664cf25fffff,41.83083571604513,-87.69320590191681,11,15.0979395,16.056475,18.048517,14.557699
882664cf25fffff,41.83083571604513,-87.69320590191681,12,14.358382,13.162729,17.228544,13.940383
882664cf27fffff,41.82334473612813,-87.68845969607536,1,13.035309,15.6516695,17.868938,15.53326
882664cf27fffff,41.82334473612813,-87.68845969607536,2,22.26135,19.954393,29.611324,25.000517
882664cf27fffff,41.82334473612813,-87.68845969607536,3,33.329243,29.00247,35.396618,32.199326
882664cf27fffff,41.82334473612813,-87.68845969607536,4,45.866417,36.876915,39.201355,37.597965
882664cf27fffff,41.82334473612813,-87.68845969607536,5,56.618134,64.80561,43.055294,41.88272
882664cf27fffff,41.82334473612813,-87.68845969607536,6,60.00741,62.767017,43.118904,41.454308
882664cf27fffff,41.82334473612813,-87.68845969607536,7,55.76871,64.29909,41.354904,38.856815
882664cf27fffff,41.82334473612813,-87.68845969607536,8,46.98879,43.123425,38.841736,39.489788
882664cf27fffff,41.82334473612813,-87.68845969607536,9,33.612293,31.19993,38.269688,35.58557
882664cf27fffff,41.82334473612813,-87.68845969607536,10,22.245844,24.65228,30.650581,25.530516
882664cf27fffff,41.82334473612813,-87.68845969607536,11,11.2058735,16.442114,19.7918,14.9262085
882664cf27fffff,41.82334473612813,-87.68845969607536,12,9.730455,12.67949,19.203516,14.210843
882664cf29fffff,41.836254163827626,-87.67511378745853,1,9.037162,12.955821,8.9442425,7.7589593
882664cf29fffff,41.836254163827626,-87.67511378745853,2,16.127466,16.804241,15.7026415,12.5219
882664cf29fffff,41.836254163827626,-87.67511378745853,3,19.962248,22.904985,18.582323,18.151455
882664cf29fffff,41.836254163827626,-87.67511378745853,4,29.081821,36.590145,24.239,23.84616
882664cf29fffff,41.836254163827626,-87.67511378745853,5,42.224495,50.355152,28.493229,24.78957
882664cf29fffff,41.836254163827626,-87.67511378745853,6,44.96567,48.32469,30.940876,25.015665
882664cf29fffff,41.836254163827626,-87.67511378745853,7,41.618923,49.881413,29.519753,23.443419
882664cf29fffff,41.836254163827626,-87.67511378745853,8,32.137005,42.158134,27.419876,23.875357
882664cf29fffff,41.836254163827626,-87.67511378745853,9,26.514685,23.136478,27.517078,19.527243
882664cf29fffff,41.836254163827626,-87.67511378745853,10,15.935404,17.658037,20.339907,13.056545
882664cf29fffff,41.836254163827626,-87.67511378745853,11,7.880708,11.63044,13.073216,7.236017
882664cf29fffff,41.836254163827626,-87.67511378745853,12,7.8345346,10.079409,12.744517,6.7953367
882664cf2bfffff,41.82876181505008,-87.67036974504462,1,11.088481,10.03024,13.91222,11.377953
882664cf2bfffff,41.82876181505008,-87.67036974504462,2,20.12985,15.429888,20.87334,18.256786
882664cf2bfffff,41.82876181505008,-87.67036974504462,3,29.054691,21.996075,28.088602,27.718988
882664cf2bfffff,41.82876181505008,-87.67036974504462,4,54.68604,39.044342,35.579887,36.67074
882664cf2bfffff,41.82876181505008,-87.67036974504462,5,67.13222,60.21802,43.79727,42.4592
882664cf2bfffff,41.82876181505008,-87.67036974504462,6,71.38186,59.84908,46.149647,42.715103
882664cf2bfffff,41.82876181505008,-87.67036974504462,7,63.23474,61.09295,43.49707,40.91717
882664cf2bfffff,41.82876181505008,-87.67036974504462,8,56.559307,45.94237,38.13214,37.817997
882664cf2bfffff,41.82876181505008,-87.67036974504462,9,33.063828,26.305243,36.570724,32.764214
882664cf2bfffff,41.82876181505008,-87.67036974504462,10,20.258188,19.548409,24.121103,19.925642
882664cf2bfffff,41.82876181505008,-87.67036974504462,11,9.996238,10.385228,17.437569,11.447745
882664cf2bfffff,41.82876181505008,-87.67036974504462,12,9.383969,8.357759,16.98927,10.828118
882664cf2dfffff,41.83729119937634,-87.68653359457721,1,16.143215,17.798855,10.9799385,12.006671
882664cf2dfffff,41.83729119937634,-87.68653359457721,2,22.130308,22.066109,21.965431,20.119219
882664cf2dfffff,41.83729119937634,-87.68653359457721,3,26.27663,27.218822,27.317125,28.520954
882664cf2dfffff,41.83729119937634,-87.68653359457721,4,38.117672,37.478863,32.065422,31.93182
882664cf2dfffff,41.83729119937634,-87.68653359457721,5,48.355934,53.37539,35.145157,33.74201
882664cf2dfffff,41.83729119937634,-87.68653359457721,6,50.275936,50.365177,37.215546,35.227047
882664cf2dfffff,41.83729119937634,-87.68653359457721,7,47.159344,53.35492,35.616524,32.44656
882664cf2dfffff,41.83729119937634,-87.68653359457721,8,41.236233,42.886894,34.272186,34.04844
882664cf2dfffff,41.83729119937634,-87.68653359457721,9,32.296394,36.504715,33.639835,30.491219
882664cf2dfffff,41.83729119937634,-87.68653359457721,10,24.2508,25.67962,26.012901,23.25738
882664cf2dfffff,41.83729119937634,-87.68653359457721,11,15.158169,17.681307,15.6185465,12.871658
882664cf2dfffff,41.83729119937634,-87.68653359457721,12,14.519496,16.014446,15.448056,12.251643
882664cf31fffff,41.81377829425602,-87.66088610573287,1,10.589105,13.508684,7.8664994,9.696465
882664cf31fffff,41.81377829425602,-87.66088610573287,2,16.112436,17.139307,14.614189,12.6878
882664cf31fffff,41.81377829425602,-87.66088610573287,3,19.40643,21.046926,20.720476,18.99529
882664cf31fffff,41.81377829425602,-87.66088610573287,4,24.928919,25.872042,22.88556,20.54972
882664cf31fffff,41.81377829425602,-87.66088610573287,5,35.345604,33.99986,26.89365,22.069693
882664cf31fffff,41.81377829425602,-87.66088610573287,6,39.775314,33.48511,27.301636,24.153688
882664cf31fffff,41.81377829425602,-87.66088610573287,7,34.89943,32.864677,26.219622,19.864609
882664cf31fffff,41.81377829425602,-87.66088610573287,8,29.536283,28.790606,23.852295,19.173206
882664cf31fffff,41.81377829425602,-87.66088610573287,9,22.993368,25.929144,24.10621,15.614371
882664cf31fffff,41.81377829425602,-87.66088610573287,10,17.047813,17.82304,18.599503,13.308783
882664cf31fffff,41.81377829425602,-87.66088610573287,11,9.307424,11.202887,10.53393,9.552691
882664cf31fffff,41.81377829425602,-87.66088610573287,12,8.918757,9.097014,10.932674,9.293737
882664cf33fffff,41.806287123013256,-87.65614650757645,1,14.304235,15.020661,18.341232,13.424423
882664cf33fffff,41.806287123013256,-87.65614650757645,2,20.412477,20.789371,28.335405,24.72998
882664cf33fffff,41.806287123013256,-87.65614650757645,3,27.340477,25.29304,32.530704,31.909082
882664cf33fffff,41.806287123013256,-87.65614650757645,4,41.719894,36.371773,35.653885,36.615097
882664cf33fffff,41.806287123013256,-87.65614650757645,5,48.73049,47.879887,41.39586,40.466484
882664cf33fffff,41.806287123013256,-87.65614650757645,6,49.436047,47.59829,43.07431,40.59326
882664cf33fffff,41.806287123013256,-87.65614650757645,7,46.895763,49.021038,41.616142,38.752575
882664cf33fffff,41.806287123013256,-87.65614650757645,8,48.379284,41.658276,38.551003,37.68616
882664cf33fffff,41.806287123013256,-87.65614650757645,9,44.85494,27.133224,39.148483,33.911373
882664cf33fffff,41.806287123013256,-87.65614650757645,10,25.835165,22.177835,32.318653,25.769464
882664cf33fffff,41.806287123013256,-87.65614650757645,11,13.62779,14.4388895,22.189754,14.426698
882664cf33fffff,41.806287123013256,-87.65614650757645,12,13.446974,11.700787,21.619205,13.824788
882664cf35fffff,41.81481679429257,-87.67230044416198,1,18.513128,21.72264,16.442722,13.365398
882664cf35fffff,41.81481679429257,-87.67230044416198,2,25.36491,22.440681,20.03948,19.265177
882664cf35fffff,41.81481679429257,-87.67230044416198,3,32.97473,27.703327,27.115095,24.09539
882664cf35fffff,41.81481679429257,-87.67230044416198,4,36.623547,46.22832,32.037083,25.857973
882664cf35fffff,41.81481679429257,-87.67230044416198,5,51.13208,60.890896,35.343487,31.258846
882664cf35fffff,41.81481679429257,-87.67230044416198,6,55.980923,59.642815,35.90583,31.686295
882664cf35fffff,41.81481679429257,-87.67230044416198,7,48.910015,60.096848,35.68478,28.240082
882664cf35fffff,41.81481679429257,-87.67230044416198,8,40.386383,48.354683,35.05662,25.287712
882664cf35fffff,41.81481679429257,-87.67230044416198,9,39.58198,34.88744,36.2948,25.18226
882664cf35fffff,41.81481679429257,-87.67230044416198,10,28.527468,24.612043,25.557499,19.61265
882664cf35fffff,41.81481679429257,-87.67230044416198,11,16.517317,20.70873,19.750053,11.5841875
882664cf35fffff,41.81481679429257,-87.67230044416198,12,15.143107,17.044315,19.499336,11.124764
882664cf37fffff,41.80732611047978,-87.66755902395957,1,17.188013,22.209919,14.146883,10.362855
882664cf37fffff,41.80732611047978,-87.66755902395957,2,21.807999,25.020758,19.968882,16.959785
882664cf37fffff,41.80732611047978,-87.66755902395957,3,27.662344,26.156208,25.05794,24.642845
882664cf37fffff,41.80732611047978,-87.66755902395957,4,33.863644,32.86139,31.017572,29.968777
882664cf37fffff,41.80732611047978,-87.66755902395957,5,42.805405,49.283596,37.052864,32.941418
882664cf37fffff,41.80732611047978,-87.66755902395957,6,48.978115,46.498383,37.054214,32.185993
882664cf37fffff,41.80732611047978,-87.66755902395957,7,42.555973,46.49886,34.686638,29.901062
882664cf37fffff,41.80732611047978,-87.66755902395957,8,38.27451,39.865063,32.19778,28.842365
882664cf37fffff,41.80732611047978,-87.66755902395957,9,38.468018,40.761654,33.607773,25.404184
882664cf37fffff,41.80732611047978,-87.66755902395957,10,27.36864,30.690332,22.819302,17.07457
882664cf37fffff,41.80732611047978,-87.66755902395957,11,11.892926,17.956556,16.408733,10.736196
882664cf37fffff,41.80732611047978,-87.66755902395957,12,11.720962,15.627029,16.13118,10.209284
882664cf39fffff,41.82023069947755,-87.65421121427609,1,18.081753,22.313213,17.315794,12.778942
882664cf39fffff,41.82023069947755,-87.65421121427609,2,24.505913,27.299273,27.396122,21.643518
882664cf39fffff,41.82023069947755,-87.65421121427609,3,32.48395,36.11014,34.479664,29.617985
882664cf39fffff,41.82023069947755,-87.65421121427609,4,34.031384,49.706547,41.140644,36.11644
882664cf39fffff,41.82023069947755,-87.65421121427609,5,45.380264,65.37322,47.784885,39.906902
882664cf39fffff,41.82023069947755,-87.65421121427609,6,52.821747,62.48176,48.987038,41.04017
882664cf39fffff,41.82023069947755,-87.65421121427609,7,45.49327,63.28851,47.562294,38.080227
882664cf39fffff,41.82023069947755,-87.65421121427609,8,38.36246,51.011,44.997536,36.66806
882664cf39fffff,41.82023069947755,-87.65421121427609,9,34.242268,40.229477,45.392612,34.613136
882664cf39fffff,41.82023069947755,-87.65421121427609,10,26.130552,26.143185,32.047783,22.889093
882664cf39fffff,41.82023069947755,-87.65421121427609,11,16.776783,19.930054,21.024555,12.947722
882664cf39fffff,41.82023069947755,-87.65421121427609,12,15.718524,17.19476,20.643166,12.604551
882664cf3bfffff,41.812738647950894,-87.64947195811712,1,10.357087,15.994942,13.25719,14.7057705
882664cf3bfffff,41.812738647950894,-87.64947195811712,2,17.95009,22.799856,22.376669,21.1911
882664cf3bfffff,41.812738647950894,-87.64947195811712,3,24.974087,27.977137,28.142075,28.096384
882664cf3bfffff,41.812738647950894,-87.64947195811712,4,37.039787,46.402355,34.78375,35.56836
882664cf3bfffff,41.812738647950894,-87.64947195811712,5,50.00677,58.499683,42.41127,37.385914
882664cf3bfffff,41.812738647950894,-87.64947195811712,6,55.341953,56.240437,44.804165,39.873344
882664cf3bfffff,41.812738647950894,-87.64947195811712,7,49.674656,57.78301,42.486626,35.357746
882664cf3bfffff,41.812738647950894,-87.64947195811712,8,43.05142,51.669407,38.371483,35.082756
882664cf3bfffff,41.812738647950894,-87.64947195811712,9,34.61715,34.90189,37.265438,30.784214
882664cf3bfffff,41.812738647950894,-87.64947195811712,10,21.055208,24.785675,28.51798,22.360926
882664cf3bfffff,41.812738647950894,-87.64947195811712,11,9.60204,15.314278,17.379335,14.994651
882664cf3bfffff,41.812738647950894,-87.64947195811712,12,9.269377,12.722207,16.612143,14.554663
882664cf3dfffff,41.82126985839721,-87.66562718467921,1,12.44136,16.430786,11.658849,11.551121
882664cf3dfffff,41.82126985839721,-87.66562718467921,2,18.015247,23.108465,19.887383,18.91388
882664cf3dfffff,41.82126985839721,-87.66562718467921,3,21.125599,25.58086,23.368395,25.26355
882664cf3dfffff,41.82126985839721,-87.66562718467921,4,31.783684,30.24388,26.63126,28.183193
882664cf3dfffff,41.82126985839721,-87.66562718467921,5,39.055885,38.656017,28.432655,30.420435
882664cf3dfffff,41.82126985839721,-87.66562718467921,6,41.583828,37.68708,30.02515,31.209793
882664cf3dfffff,41.82126985839721,-87.66562718467921,7,38.39921,38.73137,28.604507,28.745356
882664cf3dfffff,41.82126985839721,-87.66562718467921,8,33.933395,33.301743,27.252138,29.291708
882664cf3dfffff,41.82126985839721,-87.66562718467921,9,35.78998,26.254642,28.704721,27.611668
882664cf3dfffff,41.82126985839721,-87.66562718467921,10,21.591543,22.50729,21.46147,21.869982
882664cf3dfffff,41.82126985839721,-87.66562718467921,11,11.6074915,14.817599,14.367578,12.538439
882664cf3dfffff,41.82126985839721,-87.66562718467921,12,11.581585,12.085399,13.829665,11.918426
882664cf41fffff,41.854579801351264,-87.64365559289466,1,19.590462,20.527699,15.796888,12.6951065
882664cf41fffff,41.854579801351264,-87.64365559289466,2,26.101433,23.139236,27.511703,19.323416
882664cf41fffff,41.854579801351264,-87.64365559289466,3,34.452835,28.655176,33.13249,27.576597
882664cf41fffff,41.854579801351264,-87.64365559289466,4,40.472366,37.947144,38.887768,31.222105
882664cf41fffff,41.854579801351264,-87.64365559289466,5,50.700626,61.40225,45.09554,35.663868
882664cf41fffff,41.854579801351264,-87.64365559289466,6,56.95887,59.008823,46.446804,37.150608
882664cf41fffff,41.854579801351264,-87.64365559289466,7,50.176983,60.424114,42.82479,33.697712
882664cf41fffff,41.854579801351264,-87.64365559289466,8,42.097324,43.605328,39.84973,32.350098
882664cf41fffff,41.854579801351264,-87.64365559289466,9,29.661804,35.325935,38.71345,29.056002
882664cf41fffff,41.854579801351264,-87.64365559289466,10,26.344482,26.946888,29.254284,19.981321
882664cf41fffff,41.854579801351264,-87.64365559289466,11,17.997816,20.154976,17.9084,13.088064
882664cf41fffff,41.854579801351264,-87.64365559289466,12,16.691576,16.1401,17.859838,12.907065
882664cf43fffff,41.8470843241187,-87.63891440212237,1,15.994924,18.738588,19.134949,13.826511
882664cf43fffff,41.8470843241187,-87.63891440212237,2,23.036562,22.2179,31.605242,23.354486
882664cf43fffff,41.8470843241187,-87.63891440212237,3,31.540493,27.375538,40.204,33.985153
882664cf43fffff,41.8470843241187,-87.63891440212237,4,39.299355,41.534298,45.420506,38.276493
882664cf43fffff,41.8470843241187,-87.63891440212237,5,43.49071,65.31944,48.72832,40.04906
882664cf43fffff,41.8470843241187,-87.63891440212237,6,50.30953,66.315384,49.53954,40.59116
882664cf43fffff,41.8470843241187,-87.63891440212237,7,42.800613,63.193153,47.974392,38.05521
882664cf43fffff,41.8470843241187,-87.63891440212237,8,41.34429,48.235264,46.14397,38.779396
882664cf43fffff,41.8470843241187,-87.63891440212237,9,37.72702,40.53455,46.03657,35.20867
882664cf43fffff,41.8470843241187,-87.63891440212237,10,29.597692,32.31597,33.682545,24.970203
882664cf43fffff,41.8470843241187,-87.63891440212237,11,12.29184,16.347464,21.622742,14.963828
882664cf43fffff,41.8470843241187,-87.63891440212237,12,10.977875,13.010222,21.073895,14.326165
882664cf45fffff,41.855619963627184,-87.65508011146308,1,11.975991,16.76105,15.699438,9.075549
882664cf45fffff,41.855619963627184,-87.65508011146308,2,18.857796,18.696344,23.40671,14.824137
882664cf45fffff,41.855619963627184,-87.65508011146308,3,28.001518,22.582634,27.59865,20.470886
882664cf45fffff,41.855619963627184,-87.65508011146308,4,37.181385,28.825481,31.168192,21.318333
882664cf45fffff,41.855619963627184,-87.65508011146308,5,43.801907,53.225063,34.42552,24.059896
882664cf45fffff,41.855619963627184,-87.65508011146308,6,51.111065,51.32819,34.87473,24.13487
882664cf45fffff,41.855619963627184,-87.65508011146308,7,43.913834,52.261375,32.1162,22.52768
882664cf45fffff,41.855619963627184,-87.65508011146308,8,37.690704,34.35994,30.651678,22.305073
882664cf45fffff,41.855619963627184,-87.65508011146308,9,26.45447,29.623728,29.817766,19.202806
882664cf45fffff,41.855619963627184,-87.65508011146308,10,20.096918,23.120985,24.095457,15.958199
882664cf45fffff,41.855619963627184,-87.65508011146308,11,10.61627,16.491016,17.101173,9.657787
882664cf45fffff,41.855619963627184,-87.65508011146308,12,9.483268,12.807642,17.510601,9.461563
882664cf47fffff,41.84812497437885,-87.65033709482394,1,17.6957,21.327482,18.756628,16.69743
882664cf47fffff,41.84812497437885,-87.65033709482394,2,23.98646,24.681952,31.330795,25.676752
882664cf47fffff,41.84812497437885,-87.65033709482394,3,32.750282,30.96812,40.196423,37.08511
882664cf47fffff,41.84812497437885,-87.65033709482394,4,39.204266,48.416973,46.0666,42.189896
882664cf47fffff,41.84812497437885,-87.65033709482394,5,48.248253,71.39069,49.871063,46.975586
882664cf47fffff,41.84812497437885,-87.65033709482394,6,54.957012,71.787964,50.879208,47.32403
882664cf47fffff,41.84812497437885,-87.65033709482394,7,47.94147,68.665695,49.02812,42.30018
882664cf47fffff,41.84812497437885,-87.65033709482394,8,41.921772,53.881474,47.748226,42.29878
882664cf47fffff,41.84812497437885,-87.65033709482394,9,37.12877,45.90836,47.0055,38.61176
882664cf47fffff,41.84812497437885,-87.65033709482394,10,30.608147,32.570984,34.3355,26.24115
882664cf47fffff,41.84812497437885,-87.65033709482394,11,14.375929,18.885197,21.623072,16.785414
882664cf47fffff,41.84812497437885,-87.65033709482394,12,13.06196,15.963525,20.933134,15.97596
882664cf49fffff,41.86103484783733,-87.6369721138785,1,21.468102,23.855341,18.985537,17.52371
882664cf49fffff,41.86103484783733,-87.6369721138785,2,29.057924,25.02204,31.234083,24.730106
882664cf49fffff,41.86103484783733,-87.6369721138785,3,37.3625,30.327305,37.784344,32.270966
882664cf49fffff,41.86103484783733,-87.6369721138785,4,44.59982,48.135548,40.947586,34.950214
882664cf49fffff,41.86103484783733,-87.6369721138785,5,57.72558,74.63344,42.328194,37.534306
882664cf49fffff,41.86103484783733,-87.6369721138785,6,63.013107,72.748116,42.98625,38.939056
882664cf49fffff,41.86103484783733,-87.6369721138785,7,56.21139,71.966774,41.53233,35.05682
882664cf49fffff,41.86103484783733,-87.6369721138785,8,48.126625,51.2783,42.182316,35.212513
882664cf49fffff,41.86103484783733,-87.6369721138785,9,46.2921,43.414177,42.261913,32.398426
882664cf49fffff,41.86103484783733,-87.6369721138785,10,35.29558,33.235188,35.160526,26.525154
882664cf49fffff,41.86103484783733,-87.6369721138785,11,17.49221,20.94984,21.160732,16.741177
882664cf49fffff,41.86103484783733,-87.6369721138785,12,15.757191,17.904177,20.795662,16.462616
882664cf4bfffff,41.85353849062348,-87.63223126685261,1,20.173107,24.440645,15.997356,16.497246
882664cf4bfffff,41.85353849062348,-87.63223126685261,2,27.457663,27.177885,26.596628,24.25883
882664cf4bfffff,41.85353849062348,-87.63223126685261,3,35.14056,29.754185,33.307316,32.56434
882664cf4bfffff,41.85353849062348,-87.63223126685261,4,43.338593,35.379288,38.807564,35.188198
882664cf4bfffff,41.85353849062348,-87.63223126685261,5,47.393246,54.5916,41.131973,38.759544
882664cf4bfffff,41.85353849062348,-87.63223126685261,6,51.610443,51.879303,42.69648,38.71744
882664cf4bfffff,41.85353849062348,-87.63223126685261,7,47.345345,51.88143,39.071968,35.417747
882664cf4bfffff,41.85353849062348,-87.63223126685261,8,46.780228,40.736153,39.341057,33.81818
882664cf4bfffff,41.85353849062348,-87.63223126685261,9,45.70346,39.208523,38.04371,31.093712
882664cf4bfffff,41.85353849062348,-87.63223126685261,10,33.89052,34.578033,28.490032,22.908197
882664cf4bfffff,41.85353849062348,-87.63223126685261,11,16.719687,21.45721,18.239302,15.949662
882664cf4bfffff,41.85353849062348,-87.63223126685261,12,16.372103,19.438053,17.968126,15.606491
882664cf4dfffff,41.86207567062574,-87.64839826653063,1,12.714201,21.902357,18.291231,12.421524
882664cf4dfffff,41.86207567062574,-87.64839826653063,2,21.145124,25.124662,31.053509,21.985636
882664cf4dfffff,41.86207567062574,-87.64839826653063,3,32.056335,31.040344,37.769424,30.897654
882664cf4dfffff,41.86207567062574,-87.64839826653063,4,41.39522,39.0918,41.786854,35.44489
882664cf4dfffff,41.86207567062574,-87.64839826653063,5,47.29355,65.33214,45.714996,37.69698
882664cf4dfffff,41.86207567062574,-87.64839826653063,6,52.631523,63.617935,46.272102,37.854427
882664cf4dfffff,41.86207567062574,-87.64839826653063,7,46.36325,63.18885,43.726513,35.424
882664cf4dfffff,41.86207567062574,-87.64839826653063,8,43.856037,45.960903,41.219242,36.297447
882664cf4dfffff,41.86207567062574,-87.64839826653063,9,42.28121,39.22311,41.60349,31.860981
882664cf4dfffff,41.86207567062574,-87.64839826653063,10,27.425928,34.50192,32.37623,22.94699
882664cf4dfffff,41.86207567062574,-87.64839826653063,11,8.8883095,19.459063,20.333286,12.8306875
882664cf4dfffff,41.86207567062574,-87.64839826653063,12,7.4128923,15.994948,19.823322,12.228778
882664cf51fffff,41.83854695380878,-87.62275401947971,1,16.950499,16.209528,15.767679,15.792749
882664cf51fffff,41.83854695380878,-87.62275401947971,2,25.505384,20.548689,27.931776,23.454033
882664cf51fffff,41.83854695380878,-87.62275401947971,3,35.112076,26.495205,34.095413,31.97808
882664cf51fffff,41.83854695380878,-87.62275401947971,4,45.317394,40.78512,41.228416,37.355278
882664cf51fffff,41.83854695380878,-87.62275401947971,5,54.02438,65.295784,44.680225,41.078003
882664cf51fffff,41.83854695380878,-87.62275401947971,6,59.635067,63.38658,46.31386,42.07102
882664cf51fffff,41.83854695380878,-87.62275401947971,7,53.877724,65.058815,44.510365,39.127922
882664cf51fffff,41.83854695380878,-87.62275401947971,8,47.695385,46.523094,42.62694,39.033714
882664cf51fffff,41.83854695380878,-87.62275401947971,9,36.484,36.999104,41.509377,35.64676
882664cf51fffff,41.83854695380878,-87.62275401947971,10,26.186695,23.963472,30.20275,24.53892
882664cf51fffff,41.83854695380878,-87.62275401947971,11,16.260704,16.001286,19.107632,16.251623
882664cf51fffff,41.83854695380878,-87.62275401947971,12,15.127703,12.857328,18.836456,15.77689
882664cf53fffff,41.83105177498214,-87.61801761787224,1,15.310932,20.74563,14.911472,11.405774
882664cf53fffff,41.83105177498214,-87.61801761787224,2,21.803652,24.787718,23.657799,17.939117
882664cf53fffff,41.83105177498214,-87.61801761787224,3,33.228455,29.933874,29.332361,24.905197
882664cf53fffff,41.83105177498214,-87.61801761787224,4,39.675518,37.11081,33.374203,27.070822
882664cf53fffff,41.83105177498214,-87.61801761787224,5,42.697407,60.747242,37.961555,29.517923
882664cf53fffff,41.83105177498214,-87.61801761787224,6,47.80144,58.830288,37.88674,29.361403
882664cf53fffff,41.83105177498214,-87.61801761787224,7,42.42793,57.930477,35.835968,26.993397
882664cf53fffff,41.83105177498214,-87.61801761787224,8,41.161556,43.331856,32.83878,27.797974
882664cf53fffff,41.83105177498214,-87.61801761787224,9,42.32325,38.43898,33.534225,24.393507
882664cf53fffff,41.83105177498214,-87.61801761787224,10,27.772038,33.268665,24.617521,18.443085
882664cf53fffff,41.83105177498214,-87.61801761787224,11,11.434229,18.087507,16.69519,11.146305
882664cf53fffff,41.83105177498214,-87.61801761787224,12,10.744226,15.713355,16.106918,10.867741
882664cf55fffff,41.839589239315366,-87.63417469358326,1,15.763102,20.417904,17.547188,14.43532
882664cf55fffff,41.839589239315366,-87.63417469358326,2,21.923136,24.47303,29.006502,21.876389
882664cf55fffff,41.839589239315366,-87.63417469358326,3,28.106306,29.440203,35.54472,30.042852
882664cf55fffff,41.839589239315366,-87.63417469358326,4,43.743362,47.126823,40.253967,33.489727
882664cf55fffff,41.839589239315366,-87.63417469358326,5,52.746853,64.80926,45.28184,36.809566
882664cf55fffff,41.839589239315366,-87.63417469358326,6,58.84341,63.300785,45.807358,37.91728
882664cf55fffff,41.839589239315366,-87.63417469358326,7,52.93007,63.455845,44.788902,34.56965
882664cf55fffff,41.839589239315366,-87.63417469358326,8,48.453598,54.69643,42.0705,34.554493
882664cf55fffff,41.839589239315366,-87.63417469358326,9,41.471825,42.51467,43.01563,32.40447
882664cf55fffff,41.839589239315366,-87.63417469358326,10,28.95459,29.866404,31.642246,22.480307
882664cf55fffff,41.839589239315366,-87.63417469358326,11,12.57666,17.940865,20.372684,13.858914
882664cf55fffff,41.839589239315366,-87.63417469358326,12,11.530352,14.064833,19.584381,13.328203
882664cf57fffff,41.83209454732844,-87.62943646664728,1,13.608138,14.621632,14.141302,12.966917
882664cf57fffff,41.83209454732844,-87.62943646664728,2,22.297356,19.686642,24.775108,18.77032
882664cf57fffff,41.83209454732844,-87.62943646664728,3,30.39241,20.274979,27.679554,26.852503
882664cf57fffff,41.83209454732844,-87.62943646664728,4,37.428772,22.524097,30.544487,30.211588
882664cf57fffff,41.83209454732844,-87.62943646664728,5,45.845463,43.798016,34.160526,32.90074
882664cf57fffff,41.83209454732844,-87.62943646664728,6,47.57306,42.366474,36.944736,34.17486
882664cf57fffff,41.83209454732844,-87.62943646664728,7,44.60293,43.555576,33.792553,31.348167
882664cf57fffff,41.83209454732844,-87.62943646664728,8,37.214687,28.334743,32.192097,31.863327
882664cf57fffff,41.83209454732844,-87.62943646664728,9,34.7217,27.046106,30.569315,26.31869
882664cf57fffff,41.83209454732844,-87.62943646664728,10,24.960903,25.046429,28.220465,21.129421
882664cf57fffff,41.83209454732844,-87.62943646664728,11,10.768977,13.35186,17.590328,12.955116
882664cf57fffff,41.83209454732844,-87.62943646664728,12,10.483139,10.498133,17.120655,12.3378
882664cf59fffff,41.84499957954885,-87.61606959614937,1,19.342175,19.561852,16.03632,16.669115
882664cf59fffff,41.84499957954885,-87.61606959614937,2,27.259817,24.549894,26.14085,23.905962
882664cf59fffff,41.84499957954885,-87.61606959614937,3,36.378452,30.150494,33.624653,34.394726
882664cf59fffff,41.84499957954885,-87.61606959614937,4,44.148483,48.80999,38.4529,39.348335
882664cf59fffff,41.84499957954885,-87.61606959614937,5,46.56626,68.84903,39.20443,40.302803
882664cf59fffff,41.84499957954885,-87.61606959614937,6,50.250862,66.60313,40.99193,40.089005
882664cf59fffff,41.84499957954885,-87.61606959614937,7,45.188274,66.50542,38.825096,38.12058
882664cf59fffff,41.84499957954885,-87.61606959614937,8,48.64713,53.081047,37.29218,39.27233
882664cf59fffff,41.84499957954885,-87.61606959614937,9,41.60142,41.27395,37.8512,33.750904
882664cf59fffff,41.84499957954885,-87.61606959614937,10,33.961884,31.69855,27.182156,25.195557
882664cf59fffff,41.84499957954885,-87.61606959614937,11,16.108437,17.22705,19.200539,17.560795
882664cf59fffff,41.84499957954885,-87.61606959614937,12,15.5882,14.922207,18.759304,16.769913
882664cf5bfffff,41.83750352074488,-87.61133353943681,1,16.277334,15.663913,9.761763,12.954423
882664cf5bfffff,41.83750352074488,-87.61133353943681,2,22.275515,20.313684,21.703072,20.096758
882664cf5bfffff,41.83750352074488,-87.61133353943681,3,31.187073,24.242601,26.6545,30.246979
882664cf5bfffff,41.83750352074488,-87.61133353943681,4,35.79113,37.40763,31.94433,36.143154
882664cf5bfffff,41.83750352074488,-87.61133353943681,5,42.10609,57.891228,34.4381,37.24503
882664cf5bfffff,41.83750352074488,-87.61133353943681,6,47.39096,57.466896,35.430138,37.14872
882664cf5bfffff,41.83750352074488,-87.61133353943681,7,41.653835,57.195896,34.469757,36.149944
882664cf5bfffff,41.83750352074488,-87.61133353943681,8,40.69663,43.054497,34.35306,36.826874
882664cf5bfffff,41.83750352074488,-87.61133353943681,9,38.16008,35.118683,33.93321,32.33178
882664cf5bfffff,41.83750352074488,-87.61133353943681,10,26.811056,27.286604,26.023094,22.394526
882664cf5bfffff,41.83750352074488,-87.61133353943681,11,12.911324,12.17256,13.826469,14.058467
882664cf5bfffff,41.83750352074488,-87.61133353943681,12,12.466953,10.752004,13.904524,13.583731
882664cf5dfffff,41.84604252581822,-87.62749190226315,1,15.000854,24.279331,13.22293,15.84834
882664cf5dfffff,41.84604252581822,-87.62749190226315,2,21.485746,27.113876,22.015398,20.14884
882664cf5dfffff,41.84604252581822,-87.62749190226315,3,26.361591,31.100815,27.233013,27.093939
882664cf5dfffff,41.84604252581822,-87.62749190226315,4,33.937572,38.913864,31.217562,29.030882
882664cf5dfffff,41.84604252581822,-87.62749190226315,5,41.54859,54.997673,35.39376,32.864117
882664cf5dfffff,41.84604252581822,-87.62749190226315,6,47.331985,52.370094,36.310463,33.412106
882664cf5dfffff,41.84604252581822,-87.62749190226315,7,41.918556,52.86653,34.125656,29.935108
882664cf5dfffff,41.84604252581822,-87.62749190226315,8,38.565712,45.97236,30.494377,27.861338
882664cf5dfffff,41.84604252581822,-87.62749190226315,9,38.915783,44.618477,31.444773,26.219618
882664cf5dfffff,41.84604252581822,-87.62749190226315,10,25.233282,32.529842,23.71237,19.819675
882664cf5dfffff,41.84604252581822,-87.62749190226315,11,9.977266,21.169786,15.337876,15.204061
882664cf5dfffff,41.84604252581822,-87.62749190226315,12,9.897334,18.051088,15.523895,15.023062
882664cf61fffff,41.85020283049403,-87.67318305514154,1,9.135559,10.746464,12.06597,10.986214
882664cf61fffff,41.85020283049403,-87.67318305514154,2,16.668972,14.720458,20.056826,16.725004
882664cf61fffff,41.85020283049403,-87.67318305514154,3,23.260118,16.285458,24.694435,22.302292
882664cf61fffff,41.85020283049403,-87.67318305514154,4,38.67504,30.580097,28.853048,25.337708
882664cf61fffff,41.85020283049403,-87.67318305514154,5,48.419792,39.857826,35.66564,29.04427
882664cf61fffff,41.85020283049403,-87.67318305514154,6,51.695065,37.894855,37.45907,29.53167
882664cf61fffff,41.85020283049403,-87.67318305514154,7,48.48136,38.855545,36.32329,27.721325
882664cf61fffff,41.85020283049403,-87.67318305514154,8,45.295567,36.040276,32.17044,27.152103
882664cf61fffff,41.85020283049403,-87.67318305514154,9,31.034195,19.63794,31.524994,22.414621
882664cf61fffff,41.85020283049403,-87.67318305514154,10,21.831036,17.301226,24.7477,18.89846
882664cf61fffff,41.85020283049403,-87.67318305514154,11,8.289478,9.780992,16.331877,11.724849
882664cf61fffff,41.85020283049403,-87.67318305514154,12,8.036896,7.718762,15.691677,11.009483
882664cf63fffff,41.84270920977758,-87.66843787123139,1,8.183511,12.275399,8.187028,9.219821
882664cf63fffff,41.84270920977758,-87.66843787123139,2,13.266625,15.155937,15.535423,14.71159
882664cf63fffff,41.84270920977758,-87.66843787123139,3,17.666622,20.917578,18.37776,19.78588
882664cf63fffff,41.84270920977758,-87.66843787123139,4,19.077682,24.098352,23.151278,24.525057
882664cf63fffff,41.84270920977758,-87.66843787123139,5,30.020145,33.56874,25.193605,25.36231
882664cf63fffff,41.84270920977758,-87.66843787123139,6,32.811554,30.948952,27.679548,25.669395
882664cf63fffff,41.84270920977758,-87.66843787123139,7,29.690344,32.79169,26.230473,23.91836
882664cf63fffff,41.84270920977758,-87.66843787123139,8,21.929241,27.02048,24.845047,25.137693
882664cf63fffff,41.84270920977758,-87.66843787123139,9,20.430166,20.089016,22.904108,20.88034
882664cf63fffff,41.84270920977758,-87.66843787123139,10,13.950732,17.053732,18.19824,15.224014
882664cf63fffff,41.84270920977758,-87.66843787123139,11,6.9008694,11.357318,12.415216,8.52726
882664cf63fffff,41.84270920977758,-87.66843787123139,12,6.7829294,10.719401,12.295511,8.08388
882664cf65fffff,41.851240036207706,-87.68460632095099,1,13.400722,17.192524,13.17169,12.175742
882664cf65fffff,41.851240036207706,-87.68460632095099,2,18.403093,18.74723,22.99179,17.34476
882664cf65fffff,41.851240036207706,-87.68460632095099,3,20.719683,20.967768,26.57138,24.046516
882664cf65fffff,41.851240036207706,-87.68460632095099,4,32.228558,30.494923,30.943121,28.60085
882664cf65fffff,41.851240036207706,-87.68460632095099,5,43.769447,45.41209,36.674606,29.658325
882664cf65fffff,41.851240036207706,-87.68460632095099,6,45.848034,43.316,39.211132,30.684423
882664cf65fffff,41.851240036207706,-87.68460632095099,7,43.67805,45.94998,36.836456,27.98765
882664cf65fffff,41.851240036207706,-87.68460632095099,8,38.092396,38.89839,31.248432,29.735596
882664cf65fffff,41.851240036207706,-87.68460632095099,9,24.50426,24.627747,28.822262,23.854473
882664cf65fffff,41.851240036207706,-87.68460632095099,10,19.856537,22.097073,26.233728,19.414488
882664cf65fffff,41.851240036207706,-87.68460632095099,11,12.66611,16.63479,17.248972,12.160239
882664cf65fffff,41.851240036207706,-87.68460632095099,12,12.81285,13.482586,16.71982,11.542925
882664cf67fffff,41.843746904342645,-87.6798593125506,1,10.549772,14.98969,18.053349,13.210157
882664cf67fffff,41.843746904342645,-87.6798593125506,2,16.343685,18.544771,28.778406,21.577095
882664cf67fffff,41.843746904342645,-87.6798593125506,3,23.624746,23.054924,34.248764,28.66344
882664cf67fffff,41.843746904342645,-87.6798593125506,4,33.593136,36.262356,37.40558,31.458792
882664cf67fffff,41.843746904342645,-87.6798593125506,5,41.568283,51.873775,43.57553,36.04633
882664cf67fffff,41.843746904342645,-87.6798593125506,6,44.6964,49.950993,45.328323,36.58655
882664cf67fffff,41.843746904342645,-87.6798593125506,7,38.78085,51.75452,43.70756,35.064518
882664cf67fffff,41.843746904342645,-87.6798593125506,8,38.816875,41.652763,39.683502,32.7658
882664cf67fffff,41.843746904342645,-87.6798593125506,9,27.556509,27.54703,39.986893,30.540182
882664cf67fffff,41.843746904342645,-87.6798593125506,10,20.252934,22.650604,31.88812,23.522924
882664cf67fffff,41.843746904342645,-87.6798593125506,11,9.864826,15.0938015,21.198938,14.645876
882664cf67fffff,41.843746904342645,-87.6798593125506,12,8.898596,12.610288,20.514055,14.043966
882664cf69fffff,41.85665897738021,-87.66650482165424,1,10.281589,17.822866,15.406043,14.152305
882664cf69fffff,41.85665897738021,-87.66650482165424,2,20.556463,22.594664,27.741863,21.362497
882664cf69fffff,41.85665897738021,-87.66650482165424,3,28.18934,27.12707,32.07417,28.864264
882664cf69fffff,41.85665897738021,-87.66650482165424,4,40.53979,30.728094,37.312164,30.788832
882664cf69fffff,41.85665897738021,-87.66650482165424,5,51.127285,56.113678,43.01961,35.47912
882664cf69fffff,41.85665897738021,-87.66650482165424,6,52.883102,53.90883,45.659485,36.554966
882664cf69fffff,41.85665897738021,-87.66650482165424,7,49.175896,55.023373,42.245827,33.7964
882664cf69fffff,41.85665897738021,-87.66650482165424,8,41.602135,37.238407,38.993828,31.706972
882664cf69fffff,41.85665897738021,-87.66650482165424,9,28.745226,34.639694,36.06239,28.225735
882664cf69fffff,41.85665897738021,-87.66650482165424,10,19.851482,26.234903,31.03853,22.393192
882664cf69fffff,41.85665897738021,-87.66650482165424,11,9.85403,17.60939,18.43481,13.595288
882664cf69fffff,41.85665897738021,-87.66650482165424,12,9.639957,14.829962,17.818085,12.977974
882664cf6bfffff,41.84916447652756,-87.66175997946475,1,20.549812,16.10834,17.601198,13.775677
882664cf6bfffff,41.84916447652756,-87.66175997946475,2,28.157345,19.890774,26.940722,22.239641
882664cf6bfffff,41.84916447652756,-87.66175997946475,3,40.168137,28.03174,34.28237,30.485016
882664cf6bfffff,41.84916447652756,-87.66175997946475,4,46.02787,41.342022,41.26785,35.81201
882664cf6bfffff,41.84916447652756,-87.66175997946475,5,51.952366,66.012634,43.40828,36.654156
882664cf6bfffff,41.84916447652756,-87.66175997946475,6,57.19695,63.982685,44.29258,38.023304
882664cf6bfffff,41.84916447652756,-87.66175997946475,7,51.190536,64.09938,42.585354,34.684444
882664cf6bfffff,41.84916447652756,-87.66175997946475,8,49.228252,45.77348,42.026768,39.280525
882664cf6bfffff,41.84916447652756,-87.66175997946475,9,39.096146,36.263596,41.34746,34.71866
882664cf6bfffff,41.84916447652756,-87.66175997946475,10,31.206509,25.074938,29.791212,25.369137
882664cf6bfffff,41.84916447652756,-87.66175997946475,11,19.14932,16.181763,20.791773,13.718909
882664cf6bfffff,41.84916447652756,-87.66175997946475,12,17.822287,13.772433,20.217222,13.239161
882664cf6dfffff,41.857696842539696,-87.67792972256446,1,11.955065,13.744669,17.46105,11.323696
882664cf6dfffff,41.857696842539696,-87.67792972256446,2,17.853497,17.998106,24.490341,18.635963
882664cf6dfffff,41.857696842539696,-87.67792972256446,3,27.103277,23.17197,29.654379,25.855833
882664cf6dfffff,41.857696842539696,-87.67792972256446,4,34.117744,32.769047,33.58001,30.443848
882664cf6dfffff,41.857696842539696,-87.67792972256446,5,39.006374,51.372643,37.59866,31.869839
882664cf6dfffff,41.857696842539696,-87.67792972256446,6,44.6607,52.351128,39.76183,32.145233
882664cf6dfffff,41.857696842539696,-87.67792972256446,7,37.37911,49.51303,37.237396,29.915445
882664cf6dfffff,41.857696842539696,-87.67792972256446,8,37.550747,36.133377,35.23553,31.55076
882664cf6dfffff,41.857696842539696,-87.67792972256446,9,23.938541,24.486023,34.467117,25.687284
882664cf6dfffff,41.857696842539696,-87.67792972256446,10,19.60455,21.969334,27.363314,19.8813
882664cf6dfffff,41.857696842539696,-87.67792972256446,11,10.01951,13.725267,19.761421,12.3178625
882664cf6dfffff,41.857696842539696,-87.67792972256446,12,9.499275,11.400152,19.933525,12.1270685
882664d813fffff,42.01337849154937,-87.67955322700874,1,19.819838,27.091528,16.044626,18.645409
882664d813fffff,42.01337849154937,-87.67955322700874,2,25.315817,27.038694,27.546612,23.887875
882664d813fffff,42.01337849154937,-87.67955322700874,3,29.248356,29.528625,34.09875,29.682487
882664d813fffff,42.01337849154937,-87.67955322700874,4,33.459126,48.953934,38.94558,32.427967
882664d813fffff,42.01337849154937,-87.67955322700874,5,45.94618,65.0255,41.778545,37.544544
882664d813fffff,42.01337849154937,-87.67955322700874,6,51.960896,63.311966,42.311653,38.631264
882664d813fffff,42.01337849154937,-87.67955322700874,7,46.18033,61.569897,39.55633,33.762928
882664d813fffff,42.01337849154937,-87.67955322700874,8,40.45218,51.8301,39.195522,30.822294
882664d813fffff,42.01337849154937,-87.67955322700874,9,42.354103,46.901066,39.25769,28.935167
882664d813fffff,42.01337849154937,-87.67955322700874,10,31.352463,34.175526,30.537699,24.251583
882664d813fffff,42.01337849154937,-87.67955322700874,11,16.353893,23.637043,17.962711,17.09162
882664d813fffff,42.01337849154937,-87.67955322700874,12,15.080561,19.711636,17.529903,16.903776
882664d817fffff,42.01441476925675,-87.69101689611988,1,14.238363,19.998144,14.649288,12.294934
882664d817fffff,42.01441476925675,-87.69101689611988,2,18.905396,21.328312,24.49668,20.567411
882664d817fffff,42.01441476925675,-87.69101689611988,3,20.774818,23.250834,28.585627,27.877413
882664d817fffff,42.01441476925675,-87.69101689611988,4,29.683195,29.17314,30.780613,32.017628
882664d817fffff,42.01441476925675,-87.69101689611988,5,35.390392,44.21598,33.84226,33.577587
882664d817fffff,42.01441476925675,-87.69101689611988,6,40.042084,43.382717,34.611496,33.05423
882664d817fffff,42.01441476925675,-87.69101689611988,7,35.04818,44.70708,32.647938,31.038395
882664d817fffff,42.01441476925675,-87.69101689611988,8,34.837265,35.987797,30.985981,31.279303
882664d817fffff,42.01441476925675,-87.69101689611988,9,29.175264,29.421463,31.357414,27.257317
882664d817fffff,42.01441476925675,-87.69101689611988,10,21.891722,23.597214,26.598719,21.095842
882664d817fffff,42.01441476925675,-87.69101689611988,11,13.58971,18.725454,16.894714,12.770514
882664d817fffff,42.01441476925675,-87.69101689611988,12,13.509775,15.556391,16.603996,12.356483
882664d81bfffff,42.019848916083696,-87.67285234670189,1,8.378098,20.135828,12.645418,10.237332
882664d81bfffff,42.019848916083696,-87.67285234670189,2,13.789364,23.224485,22.159779,13.862573
882664d81bfffff,42.019848916083696,-87.67285234670189,3,18.786978,25.424246,26.09353,21.28165
882664d81bfffff,42.019848916083696,-87.67285234670189,4,26.226763,36.928154,29.0881,22.993967
882664d81bfffff,42.019848916083696,-87.67285234670189,5,35.62213,49.105434,34.513157,26.279072
882664d81bfffff,42.019848916083696,-87.67285234670189,6,39.894108,47.404488,35.60741,26.538933
882664d81bfffff,42.019848916083696,-87.67285234670189,7,35.054928,47.365906,33.114426,23.938478
882664d81bfffff,42.019848916083696,-87.67285234670189,8,31.581347,42.941082,28.051846,24.373053
882664d81bfffff,42.019848916083696,-87.67285234670189,9,28.084219,33.226738,27.881065,19.910576
882664d81bfffff,42.019848916083696,-87.67285234670189,10,20.44316,28.226803,22.97631,15.8838005
882664d81bfffff,42.019848916083696,-87.67285234670189,11,5.318843,17.314402,14.933515,10.124809
882664d81bfffff,42.019848916083696,-87.67285234670189,12,5.0662603,14.415262,14.96312,9.94381
882664d833fffff,42.0089783550149,-87.70917635138925,1,15.059243,18.904232,10.398305,13.2161
882664d833fffff,42.0089783550149,-87.70917635138925,2,22.161673,22.92732,21.419294,20.153522
882664d833fffff,42.0089783550149,-87.70917635138925,3,29.91327,28.218264,25.69921,29.327656
882664d833fffff,42.0089783550149,-87.70917635138925,4,40.152836,44.146965,27.531834,34.19166
882664d833fffff,42.0089783550149,-87.70917635138925,5,46.165863,65.986946,28.670584,34.52603
882664d833fffff,42.0089783550149,-87.70917635138925,6,50.742302,64.52517,29.601011,33.971146
882664d833fffff,42.0089783550149,-87.70917635138925,7,44.76196,65.542755,28.686563,32.6433
882664d833fffff,42.0089783550149,-87.70917635138925,8,42.934513,48.67803,28.123856,33.45116
882664d833fffff,42.0089783550149,-87.70917635138925,9,27.146265,33.741886,28.135641,27.532652
882664d833fffff,42.0089783550149,-87.70917635138925,10,23.400103,26.382744,24.843443,21.35763
882664d833fffff,42.0089783550149,-87.70917635138925,11,13.629005,18.098665,14.742802,13.541188
882664d833fffff,42.0089783550149,-87.70917635138925,12,13.20965,15.13589,14.361082,12.884003
882664d83bfffff,42.01544988978853,-87.70248075528707,1,13.770643,14.923265,15.609569,13.367691
882664d83bfffff,42.01544988978853,-87.70248075528707,2,22.711004,18.493618,26.224714,21.572763
882664d83bfffff,42.01544988978853,-87.70248075528707,3,31.207556,26.256409,32.874393,30.877132
882664d83bfffff,42.01544988978853,-87.70248075528707,4,45.938602,31.126556,38.782814,37.089893
882664d83bfffff,42.01544988978853,-87.70248075528707,5,48.96658,58.085518,42.10087,38.20702
882664d83bfffff,42.01544988978853,-87.70248075528707,6,55.2596,56.088604,42.92799,39.956352
882664d83bfffff,42.01544988978853,-87.70248075528707,7,49.674763,57.1227,41.050026,37.38891
882664d83bfffff,42.01544988978853,-87.70248075528707,8,48.632023,37.52002,38.997395,37.478413
882664d83bfffff,42.01544988978853,-87.70248075528707,9,37.972073,30.967327,39.014473,33.7424
882664d83bfffff,42.01544988978853,-87.70248075528707,10,25.606743,25.428099,28.475029,24.063837
882664d83bfffff,42.01544988978853,-87.70248075528707,11,12.637524,14.886872,18.346518,15.168667
882664d83bfffff,42.01544988978853,-87.70248075528707,12,11.323559,11.434281,18.117804,14.622732
882664d881fffff,41.98439113902085,-87.67196674271138,1,11.211905,19.229877,14.511752,13.671018
882664d881fffff,41.98439113902085,-87.67196674271138,2,18.03475,23.254166,22.220688,20.238914
882664d881fffff,41.98439113902085,-87.67196674271138,3,23.618105,25.447142,28.977697,27.830397
882664d881fffff,41.98439113902085,-87.67196674271138,4,40.91389,40.29872,34.380592,30.702856
882664d881fffff,41.98439113902085,-87.67196674271138,5,52.524586,54.261402,40.1382,34.47944
882664d881fffff,41.98439113902085,-87.67196674271138,6,55.700943,52.31382,41.533398,34.702827
882664d881fffff,41.98439113902085,-87.67196674271138,7,50.10626,53.54398,39.142258,32.389297
882664d881fffff,41.98439113902085,-87.67196674271138,8,43.08669,46.816635,34.41728,31.266552
882664d881fffff,41.98439113902085,-87.67196674271138,9,44.26927,34.01865,34.982162,30.06553
882664d881fffff,41.98439113902085,-87.67196674271138,10,22.048594,27.85384,24.990374,21.734621
882664d881fffff,41.98439113902085,-87.67196674271138,11,8.4093685,17.40378,18.149113,13.311708
882664d881fffff,41.98439113902085,-87.67196674271138,12,7.443139,13.750981,17.580421,12.836972
882664d883fffff,41.97688619767626,-87.66720793625178,1,11.578495,17.95382,15.116868,14.59782
882664d883fffff,41.97688619767626,-87.66720793625178,2,18.172985,19.512617,26.56963,20.613628
882664d883fffff,41.97688619767626,-87.66720793625178,3,23.089905,26.567043,33.092632,26.841236
882664d883fffff,41.97688619767626,-87.66720793625178,4,33.954613,44.35454,39.235977,29.854002
882664d883fffff,41.97688619767626,-87.66720793625178,5,43.164864,62.00681,44.699642,33.805748
882664d883fffff,41.97688619767626,-87.66720793625178,6,48.323055,60.511806,44.99381,34.538628
882664d883fffff,41.97688619767626,-87.66720793625178,7,43.419132,62.128967,43.43154,31.230745
882664d883fffff,41.97688619767626,-87.66720793625178,8,36.499474,52.025013,38.805855,31.046118
882664d883fffff,41.97688619767626,-87.66720793625178,9,22.714048,34.142048,37.424736,27.0884
882664d883fffff,41.97688619767626,-87.66720793625178,10,19.043987,23.17102,27.140455,20.522638
882664d883fffff,41.97688619767626,-87.66720793625178,11,10.466326,18.640316,17.5083,13.062905
882664d883fffff,41.97688619767626,-87.66720793625178,12,10.285511,16.232885,16.821651,12.622919
882664d885fffff,41.98542823340278,-87.68342325691924,1,13.376386,12.931123,16.223528,13.813336
882664d885fffff,41.98542823340278,-87.68342325691924,2,19.90224,15.722698,19.905882,19.451994
882664d885fffff,41.98542823340278,-87.68342325691924,3,29.898346,21.547739,24.682657,23.224186
882664d885fffff,41.98542823340278,-87.68342325691924,4,29.321108,40.526844,28.614305,24.663157
882664d885fffff,41.98542823340278,-87.68342325691924,5,55.566227,66.73803,32.600792,28.812216
882664d885fffff,41.98542823340278,-87.68342325691924,6,59.16008,66.127884,33.37836,32.25212
882664d885fffff,41.98542823340278,-87.68342325691924,7,52.01274,65.37584,32.065983,27.534214
882664d885fffff,41.98542823340278,-87.68342325691924,8,34.058266,44.848206,31.026676,26.039196
882664d885fffff,41.98542823340278,-87.68342325691924,9,24.53287,22.350918,29.027805,25.107695
882664d885fffff,41.98542823340278,-87.68342325691924,10,24.033163,21.613352,24.772398,21.99753
882664d885fffff,41.98542823340278,-87.68342325691924,11,12.1099615,13.225569,18.662054,13.816168
882664d885fffff,41.98542823340278,-87.68342325691924,12,10.784047,9.673342,18.567137,13.75787
882664d887fffff,41.9779237845986,-87.678662615294,1,12.11346,13.648542,12.202261,13.914451
882664d887fffff,41.9779237845986,-87.678662615294,2,17.08964,16.273504,23.651613,22.44655
882664d887fffff,41.9779237845986,-87.678662615294,3,20.292213,20.087,30.61657,29.578625
882664d887fffff,41.9779237845986,-87.678662615294,4,31.626692,29.783594,39.014168,35.996967
882664d887fffff,41.9779237845986,-87.678662615294,5,40.22741,47.875153,43.583225,40.603848
882664d887fffff,41.9779237845986,-87.678662615294,6,44.029198,44.90238,45.33549,42.013317
882664d887fffff,41.9779237845986,-87.678662615294,7,41.154068,46.833347,43.655697,38.62248
882664d887fffff,41.9779237845986,-87.678662615294,8,36.010544,34.520668,40.43532,37.608875
882664d887fffff,41.9779237845986,-87.678662615294,9,25.133627,26.774014,39.73558,34.09113
882664d887fffff,41.9779237845986,-87.678662615294,10,19.673512,18.103731,26.262386,24.404726
882664d887fffff,41.9779237845986,-87.678662615294,11,11.47313,11.883471,15.983736,14.55704
882664d887fffff,41.9779237845986,-87.678662615294,12,10.834457,9.618667,15.767317,13.9418545
882664d889fffff,41.990858709834136,-87.66526888250696,1,12.753619,16.443653,13.943607,14.720611
882664d889fffff,41.990858709834136,-87.66526888250696,2,20.732004,21.945211,25.60831,21.874594
882664d889fffff,41.990858709834136,-87.66526888250696,3,28.8517,30.804453,29.792664,32.276745
882664d889fffff,41.990858709834136,-87.66526888250696,4,35.253017,44.70895,36.31573,38.836296
882664d889fffff,41.990858709834136,-87.66526888250696,5,44.75587,62.761086,40.289185,40.02582
882664d889fffff,41.990858709834136,-87.66526888250696,6,48.60955,63.71568,42.135685,41.04601
882664d889fffff,41.990858709834136,-87.66526888250696,7,43.833866,63.392685,39.767677,38.703373
882664d889fffff,41.990858709834136,-87.66526888250696,8,39.743263,52.665337,38.360912,41.385487
882664d889fffff,41.990858709834136,-87.66526888250696,9,24.34802,39.91537,34.696342,34.704037
882664d889fffff,41.990858709834136,-87.66526888250696,10,21.556623,26.455475,29.434855,25.498484
882664d889fffff,41.990858709834136,-87.66526888250696,11,11.456783,16.335356,17.22919,15.40375
882664d889fffff,41.990858709834136,-87.66526888250696,12,11.109195,14.269143,16.971748,14.89326
882664d88bfffff,41.983352889117015,-87.660510419842,1,6.4898367,13.573958,16.501266,12.873521
882664d88bfffff,41.983352889117015,-87.660510419842,2,12.6797085,15.082758,25.201168,20.35921
882664d88bfffff,41.983352889117015,-87.660510419842,3,17.330673,18.802286,29.58756,25.535738
882664d88bfffff,41.983352889117015,-87.660510419842,4,31.675787,38.872448,34.257732,29.744564
882664d88bfffff,41.983352889117015,-87.660510419842,5,43.954235,53.432606,40.180717,33.97992
882664d88bfffff,41.983352889117015,-87.660510419842,6,46.44265,51.872467,42.21698,33.963627
882664d88bfffff,41.983352889117015,-87.660510419842,7,41.192856,53.098763,39.3935,32.28072
882664d88bfffff,41.983352889117015,-87.660510419842,8,35.288647,45.054024,34.642563,30.837166
882664d88bfffff,41.983352889117015,-87.660510419842,9,20.525898,25.711561,32.60432,26.180323
882664d88bfffff,41.983352889117015,-87.660510419842,10,15.068552,18.913008,26.211918,21.641222
882664d88bfffff,41.983352889117015,-87.660510419842,11,5.552582,13.517833,18.806385,13.570433
882664d88bfffff,41.983352889117015,-87.660510419842,12,5.371765,11.574445,18.728008,13.115221
882664d88dfffff,41.99189646724214,-87.6767270412917,1,10.141923,10.939872,13.775156,9.013795
882664d88dfffff,41.99189646724214,-87.6767270412917,2,17.374128,15.753976,19.991053,15.144151
882664d88dfffff,41.99189646724214,-87.6767270412917,3,23.675936,19.357544,24.08761,21.589226
882664d88dfffff,41.99189646724214,-87.6767270412917,4,36.60859,34.093403,28.162243,26.160164
882664d88dfffff,41.99189646724214,-87.6767270412917,5,50.353992,44.69382,34.399433,29.009306
882664d88dfffff,41.99189646724214,-87.6767270412917,6,53.431988,43.297897,35.432484,30.202848
882664d88dfffff,41.99189646724214,-87.6767270412917,7,47.72421,43.704712,34.27184,26.997528
882664d88dfffff,41.99189646724214,-87.6767270412917,8,41.36662,37.860916,30.741571,26.791618
882664d88dfffff,41.99189646724214,-87.6767270412917,9,31.774212,23.59811,32.37439,24.104841
882664d88dfffff,41.99189646724214,-87.6767270412917,10,22.074926,15.002062,23.681969,16.562775
882664d88dfffff,41.99189646724214,-87.6767270412917,11,8.901742,9.54929,16.929874,8.978316
882664d88dfffff,41.99189646724214,-87.6767270412917,12,8.477048,6.773465,16.439777,8.451403
882664d891fffff,41.96834240980933,-87.65099796894859,1,16.48428,17.530912,16.801998,12.820026
882664d891fffff,41.96834240980933,-87.65099796894859,2,24.393494,20.272133,25.338419,20.094671
882664d891fffff,41.96834240980933,-87.65099796894859,3,31.646482,23.10206,29.623543,27.456135
882664d891fffff,41.96834240980933,-87.65099796894859,4,32.89495,26.428564,32.281536,29.32183
882664d891fffff,41.96834240980933,-87.65099796894859,5,34.17769,46.5841,35.05589,30.367964
882664d891fffff,41.96834240980933,-87.65099796894859,6,38.951633,45.877254,37.01812,31.09979
882664d891fffff,41.96834240980933,-87.65099796894859,7,32.814865,45.71311,34.641983,29.080246
882664d891fffff,41.96834240980933,-87.65099796894859,8,34.654335,32.772663,33.709087,30.202871
882664d891fffff,41.96834240980933,-87.65099796894859,9,38.129353,29.477764,32.53977,26.01471
882664d891fffff,41.96834240980933,-87.65099796894859,10,30.460814,28.237162,28.214346,21.70792
882664d891fffff,41.96834240980933,-87.65099796894859,11,11.440535,14.58813,19.290688,14.172741
882664d891fffff,41.96834240980933,-87.65099796894859,12,11.012867,11.931456,19.543339,13.976519
882664d893fffff,41.96083775199951,-87.6462439794489,1,16.494944,21.000725,15.403104,13.411017
882664d893fffff,41.96083775199951,-87.6462439794489,2,23.272343,23.295364,27.448519,21.20939
882664d893fffff,41.96083775199951,-87.6462439794489,3,31.789211,28.025736,33.235027,30.351284
882664d893fffff,41.96083775199951,-87.6462439794489,4,41.388134,36.67933,38.651848,34.584003
882664d893fffff,41.96083775199951,-87.6462439794489,5,46.47895,59.50122,42.44142,36.910316
882664d893fffff,41.96083775199951,-87.6462439794489,6,51.33278,57.72198,43.52614,37.266586
882664d893fffff,41.96083775199951,-87.6462439794489,7,44.52756,58.41241,40.206142,34.285828
882664d893fffff,41.96083775199951,-87.6462439794489,8,42.284294,41.089626,38.72322,33.77565
882664d893fffff,41.96083775199951,-87.6462439794489,9,34.620758,38.779594,38.222958,30.553701
882664d893fffff,41.96083775199951,-87.6462439794489,10,27.024942,26.968805,30.144232,22.134676
882664d893fffff,41.96083775199951,-87.6462439794489,11,15.417051,19.938768,17.674397,13.141865
882664d893fffff,41.96083775199951,-87.6462439794489,12,14.190893,16.431301,17.393059,12.889758
882664d895fffff,41.96938164359897,-87.66245062127706,1,12.566654,20.303286,12.214751,10.727495
882664d895fffff,41.96938164359897,-87.66245062127706,2,19.369755,22.179913,21.056955,16.707012
882664d895fffff,41.96938164359897,-87.66245062127706,3,27.796427,24.61441,24.88178,24.269714
882664d895fffff,41.96938164359897,-87.66245062127706,4,32.932293,26.829493,27.041746,24.939268
882664d895fffff,41.96938164359897,-87.66245062127706,5,33.075645,48.5926,29.488245,27.429062
882664d895fffff,41.96938164359897,-87.66245062127706,6,38.900105,47.032078,30.151194,28.007431
882664d895fffff,41.96938164359897,-87.66245062127706,7,32.14536,46.617535,27.113337,24.858213
882664d895fffff,41.96938164359897,-87.66245062127706,8,33.421295,31.812195,27.450752,23.369236
882664d895fffff,41.96938164359897,-87.66245062127706,9,32.172768,35.0277,26.858011,20.548729
882664d895fffff,41.96938164359897,-87.66245062127706,10,26.074192,30.88753,23.275421,16.623892
882664d895fffff,41.96938164359897,-87.66245062127706,11,8.372023,17.238388,13.268779,11.095895
882664d895fffff,41.96938164359897,-87.66245062127706,12,7.9312754,14.72449,13.64443,10.974677
882664d897fffff,41.96187747717941,-87.6576947971517,1,16.42766,19.844387,14.408652,14.853508
882664d897fffff,41.96187747717941,-87.6576947971517,2,23.86404,22.444849,24.056099,20.480768
882664d897fffff,41.96187747717941,-87.6576947971517,3,31.949104,28.444262,28.074677,28.256422
882664d897fffff,41.96187747717941,-87.6576947971517,4,36.862503,33.501503,32.105,31.154728
882664d897fffff,41.96187747717941,-87.6576947971517,5,48.05509,55.045296,37.984,35.64602
882664d897fffff,41.96187747717941,-87.6576947971517,6,54.082012,52.58971,38.810654,36.3012
882664d897fffff,41.96187747717941,-87.6576947971517,7,47.647144,54.004986,35.188652,32.953823
882664d897fffff,41.96187747717941,-87.6576947971517,8,40.145706,39.43569,31.154715,31.135899
882664d897fffff,41.96187747717941,-87.6576947971517,9,27.903734,33.372383,30.239195,28.00329
882664d897fffff,41.96187747717941,-87.6576947971517,10,25.809185,26.962696,25.024239,20.080132
882664d897fffff,41.96187747717941,-87.6576947971517,11,15.074136,19.726475,15.641049,14.424413
882664d897fffff,41.96187747717941,-87.6576947971517,12,14.633388,16.494322,15.841179,14.243414
882664d89dfffff,41.97584745564525,-87.65575344886781,1,15.663713,18.159063,14.505273,13.022939
882664d89dfffff,41.97584745564525,-87.65575344886781,2,23.569347,21.325178,24.994871,20.136482
882664d89dfffff,41.97584745564525,-87.65575344886781,3,30.506943,23.720114,29.487072,29.55982
882664d89dfffff,41.97584745564525,-87.65575344886781,4,39.525776,33.073555,32.534935,34.8346
882664d89dfffff,41.97584745564525,-87.65575344886781,5,41.428715,52.548077,34.49488,35.567886
882664d89dfffff,41.97584745564525,-87.65575344886781,6,45.701057,51.27333,36.005825,35.988567
882664d89dfffff,41.97584745564525,-87.65575344886781,7,40.356308,51.336155,33.17978,33.684265
882664d89dfffff,41.97584745564525,-87.65575344886781,8,42.904728,39.094032,32.952404,34.45939
882664d89dfffff,41.97584745564525,-87.65575344886781,9,37.463524,37.686306,31.089693,30.046255
882664d89dfffff,41.97584745564525,-87.65575344886781,10,30.407475,28.919626,27.91644,21.553938
882664d89dfffff,41.97584745564525,-87.65575344886781,11,13.002434,15.293341,17.289206,13.506119
882664d89dfffff,41.97584745564525,-87.65575344886781,12,12.654844,12.509786,17.165083,13.031383
882664d8a1fffff,41.97999549283604,-87.70157254470959,1,14.6728115,20.343649,17.62657,11.271745
882664d8a1fffff,41.97999549283604,-87.70157254470959,2,19.230705,24.49349,26.879417,20.308174
882664d8a1fffff,41.97999549283604,-87.70157254470959,3,24.948246,29.864338,30.536654,27.612988
882664d8a1fffff,41.97999549283604,-87.70157254470959,4,33.067654,34.45168,32.71753,27.600906
882664d8a1fffff,41.97999549283604,-87.70157254470959,5,36.411873,42.999397,34.00868,29.640125
882664d8a1fffff,41.97999549283604,-87.70157254470959,6,40.977028,42.144344,35.776,30.499413
882664d8a1fffff,41.97999549283604,-87.70157254470959,7,37.18168,43.21187,33.568157,28.388426
882664d8a1fffff,41.97999549283604,-87.70157254470959,8,35.288307,37.53255,32.249767,29.29378
882664d8a1fffff,41.97999549283604,-87.70157254470959,9,32.054848,35.884113,33.940273,26.87016
882664d8a1fffff,41.97999549283604,-87.70157254470959,10,22.546381,26.293653,26.926958,22.574718
882664d8a1fffff,41.97999549283604,-87.70157254470959,11,13.285891,19.776875,20.063562,13.096672
882664d8a1fffff,41.97999549283604,-87.70157254470959,12,12.319662,16.156769,20.680374,13.032354
882664d8a3fffff,41.97249241651348,-87.69680972648676,1,12.812096,14.372508,14.12086,13.644763
882664d8a3fffff,41.97249241651348,-87.69680972648676,2,19.846645,16.997177,24.23933,19.12554
882664d8a3fffff,41.97249241651348,-87.69680972648676,3,24.552435,21.800928,31.499687,26.28192
882664d8a3fffff,41.97249241651348,-87.69680972648676,4,32.082703,36.40407,36.821297,31.280388
882664d8a3fffff,41.97249241651348,-87.69680972648676,5,40.89469,49.693832,40.823143,36.255352
882664d8a3fffff,41.97249241651348,-87.69680972648676,6,46.678085,47.86039,41.463474,37.086456
882664d8a3fffff,41.97249241651348,-87.69680972648676,7,40.676155,47.318848,39.22236,33.915546
882664d8a3fffff,41.97249241651348,-87.69680972648676,8,36.330128,40.138584,37.605434,31.82723
882664d8a3fffff,41.97249241651348,-87.69680972648676,9,25.564785,29.750933,35.966988,27.244154
882664d8a3fffff,41.97249241651348,-87.69680972648676,10,22.185236,19.63511,27.260742,19.228498
882664d8a3fffff,41.97249241651348,-87.69680972648676,11,11.598431,13.620275,16.179754,13.506703
882664d8a3fffff,41.97249241651348,-87.69680972648676,12,11.122467,12.379042,15.727638,12.975992
882664d8a5fffff,41.981029614011184,-87.71302779326095,1,16.067194,20.899107,18.20693,12.047078
882664d8a5fffff,41.981029614011184,-87.71302779326095,2,23.463049,23.299896,28.941166,21.220848
882664d8a5fffff,41.981029614011184,-87.71302779326095,3,30.298866,26.391195,36.474506,31.83339
882664d8a5fffff,41.981029614011184,-87.71302779326095,4,45.263126,37.29227,41.051926,37.51961
882664d8a5fffff,41.981029614011184,-87.71302779326095,5,46.207172,59.63751,43.521564,40.23983
882664d8a5fffff,41.981029614011184,-87.71302779326095,6,51.594975,56.934933,43.46342,41.807697
882664d8a5fffff,41.981029614011184,-87.71302779326095,7,45.54345,57.428867,41.801983,38.18207
882664d8a5fffff,41.981029614011184,-87.71302779326095,8,45.58157,42.497772,42.518894,37.363064
882664d8a5fffff,41.981029614011184,-87.71302779326095,9,38.84727,37.955196,43.10947,33.953026
882664d8a5fffff,41.981029614011184,-87.71302779326095,10,25.296873,28.805132,31.989115,23.210348
882664d8a5fffff,41.981029614011184,-87.71302779326095,11,12.838339,19.473354,20.016985,14.421151
882664d8a5fffff,41.981029614011184,-87.71302779326095,12,11.6252575,16.780542,19.70292,13.880645
882664d8a7fffff,41.97352703109936,-87.70826314126307,1,19.675776,24.377043,17.497608,13.9701
882664d8a7fffff,41.97352703109936,-87.70826314126307,2,26.544907,27.390394,29.5779,23.235134
882664d8a7fffff,41.97352703109936,-87.70826314126307,3,33.55149,29.743412,35.854923,31.69793
882664d8a7fffff,41.97352703109936,-87.70826314126307,4,50.59131,45.156162,41.2763,39.22619
882664d8a7fffff,41.97352703109936,-87.70826314126307,5,52.625248,65.12371,44.11384,41.71185
882664d8a7fffff,41.97352703109936,-87.70826314126307,6,57.963223,63.26749,45.062485,41.99483
882664d8a7fffff,41.97352703109936,-87.70826314126307,7,52.270752,62.83027,42.125748,38.7362
882664d8a7fffff,41.97352703109936,-87.70826314126307,8,53.056946,51.335785,43.42534,38.67488
882664d8a7fffff,41.97352703109936,-87.70826314126307,9,49.426517,41.929123,43.93444,33.840492
882664d8a7fffff,41.97352703109936,-87.70826314126307,10,30.890455,35.687275,33.469936,24.522963
882664d8a7fffff,41.97352703109936,-87.70826314126307,11,14.377378,20.858686,20.012812,15.462121
882664d8a7fffff,41.97352703109936,-87.70826314126307,12,13.244375,18.66237,19.67341,14.921617
882664d8a9fffff,41.98646417219249,-87.69487996155425,1,15.638683,19.4781,15.633509,13.06743
882664d8a9fffff,41.98646417219249,-87.69487996155425,2,25.473356,24.438437,26.026833,22.578127
882664d8a9fffff,41.98646417219249,-87.69487996155425,3,33.61298,27.494705,31.182936,30.286205
882664d8a9fffff,41.98646417219249,-87.69487996155425,4,46.74816,34.06686,34.827694,35.619644
882664d8a9fffff,41.98646417219249,-87.69487996155425,5,47.711887,56.89609,37.707497,36.09089
882664d8a9fffff,41.98646417219249,-87.69487996155425,6,51.64545,55.969646,39.223347,37.83695
882664d8a9fffff,41.98646417219249,-87.69487996155425,7,46.162937,57.076534,37.061428,34.38951
882664d8a9fffff,41.98646417219249,-87.69487996155425,8,48.69901,39.437366,36.610214,34.586655
882664d8a9fffff,41.98646417219249,-87.69487996155425,9,40.821487,32.576202,35.608566,29.332745
882664d8a9fffff,41.98646417219249,-87.69487996155425,10,26.870972,28.710127,30.19909,22.362812
882664d8a9fffff,41.98646417219249,-87.69487996155425,11,12.865017,18.787773,17.887085,14.123864
882664d8a9fffff,41.98646417219249,-87.69487996155425,12,12.150085,15.478746,17.63197,13.652012
882664d8abfffff,41.97896021634191,-87.69011748508358,1,11.389391,17.757193,16.43697,15.147804
882664d8abfffff,41.97896021634191,-87.69011748508358,2,17.418367,19.54682,28.031626,21.091213
882664d8abfffff,41.97896021634191,-87.69011748508358,3,23.218166,26.535442,34.203682,27.202423
882664d8abfffff,41.97896021634191,-87.69011748508358,4,32.899887,41.950943,40.40024,30.73668
882664d8abfffff,41.97896021634191,-87.69011748508358,5,42.027103,59.798447,46.110115,34.489426
882664d8abfffff,41.97896021634191,-87.69011748508358,6,47.30657,58.984856,46.930584,35.105545
882664d8abfffff,41.97896021634191,-87.69011748508358,7,42.397064,60.60201,44.84201,31.951382
882664d8abfffff,41.97896021634191,-87.69011748508358,8,38.14084,50.51229,39.879963,31.508228
882664d8abfffff,41.97896021634191,-87.69011748508358,9,24.999657,33.08644,38.546574,27.426014
882664d8abfffff,41.97896021634191,-87.69011748508358,10,21.11784,23.41468,28.75858,20.644957
882664d8abfffff,41.97896021634191,-87.69011748508358,11,10.329092,18.44369,18.774546,13.649838
882664d8abfffff,41.97896021634191,-87.69011748508358,12,10.148275,16.237368,17.993624,13.209852
882664d8adfffff,41.987498955320014,-87.70633685570498,1,12.997248,16.267448,16.805338,13.22936
882664d8adfffff,41.987498955320014,-87.70633685570498,2,17.603928,18.705412,29.54634,22.705996
882664d8adfffff,41.987498955320014,-87.70633685570498,3,22.581545,22.417921,34.01223,30.642813
882664d8adfffff,41.987498955320014,-87.70633685570498,4,36.95789,31.25098,39.20447,35.116283
882664d8adfffff,41.987498955320014,-87.70633685570498,5,42.267696,47.709652,42.190926,39.416233
882664d8adfffff,41.987498955320014,-87.70633685570498,6,48.282413,45.18205,43.517128,40.293858
882664d8adfffff,41.987498955320014,-87.70633685570498,7,42.450912,47.12365,42.115562,38.02227
882664d8adfffff,41.987498955320014,-87.70633685570498,8,41.899918,36.333492,41.538555,36.596333
882664d8adfffff,41.987498955320014,-87.70633685570498,9,27.589174,27.501728,41.233482,32.819317
882664d8adfffff,41.987498955320014,-87.70633685570498,10,19.690819,21.830833,33.244328,24.279514
882664d8adfffff,41.987498955320014,-87.70633685570498,11,11.940853,15.718379,20.18295,14.198261
882664d8adfffff,41.987498955320014,-87.70633685570498,12,11.075506,13.229302,19.573143,13.784231
882664d8b1fffff,41.96395346462168,-87.68059700853767,1,15.475311,22.577719,14.682943,14.122414
882664d8b1fffff,41.96395346462168,-87.68059700853767,2,20.201517,24.92811,25.306408,18.996197
882664d8b1fffff,41.96395346462168,-87.68059700853767,3,24.128256,27.408289,30.590612,25.721546
882664d8b1fffff,41.96395346462168,-87.68059700853767,4,32.62013,39.93218,35.287647,28.203316
882664d8b1fffff,41.96395346462168,-87.68059700853767,5,43.047955,56.98774,40.52871,33.00042
882664d8b1fffff,41.96395346462168,-87.68059700853767,6,49.034462,54.479294,41.714573,33.208687
882664d8b1fffff,41.96395346462168,-87.68059700853767,7,43.556953,54.827896,38.270836,29.799145
882664d8b1fffff,41.96395346462168,-87.68059700853767,8,38.90095,47.395832,34.565155,28.20726
882664d8b1fffff,41.96395346462168,-87.68059700853767,9,32.473545,40.597275,34.62837,26.263287
882664d8b1fffff,41.96395346462168,-87.68059700853767,10,25.974834,29.912136,26.016747,19.06125
882664d8b1fffff,41.96395346462168,-87.68059700853767,11,12.215311,19.428947,16.380327,13.268132
882664d8b1fffff,41.96395346462168,-87.68059700853767,12,11.349967,15.952244,16.419302,13.0871315
882664d8b3fffff,41.956450669533126,-87.67583900719148,1,16.523994,19.946632,15.078906,13.040683
882664d8b3fffff,41.956450669533126,-87.67583900719148,2,22.961985,21.76369,24.292946,18.25253
882664d8b3fffff,41.956450669533126,-87.67583900719148,3,30.75404,26.077202,28.528395,25.078503
882664d8b3fffff,41.956450669533126,-87.67583900719148,4,37.91873,33.346992,33.21844,27.643265
882664d8b3fffff,41.956450669533126,-87.67583900719148,5,40.872257,51.75498,36.812214,31.829046
882664d8b3fffff,41.956450669533126,-87.67583900719148,6,46.899178,49.481037,37.886253,32.432533
882664d8b3fffff,41.956450669533126,-87.67583900719148,7,40.46431,50.24152,33.713154,28.469225
882664d8b3fffff,41.956450669533126,-87.67583900719148,8,38.352654,38.35697,31.933245,27.238707
882664d8b3fffff,41.956450669533126,-87.67583900719148,9,33.748524,32.467056,31.4095,24.019379
882664d8b3fffff,41.956450669533126,-87.67583900719148,10,24.034674,25.358246,25.13651,18.267828
882664d8b3fffff,41.956450669533126,-87.67583900719148,11,13.668325,18.84545,16.22353,12.642932
882664d8b3fffff,41.956450669533126,-87.67583900719148,12,13.227581,16.2476,16.625736,12.649811
882664d8b5fffff,41.964989726743056,-87.69204840040082,1,14.415161,20.353415,16.3325,10.801315
882664d8b5fffff,41.964989726743056,-87.69204840040082,2,21.510443,21.936056,25.614464,18.037355
882664d8b5fffff,41.964989726743056,-87.69204840040082,3,29.095438,26.695684,30.682255,25.943987
882664d8b5fffff,41.964989726743056,-87.69204840040082,4,39.111732,35.63231,33.459194,28.485727
882664d8b5fffff,41.964989726743056,-87.69204840040082,5,42.124645,58.03943,36.721817,32.299885
882664d8b5fffff,41.964989726743056,-87.69204840040082,6,47.403038,59.218105,38.400757,32.039204
882664d8b5fffff,41.964989726743056,-87.69204840040082,7,40.030136,56.64194,34.810207,29.22849
882664d8b5fffff,41.964989726743056,-87.69204840040082,8,40.211586,40.658943,33.72678,27.815668
882664d8b5fffff,41.964989726743056,-87.69204840040082,9,31.295376,36.594772,32.20775,24.538822
882664d8b5fffff,41.964989726743056,-87.69204840040082,10,24.301176,25.90536,27.26397,18.054623
882664d8b5fffff,41.964989726743056,-87.69204840040082,11,12.846687,19.216125,17.819231,10.611476
882664d8b5fffff,41.964989726743056,-87.69204840040082,12,12.4991,16.61827,18.16337,10.420682
882664d8b7fffff,41.95748742391535,-87.6872885658164,1,12.521866,20.394388,16.628973,14.577682
882664d8b7fffff,41.95748742391535,-87.6872885658164,2,17.755907,21.773264,28.013443,22.681864
882664d8b7fffff,41.95748742391535,-87.6872885658164,3,22.231094,25.321478,33.841774,29.256346
882664d8b7fffff,41.95748742391535,-87.6872885658164,4,38.92843,33.740814,38.79465,32.860657
882664d8b7fffff,41.95748742391535,-87.6872885658164,5,47.24222,54.86212,42.308193,37.08675
882664d8b7fffff,41.95748742391535,-87.6872885658164,6,53.256935,52.491978,42.89007,37.503586
882664d8b7fffff,41.95748742391535,-87.6872885658164,7,47.228867,54.321392,40.973415,34.966755
882664d8b7fffff,41.95748742391535,-87.6872885658164,8,42.567394,40.38445,39.009464,34.118233
882664d8b7fffff,41.95748742391535,-87.6872885658164,9,27.98014,32.750057,37.97409,29.76642
882664d8b7fffff,41.95748742391535,-87.6872885658164,10,20.683477,25.290787,29.911684,23.925493
882664d8b7fffff,41.95748742391535,-87.6872885658164,11,11.14045,19.957531,18.692112,14.880968
882664d8b7fffff,41.95748742391535,-87.6872885658164,12,10.275103,16.816204,18.254345,14.46694
882664d8b9fffff,41.97041972269318,-87.67390346558321,1,11.9459305,13.497403,15.84948,11.048604
882664d8b9fffff,41.97041972269318,-87.67390346558321,2,20.108252,15.446929,23.327852,19.622644
882664d8b9fffff,41.97041972269318,-87.67390346558321,3,28.933392,20.965446,29.196362,24.556746
882664d8b9fffff,41.97041972269318,-87.67390346558321,4,30.820993,22.060032,31.426714,27.58455
882664d8b9fffff,41.97041972269318,-87.67390346558321,5,38.34322,45.88044,36.752827,32.425877
882664d8b9fffff,41.97041972269318,-87.67390346558321,6,42.195824,44.150665,36.952106,32.913803
882664d8b9fffff,41.97041972269318,-87.67390346558321,7,35.600403,45.145397,34.88056,30.146631
882664d8b9fffff,41.97041972269318,-87.67390346558321,8,32.657665,29.365156,30.969406,27.798216
882664d8b9fffff,41.97041972269318,-87.67390346558321,9,26.948816,23.73323,29.457315,25.684088
882664d8b9fffff,41.97041972269318,-87.67390346558321,10,23.57614,22.334887,24.387598,19.15565
882664d8b9fffff,41.97041972269318,-87.67390346558321,11,10.179497,14.17749,17.65229,10.587836
882664d8b9fffff,41.97041972269318,-87.67390346558321,12,9.637869,11.254462,17.554218,10.264531
882664d8bbfffff,41.96291604807702,-87.6691458071513,1,16.739378,20.576246,15.178594,14.380575
882664d8bbfffff,41.96291604807702,-87.6691458071513,2,24.436954,23.803926,27.05114,21.782509
882664d8bbfffff,41.96291604807702,-87.6691458071513,3,34.593826,30.174608,32.498817,30.542017
882664d8bbfffff,41.96291604807702,-87.6691458071513,4,41.731575,41.517597,38.060856,33.49079
882664d8bbfffff,41.96291604807702,-87.6691458071513,5,52.213245,66.14241,42.074455,37.013752
882664d8bbfffff,41.96291604807702,-87.6691458071513,6,57.161316,63.930973,42.804874,37.53879
882664d8bbfffff,41.96291604807702,-87.6691458071513,7,51.666267,65.27751,40.163536,34.45274
882664d8bbfffff,41.96291604807702,-87.6691458071513,8,44.84098,47.243187,36.971825,34.336655
882664d8bbfffff,41.96291604807702,-87.6691458071513,9,32.237015,39.929153,35.34667,30.924452
882664d8bbfffff,41.96291604807702,-87.6691458071513,10,26.305964,27.648706,27.462605,21.882654
882664d8bbfffff,41.96291604807702,-87.6691458071513,11,15.2401905,20.513954,16.945837,13.387235
882664d8bbfffff,41.96291604807702,-87.6691458071513,12,14.799444,17.902668,16.462431,12.8565235
882664d8bdfffff,41.97145664702143,-87.6853565009566,1,14.568672,21.763103,15.147583,11.483038
882664d8bdfffff,41.97145664702143,-87.6853565009566,2,21.99355,23.566357,24.300901,18.850323
882664d8bdfffff,41.97145664702143,-87.6853565009566,3,30.986515,27.958439,29.374842,27.901081
882664d8bdfffff,41.97145664702143,-87.6853565009566,4,37.239532,36.28155,32.243366,29.95362
882664d8bdfffff,41.97145664702143,-87.6853565009566,5,41.70008,59.532494,34.727715,32.8803
882664d8bdfffff,41.97145664702143,-87.6853565009566,6,48.426483,60.334953,35.22097,32.827274
882664d8bdfffff,41.97145664702143,-87.6853565009566,7,41.009983,56.872322,32.551754,29.89948
882664d8bdfffff,41.97145664702143,-87.6853565009566,8,40.487118,42.35769,31.967073,28.518688
882664d8bdfffff,41.97145664702143,-87.6853565009566,9,36.706543,40.65905,31.85824,25.139322
882664d8bdfffff,41.97145664702143,-87.6853565009566,10,27.527138,32.50929,25.867846,18.932135
882664d8bdfffff,41.97145664702143,-87.6853565009566,11,10.521814,18.378456,16.665504,11.765077
882664d8bdfffff,41.97145664702143,-87.6853565009566,12,10.174225,15.864562,17.009644,11.574283
882664d8c1fffff,42.00483358343957,-87.66332864483797,1,13.14588,15.122036,11.618124,11.39251
882664d8c1fffff,42.00483358343957,-87.66332864483797,2,20.850494,18.434265,21.527468,16.864403
882664d8c1fffff,42.00483358343957,-87.66332864483797,3,28.57807,21.291492,25.859478,25.53689
882664d8c1fffff,42.00483358343957,-87.66332864483797,4,36.093517,30.165236,28.509544,27.92985
882664d8c1fffff,42.00483358343957,-87.66332864483797,5,37.74966,51.08995,31.33126,28.934496
882664d8c1fffff,42.00483358343957,-87.66332864483797,6,42.53308,49.919476,32.275013,29.225039
882664d8c1fffff,42.00483358343957,-87.66332864483797,7,37.760212,49.727844,29.543575,26.92074
882664d8c1fffff,42.00483358343957,-87.66332864483797,8,41.272213,35.734417,27.745356,27.625418
882664d8c1fffff,42.00483358343957,-87.66332864483797,9,35.149208,32.015244,26.940866,23.374886
882664d8c1fffff,42.00483358343957,-87.66332864483797,10,27.147675,25.281418,23.005667,17.825142
882664d8c1fffff,42.00483358343957,-87.66332864483797,11,10.163397,11.914121,13.741855,11.6170635
882664d8c1fffff,42.00483358343957,-87.66332864483797,12,9.815809,9.2344,13.774547,11.142327
882664d8c3fffff,41.99732649658418,-87.65856903397871,1,11.889492,16.131594,12.519084,13.857236
882664d8c3fffff,41.99732649658418,-87.65856903397871,2,19.879036,20.112045,23.270939,18.694439
882664d8c3fffff,41.99732649658418,-87.65856903397871,3,26.773273,22.511208,27.61696,28.1521
882664d8c3fffff,41.99732649658418,-87.65856903397871,4,35.634804,25.15822,29.857475,30.916464
882664d8c3fffff,41.99732649658418,-87.65856903397871,5,42.884678,49.21601,33.609116,32.115303
882664d8c3fffff,41.99732649658418,-87.65856903397871,6,45.404434,47.837482,34.823246,32.89863
882664d8c3fffff,41.99732649658418,-87.65856903397871,7,42.7251,48.51554,32.873898,30.536345
882664d8c3fffff,41.99732649658418,-87.65856903397871,8,36.34929,31.20683,30.14575,30.675083
882664d8c3fffff,41.99732649658418,-87.65856903397871,9,33.386852,32.236546,28.87655,25.299257
882664d8c3fffff,41.99732649658418,-87.65856903397871,10,22.010633,27.04187,26.003319,20.500143
882664d8c3fffff,41.99732649658418,-87.65856903397871,11,9.279444,14.59808,15.46376,14.35265
882664d8c3fffff,41.99732649658418,-87.65856903397871,12,8.916998,11.559405,15.075714,13.550677
882664d8c5fffff,42.00587151144134,-87.67479028545377,1,13.592684,22.04782,13.525622,13.106906
882664d8c5fffff,42.00587151144134,-87.67479028545377,2,16.850346,25.577621,22.243969,17.513401
882664d8c5fffff,42.00587151144134,-87.67479028545377,3,21.302313,29.240353,28.043114,23.751575
882664d8c5fffff,42.00587151144134,-87.67479028545377,4,31.706774,39.585,32.1529,25.568228
882664d8c5fffff,42.00587151144134,-87.67479028545377,5,39.475365,56.058563,35.707226,28.817654
882664d8c5fffff,42.00587151144134,-87.67479028545377,6,45.368813,53.48567,35.9923,29.415596
882664d8c5fffff,42.00587151144134,-87.67479028545377,7,39.845333,54.258327,34.333794,25.851706
882664d8c5fffff,42.00587151144134,-87.67479028545377,8,35.58128,43.898067,32.063354,24.993626
882664d8c5fffff,42.00587151144134,-87.67479028545377,9,25.472666,39.79665,33.466114,23.32546
882664d8c5fffff,42.00587151144134,-87.67479028545377,10,19.576626,25.671366,23.74858,17.919899
882664d8c5fffff,42.00587151144134,-87.67479028545377,11,12.594591,20.576391,15.589098,12.609964
882664d8c5fffff,42.00587151144134,-87.67479028545377,12,11.729248,16.464125,15.722344,12.428966
882664d8c7fffff,41.9983649174059,-87.67002883749875,1,6.9771347,13.330647,14.921888,14.697443
882664d8c7fffff,41.9983649174059,-87.67002883749875,2,16.028227,18.109968,24.797514,22.403183
882664d8c7fffff,41.9983649174059,-87.67002883749875,3,24.678564,24.06742,29.932339,29.761597
882664d8c7fffff,41.9983649174059,-87.67002883749875,4,23.763802,34.558712,33.872536,34.093533
882664d8c7fffff,41.9983649174059,-87.67002883749875,5,34.438896,52.704315,39.22011,38.047863
882664d8c7fffff,41.9983649174059,-87.67002883749875,6,39.92204,53.531437,41.247547,38.336826
882664d8c7fffff,41.9983649174059,-87.67002883749875,7,33.365974,51.8045,38.698597,36.483887
882664d8c7fffff,41.9983649174059,-87.67002883749875,8,27.248577,41.442303,34.490368,34.879887
882664d8c7fffff,41.9983649174059,-87.67002883749875,9,18.606258,29.902447,32.348904,29.500729
882664d8c7fffff,41.9983649174059,-87.67002883749875,10,16.827682,23.949768,27.14465,23.291315
882664d8c7fffff,41.9983649174059,-87.67002883749875,11,6.524438,13.853131,18.140837,14.79962
882664d8c7fffff,41.9983649174059,-87.67002883749875,12,6.0759706,11.205426,17.684244,14.28913
882664d8cdfffff,42.01234105673649,-87.66808974886669,1,10.071917,20.967197,17.172743,11.804784
882664d8cdfffff,42.01234105673649,-87.66808974886669,2,16.923069,24.296246,26.008564,17.854109
882664d8cdfffff,42.01234105673649,-87.66808974886669,3,22.151752,28.796839,29.831266,23.973053
882664d8cdfffff,42.01234105673649,-87.66808974886669,4,31.82081,40.440674,32.9645,28.399023
882664d8cdfffff,42.01234105673649,-87.66808974886669,5,42.92942,57.952545,37.250362,30.24325
882664d8cdfffff,42.01234105673649,-87.66808974886669,6,47.81244,56.274902,38.700275,31.1796
882664d8cdfffff,42.01234105673649,-87.66808974886669,7,42.373535,56.96101,36.105892,28.252453
882664d8cdfffff,42.01234105673649,-87.66808974886669,8,38.70963,47.135868,33.070194,28.690128
882664d8cdfffff,42.01234105673649,-87.66808974886669,9,37.083736,36.487247,33.493523,24.45736
882664d8cdfffff,42.01234105673649,-87.66808974886669,10,23.560144,30.312849,28.064342,18.893286
882664d8cdfffff,42.01234105673649,-87.66808974886669,11,7.1452713,18.49249,19.469278,12.542474
882664d8cdfffff,42.01234105673649,-87.66808974886669,12,6.8926888,16.409424,19.72521,12.34625
882664d8e1fffff,42.00043829014408,-87.69294901845691,1,9.696012,14.765354,17.635992,10.166096
882664d8e1fffff,42.00043829014408,-87.69294901845691,2,16.81103,15.598339,25.711184,17.60173
882664d8e1fffff,42.00043829014408,-87.69294901845691,3,23.961912,21.406387,30.9318,23.407583
882664d8e1fffff,42.00043829014408,-87.69294901845691,4,39.540127,36.50648,37.30212,27.546482
882664d8e1fffff,42.00043829014408,-87.69294901845691,5,50.943817,56.006775,42.306522,30.706238
882664d8e1fffff,42.00043829014408,-87.69294901845691,6,56.861393,54.503845,41.807114,31.69929
882664d8e1fffff,42.00043829014408,-87.69294901845691,7,49.93472,56.410793,41.01138,28.5493
882664d8e1fffff,42.00043829014408,-87.69294901845691,8,40.20628,43.591694,37.198814,28.997375
882664d8e1fffff,42.00043829014408,-87.69294901845691,9,26.277508,27.145144,35.61939,25.471312
882664d8e1fffff,42.00043829014408,-87.69294901845691,10,17.310944,19.029066,26.162657,18.421772
882664d8e1fffff,42.00043829014408,-87.69294901845691,11,7.481908,15.058411,19.860384,9.598752
882664d8e1fffff,42.00043829014408,-87.69294901845691,12,6.4236465,11.741376,19.635336,9.196662
882664d8e3fffff,41.99293306871492,-87.6881853910948,1,17.298235,15.017464,15.724196,11.526395
882664d8e3fffff,41.99293306871492,-87.6881853910948,2,23.300106,18.745667,26.590958,18.997816
882664d8e3fffff,41.99293306871492,-87.6881853910948,3,35.163948,24.480919,32.536007,25.267832
882664d8e3fffff,41.99293306871492,-87.6881853910948,4,37.995815,35.489693,38.30257,30.758245
882664d8e3fffff,41.99293306871492,-87.6881853910948,5,51.506847,61.59248,42.243942,36.21402
882664d8e3fffff,41.99293306871492,-87.6881853910948,6,57.704742,59.206627,43.15948,37.705288
882664d8e3fffff,41.99293306871492,-87.6881853910948,7,50.595074,60.54595,40.691536,34.221134
882664d8e3fffff,41.99293306871492,-87.6881853910948,8,38.972416,40.3751,38.81299,32.066303
882664d8e3fffff,41.99293306871492,-87.6881853910948,9,28.314142,34.062767,36.821606,29.041567
882664d8e3fffff,41.99293306871492,-87.6881853910948,10,25.31977,21.566927,27.692617,19.486448
882664d8e3fffff,41.99293306871492,-87.6881853910948,11,15.1289835,14.402545,17.765062,10.92207
882664d8e3fffff,41.99293306871492,-87.6881853910948,12,13.903953,10.881654,17.310694,10.395156
882664d8e5fffff,42.00147324192018,-87.70440939407065,1,17.149315,26.45947,16.171846,15.550065
882664d8e5fffff,42.00147324192018,-87.70440939407065,2,25.327116,26.233973,26.50469,20.606876
882664d8e5fffff,42.00147324192018,-87.70440939407065,3,29.376457,30.19785,33.234276,28.948372
882664d8e5fffff,42.00147324192018,-87.70440939407065,4,38.451366,53.820374,35.426975,31.643011
882664d8e5fffff,42.00147324192018,-87.70440939407065,5,51.68761,74.377464,37.816055,35.10861
882664d8e5fffff,42.00147324192018,-87.70440939407065,6,58.69516,75.39681,38.065613,37.24724
882664d8e5fffff,42.00147324192018,-87.70440939407065,7,50.138397,70.753296,35.173035,32.261196
882664d8e5fffff,42.00147324192018,-87.70440939407065,8,41.884407,57.107716,36.273952,30.857325
882664d8e5fffff,42.00147324192018,-87.70440939407065,9,36.70774,45.8191,37.069073,27.343061
882664d8e5fffff,42.00147324192018,-87.70440939407065,10,28.696226,34.966766,30.140741,24.09583
882664d8e5fffff,42.00147324192018,-87.70440939407065,11,10.798576,23.25121,17.046515,17.04236
882664d8e5fffff,42.00147324192018,-87.70440939407065,12,9.736759,20.651304,17.493376,17.174913
882664d8e7fffff,41.99396851418227,-87.69964393100452,1,13.575578,17.936512,15.724973,8.588844
882664d8e7fffff,41.99396851418227,-87.69964393100452,2,19.65814,20.945023,24.206074,17.264198
882664d8e7fffff,41.99396851418227,-87.69964393100452,3,28.597754,26.036596,29.655468,24.968454
882664d8e7fffff,41.99396851418227,-87.69964393100452,4,42.19414,40.086636,34.27212,30.39623
882664d8e7fffff,41.99396851418227,-87.69964393100452,5,50.425747,66.18946,38.839745,34.46817
882664d8e7fffff,41.99396851418227,-87.69964393100452,6,55.66658,64.699104,38.836147,34.865906
882664d8e7fffff,41.99396851418227,-87.69964393100452,7,49.23314,65.73973,35.967804,31.615885
882664d8e7fffff,41.99396851418227,-87.69964393100452,8,42.614716,45.738655,34.20859,30.226774
882664d8e7fffff,41.99396851418227,-87.69964393100452,9,31.03704,35.239246,35.906307,26.203705
882664d8e7fffff,41.99396851418227,-87.69964393100452,10,22.385405,24.751045,25.509546,18.017733
882664d8e7fffff,41.99396851418227,-87.69964393100452,11,11.455325,16.54653,17.524462,9.49423
882664d8e7fffff,41.99396851418227,-87.69964393100452,12,10.23029,13.109085,17.145346,8.84084
882664d8e9fffff,42.00690828275126,-87.68625211735934,1,18.348688,19.41689,18.038465,11.803992
882664d8e9fffff,42.00690828275126,-87.68625211735934,2,24.741455,21.187563,28.166716,20.196783
882664d8e9fffff,42.00690828275126,-87.68625211735934,3,32.48646,26.143972,34.79867,30.242704
882664d8e9fffff,42.00690828275126,-87.68625211735934,4,45.299633,40.267105,40.557514,36.643597
882664d8e9fffff,42.00690828275126,-87.68625211735934,5,45.090683,63.162884,40.739628,38.936615
882664d8e9fffff,42.00690828275126,-87.68625211735934,6,50.247154,60.632484,41.171425,40.214443
882664d8e9fffff,42.00690828275126,-87.68625211735934,7,44.93515,61.307167,39.346794,37.140236
882664d8e9fffff,42.00690828275126,-87.68625211735934,8,47.649506,43.741257,40.381847,37.891037
882664d8e9fffff,42.00690828275126,-87.68625211735934,9,33.986427,34.52146,40.120316,32.964836
882664d8e9fffff,42.00690828275126,-87.68625211735934,10,27.642872,25.06356,28.957483,23.118921
882664d8e9fffff,42.00690828275126,-87.68625211735934,11,17.123549,18.595148,20.677164,14.328342
882664d8e9fffff,42.00690828275126,-87.68625211735934,12,15.990554,16.21462,20.439768,13.838797
882664d8ebfffff,41.99940218194931,-87.68148883262887,1,7.5393777,14.831353,11.579588,8.302491
882664d8ebfffff,41.99940218194931,-87.68148883262887,2,12.373553,17.468657,15.382252,11.423842
882664d8ebfffff,41.99940218194931,-87.68148883262887,3,18.843113,19.570976,18.951694,16.910833
882664d8ebfffff,41.99940218194931,-87.68148883262887,4,26.935682,28.757925,21.313072,20.529173
882664d8ebfffff,41.99940218194931,-87.68148883262887,5,40.731735,40.31173,28.539717,22.081268
882664d8ebfffff,41.99940218194931,-87.68148883262887,6,44.17617,38.75483,29.993479,23.357777
882664d8ebfffff,41.99940218194931,-87.68148883262887,7,38.8309,39.531414,27.60648,19.380402
882664d8ebfffff,41.99940218194931,-87.68148883262887,8,31.720648,33.43066,22.132744,18.961285
882664d8ebfffff,41.99940218194931,-87.68148883262887,9,32.5564,24.498108,24.012497,15.215041
882664d8ebfffff,41.99940218194931,-87.68148883262887,10,18.602348,21.975319,18.531652,11.515348
882664d8ebfffff,41.99940218194931,-87.68148883262887,11,5.58834,12.904782,14.339437,7.51618
882664d8ebfffff,41.99940218194931,-87.68148883262887,12,5.2437253,9.89651,14.517201,7.465238
882664d8edfffff,42.007943897299086,-87.69771413964204,1,14.699497,18.594799,16.88948,12.808271
882664d8edfffff,42.007943897299086,-87.69771413964204,2,21.009418,20.926233,26.451773,20.77189
882664d8edfffff,42.007943897299086,-87.69771413964204,3,26.841871,23.524227,30.361973,27.41413
882664d8edfffff,42.007943897299086,-87.69771413964204,4,30.287497,22.935379,32.432182,31.927525
882664d8edfffff,42.007943897299086,-87.69771413964204,5,35.51447,42.04147,35.970932,33.38225
882664d8edfffff,42.007943897299086,-87.69771413964204,6,40.368298,40.940056,37.481663,34.50795
882664d8edfffff,42.007943897299086,-87.69771413964204,7,33.78603,42.018356,35.349667,32.10993
882664d8edfffff,42.007943897299086,-87.69771413964204,8,33.678787,28.582443,33.985615,33.564304
882664d8edfffff,42.007943897299086,-87.69771413964204,9,22.182938,23.059607,32.581467,27.731506
882664d8edfffff,42.007943897299086,-87.69771413964204,10,23.931,25.614727,29.158846,22.476353
882664d8edfffff,42.007943897299086,-87.69771413964204,11,13.115328,18.133066,18.867956,14.4868555
882664d8edfffff,42.007943897299086,-87.69771413964204,12,12.522734,15.14304,19.110449,14.422538
882664d981fffff,41.99162652981849,-87.75216630923369,1,14.577273,15.1569,12.3923435,9.145874
882664d981fffff,41.99162652981849,-87.75216630923369,2,19.632463,16.440256,20.468498,14.250499
882664d981fffff,41.99162652981849,-87.75216630923369,3,24.75068,21.197453,27.357872,20.533926
882664d981fffff,41.99162652981849,-87.75216630923369,4,27.8189,31.486984,33.232857,23.36962
882664d981fffff,41.99162652981849,-87.75216630923369,5,37.6319,45.35305,38.51594,27.543331
882664d981fffff,41.99162652981849,-87.75216630923369,6,43.571102,43.071728,39.54662,29.17853
882664d981fffff,41.99162652981849,-87.75216630923369,7,37.91898,43.93485,38.124817,25.694376
882664d981fffff,41.99162652981849,-87.75216630923369,8,31.773008,35.809216,36.053787,25.041292
882664d981fffff,41.99162652981849,-87.75216630923369,9,19.816902,26.892128,34.16288,22.029034
882664d981fffff,41.99162652981849,-87.75216630923369,10,22.685455,16.252914,23.344566,15.128779
882664d981fffff,41.99162652981849,-87.75216630923369,11,13.2637415,12.890463,15.896408,8.790698
882664d981fffff,41.99162652981849,-87.75216630923369,12,13.091779,11.290417,15.644324,8.263786
882664d983fffff,41.98412504492882,-87.74739466335528,1,18.446012,17.9781,14.888972,13.685327
882664d983fffff,41.98412504492882,-87.74739466335528,2,24.098753,23.142607,22.551395,21.767593
882664d983fffff,41.98412504492882,-87.74739466335528,3,33.499557,31.215944,30.531076,28.829668
882664d983fffff,41.98412504492882,-87.74739466335528,4,38.219395,42.43633,35.118687,33.635235
882664d983fffff,41.98412504492882,-87.74739466335528,5,48.04828,56.155376,38.15714,36.89701
882664d983fffff,41.98412504492882,-87.74739466335528,6,52.6658,53.575935,38.98756,37.695637
882664d983fffff,41.98412504492882,-87.74739466335528,7,46.08922,55.778336,38.31412,34.129807
882664d983fffff,41.98412504492882,-87.74739466335528,8,41.443676,46.052967,36.006927,35.42687
882664d983fffff,41.98412504492882,-87.74739466335528,9,40.985863,41.965626,37.285,34.567707
882664d983fffff,41.98412504492882,-87.74739466335528,10,27.869028,25.567455,25.478256,23.215557
882664d983fffff,41.98412504492882,-87.74739466335528,11,16.713213,17.569159,18.556725,13.512256
882664d983fffff,41.98412504492882,-87.74739466335528,12,15.65495,14.738236,18.344563,12.88422
882664d985fffff,41.99265553359537,-87.76362413728862,1,8.422736,7.401387,13.134452,7.8743005
882664d985fffff,41.99265553359537,-87.76362413728862,2,15.669028,9.822932,17.655003,14.433079
882664d985fffff,41.99265553359537,-87.76362413728862,3,23.556402,13.666271,22.370018,18.54838
882664d985fffff,41.99265553359537,-87.76362413728862,4,38.908546,30.912512,26.461199,24.520123
882664d985fffff,41.99265553359537,-87.76362413728862,5,52.108253,45.962673,31.389284,27.759502
882664d985fffff,41.99265553359537,-87.76362413728862,6,54.82101,44.799095,32.335598,27.935104
882664d985fffff,41.99265553359537,-87.76362413728862,7,49.211136,46.407955,32.027798,26.368263
882664d985fffff,41.99265553359537,-87.76362413728862,8,44.44336,37.57571,28.656,24.465576
882664d985fffff,41.99265553359537,-87.76362413728862,9,28.502945,15.957205,27.16545,19.406834
882664d985fffff,41.99265553359537,-87.76362413728862,10,18.701714,13.782791,20.702272,13.855704
882664d985fffff,41.99265553359537,-87.76362413728862,11,6.7833014,7.7356467,16.353037,8.354182
882664d985fffff,41.99265553359537,-87.76362413728862,12,6.358606,6.182146,16.135397,7.9573255
882664d987fffff,41.9851545441356,-87.75885065849573,1,12.2394285,17.802408,19.359264,14.964869
882664d987fffff,41.9851545441356,-87.75885065849573,2,20.977879,19.83811,23.572075,21.969675
882664d987fffff,41.9851545441356,-87.75885065849573,3,30.411093,26.006138,30.815302,27.041168
882664d987fffff,41.9851545441356,-87.75885065849573,4,41.055275,46.926334,37.239532,30.243137
882664d987fffff,41.9851545441356,-87.75885065849573,5,55.909378,71.84461,40.141064,36.05336
882664d987fffff,41.9851545441356,-87.75885065849573,6,59.06882,70.24083,40.46572,37.13592
882664d987fffff,41.9851545441356,-87.75885065849573,7,52.24109,71.1057,39.335705,33.83863
882664d987fffff,41.9851545441356,-87.75885065849573,8,42.98743,51.553963,39.692894,29.622768
882664d987fffff,41.9851545441356,-87.75885065849573,9,29.367666,35.35384,37.155724,27.701548
882664d987fffff,41.9851545441356,-87.75885065849573,10,19.296299,25.360165,27.629175,21.150494
882664d987fffff,41.9851545441356,-87.75885065849573,11,9.491454,17.869682,21.462523,13.012076
882664d987fffff,41.9851545441356,-87.75885065849573,12,7.849589,14.6301,21.367601,12.735658
882664d98bfffff,41.99059637003384,-87.74070866613602,1,12.517907,13.017284,15.403693,10.393269
882664d98bfffff,41.99059637003384,-87.74070866613602,2,18.977776,18.503025,20.92501,18.56605
882664d98bfffff,41.99059637003384,-87.74070866613602,3,27.407867,23.106672,25.099081,24.041485
882664d98bfffff,41.99059637003384,-87.74070866613602,4,33.661327,27.801395,30.305592,26.904886
882664d98bfffff,41.99059637003384,-87.74070866613602,5,43.173195,35.12191,32.669365,29.953691
882664d98bfffff,41.99059637003384,-87.74070866613602,6,44.701515,34.0867,34.220665,30.418013
882664d98bfffff,41.99059637003384,-87.74070866613602,7,40.957874,35.49498,32.76249,28.589588
882664d98bfffff,41.99059637003384,-87.74070866613602,8,37.844845,31.2926,31.152414,28.058472
882664d98bfffff,41.99059637003384,-87.74070866613602,9,38.28579,24.559029,33.133667,26.983807
882664d98bfffff,41.99059637003384,-87.74070866613602,10,23.529957,19.749619,21.988247,19.700048
882664d98bfffff,41.99059637003384,-87.74070866613602,11,11.36193,12.286637,18.655293,11.848575
882664d98bfffff,41.99059637003384,-87.74070866613602,12,11.017316,9.463533,18.530136,11.50201
882664d98dfffff,41.99912839900259,-87.75693945023306,1,7.504379,9.08751,14.425026,12.006676
882664d98dfffff,41.99912839900259,-87.75693945023306,2,15.923314,12.002075,21.167507,18.822489
882664d98dfffff,41.99912839900259,-87.75693945023306,3,22.919298,16.616728,28.323036,22.622211
882664d98dfffff,41.99912839900259,-87.75693945023306,4,26.583105,25.260302,33.580563,27.520712
882664d98dfffff,41.99912839900259,-87.75693945023306,5,40.117054,39.491875,33.720753,30.396135
882664d98dfffff,41.99912839900259,-87.75693945023306,6,45.021282,38.735126,33.167564,30.71975
882664d98dfffff,41.99912839900259,-87.75693945023306,7,39.07863,40.021187,33.228676,28.437763
882664d98dfffff,41.99912839900259,-87.75693945023306,8,30.35713,29.232635,35.617363,26.920712
882664d98dfffff,41.99912839900259,-87.75693945023306,9,21.586254,19.002676,33.144924,22.762564
882664d98dfffff,41.99912839900259,-87.75693945023306,10,17.900328,14.221894,25.02406,18.695312
882664d98dfffff,41.99912839900259,-87.75693945023306,11,6.1662765,8.555013,17.324686,11.047369
882664d98dfffff,41.99912839900259,-87.75693945023306,12,5.849005,7.222121,17.080233,10.869419
882664d991fffff,41.97559279527437,-87.73117053491131,1,15.937249,14.562002,15.1712475,11.062561
882664d991fffff,41.97559279527437,-87.73117053491131,2,23.3493,16.801258,21.211803,19.36413
882664d991fffff,41.97559279527437,-87.73117053491131,3,34.93577,25.019186,28.417118,25.06962
882664d991fffff,41.97559279527437,-87.73117053491131,4,45.990932,41.92921,33.438396,30.722414
882664d991fffff,41.97559279527437,-87.73117053491131,5,61.289894,67.80001,39.236374,37.259506
882664d991fffff,41.97559279527437,-87.73117053491131,6,64.55037,66.13563,40.581688,37.78484
882664d991fffff,41.97559279527437,-87.73117053491131,7,58.45102,67.63049,38.396317,34.878284
882664d991fffff,41.97559279527437,-87.73117053491131,8,49.883354,48.942997,35.984756,30.625977
882664d991fffff,41.97559279527437,-87.73117053491131,9,31.617815,32.18859,34.094055,28.203463
882664d991fffff,41.97559279527437,-87.73117053491131,10,25.726425,21.954672,24.11589,18.114449
882664d991fffff,41.97559279527437,-87.73117053491131,11,14.110187,15.365376,17.644878,9.837818
882664d991fffff,41.97559279527437,-87.73117053491131,12,13.569684,13.008952,17.030396,9.108848
882664d993fffff,41.96809158586813,-87.72640370974894,1,12.877092,18.034008,17.018488,11.377653
882664d993fffff,41.96809158586813,-87.72640370974894,2,18.928574,19.627031,27.763674,20.146624
882664d993fffff,41.96809158586813,-87.72640370974894,3,23.988146,22.70416,32.491196,27.028019
882664d993fffff,41.96809158586813,-87.72640370974894,4,38.60331,31.478708,36.49285,28.504988
882664d993fffff,41.96809158586813,-87.72640370974894,5,47.07846,49.71628,39.48405,31.893711
882664d993fffff,41.96809158586813,-87.72640370974894,6,51.753674,47.527775,38.39403,32.346397
882664d993fffff,41.96809158586813,-87.72640370974894,7,47.89815,49.629295,38.172318,30.034653
882664d993fffff,41.96809158586813,-87.72640370974894,8,43.02452,38.266922,36.63939,30.282019
882664d993fffff,41.96809158586813,-87.72640370974894,9,28.938402,29.901762,36.2435,27.224218
882664d993fffff,41.96809158586813,-87.72640370974894,10,22.604836,22.733734,29.121994,21.751272
882664d993fffff,41.96809158586813,-87.72640370974894,11,11.5400505,17.845322,19.25627,11.703076
882664d993fffff,41.96809158586813,-87.72640370974894,12,10.674704,14.840017,18.912779,11.289046
882664d995fffff,41.97662394472508,-87.74262451196162,1,10.41108,14.7916,15.625679,9.724183
882664d995fffff,41.97662394472508,-87.74262451196162,2,18.127981,18.521767,19.916016,20.178865
882664d995fffff,41.97662394472508,-87.74262451196162,3,30.658981,25.460896,25.922777,26.299221
882664d995fffff,41.97662394472508,-87.74262451196162,4,46.287262,35.941803,31.96387,32.75274
882664d995fffff,41.97662394472508,-87.74262451196162,5,59.304653,66.82828,36.671013,39.02637
882664d995fffff,41.97662394472508,-87.74262451196162,6,62.4748,64.9241,36.51777,40.346397
882664d995fffff,41.97662394472508,-87.74262451196162,7,56.19628,66.27941,34.54255,36.53424
882664d995fffff,41.97662394472508,-87.74262451196162,8,49.52059,43.149193,32.64006,32.854763
882664d995fffff,41.97662394472508,-87.74262451196162,9,32.22973,28.044392,30.528128,29.814795
882664d995fffff,41.97662394472508,-87.74262451196162,10,20.236866,24.699871,22.255592,19.734867
882664d995fffff,41.97662394472508,-87.74262451196162,11,8.106302,15.684663,16.860382,9.727129
882664d995fffff,41.97662394472508,-87.74262451196162,12,6.6580477,11.884888,16.589062,9.186038
882664d997fffff,41.969123229598566,-87.7378558544168,1,11.497448,18.293684,13.221659,13.160268
882664d997fffff,41.969123229598566,-87.7378558544168,2,16.193796,20.580545,22.039602,19.450008
882664d997fffff,41.969123229598566,-87.7378558544168,3,19.612503,24.758646,27.814234,27.100578
882664d997fffff,41.969123229598566,-87.7378558544168,4,25.25131,38.29471,31.339746,29.9327
882664d997fffff,41.969123229598566,-87.7378558544168,5,29.105474,51.365532,35.79959,33.63094
882664d997fffff,41.969123229598566,-87.7378558544168,6,34.329002,49.627213,35.83819,33.733284
882664d997fffff,41.969123229598566,-87.7378558544168,7,30.405346,50.230957,34.8004,31.21289
882664d997fffff,41.969123229598566,-87.7378558544168,8,30.353014,43.686638,32.313454,29.270191
882664d997fffff,41.969123229598566,-87.7378558544168,9,27.969059,34.333794,34.04705,27.05236
882664d997fffff,41.969123229598566,-87.7378558544168,10,20.272661,20.801414,23.837097,19.952732
882664d997fffff,41.969123229598566,-87.7378558544168,11,10.205904,16.191654,15.894485,13.802392
882664d997fffff,41.969123229598566,-87.7378558544168,12,10.045889,14.62154,15.811384,13.368498
882664d999fffff,41.9820625797978,-87.72448322982652,1,15.24167,13.841023,18.455214,12.44373
882664d999fffff,41.9820625797978,-87.72448322982652,2,22.13313,18.891748,28.475136,22.116306
882664d999fffff,41.9820625797978,-87.72448322982652,3,33.520508,26.110334,34.78964,31.949717
882664d999fffff,41.9820625797978,-87.72448322982652,4,42.59547,37.14063,42.809406,38.900738
882664d999fffff,41.9820625797978,-87.72448322982652,5,49.718685,61.009026,45.70277,41.082325
882664d999fffff,41.9820625797978,-87.72448322982652,6,54.959522,58.66671,46.667645,42.52868
882664d999fffff,41.9820625797978,-87.72448322982652,7,48.1294,59.7031,44.593697,38.790592
882664d999fffff,41.9820625797978,-87.72448322982652,8,43.646896,39.92351,45.50938,37.97535
882664d999fffff,41.9820625797978,-87.72448322982652,9,33.597214,33.74235,46.49277,35.152027
882664d999fffff,41.9820625797978,-87.72448322982652,10,22.896631,23.302364,32.762478,22.788671
882664d999fffff,41.9820625797978,-87.72448322982652,11,12.600085,12.487405,20.809565,12.948232
882664d999fffff,41.9820625797978,-87.72448322982652,12,11.375051,10.351346,20.460482,12.482721
882664d99bfffff,41.97456049070945,-87.71971674437485,1,14.682398,20.951075,17.01827,12.08369
882664d99bfffff,41.97456049070945,-87.71971674437485,2,19.684092,24.749996,28.886374,20.46704
882664d99bfffff,41.97456049070945,-87.71971674437485,3,24.066916,27.565214,34.734306,28.89709
882664d99bfffff,41.97456049070945,-87.71971674437485,4,39.1382,38.965927,40.35301,31.729485
882664d99bfffff,41.97456049070945,-87.71971674437485,5,45.429478,55.558372,44.116894,34.158535
882664d99bfffff,41.97456049070945,-87.71971674437485,6,51.506226,53.42672,45.443096,35.64587
882664d99bfffff,41.97456049070945,-87.71971674437485,7,45.365494,54.74919,43.622158,32.373615
882664d99bfffff,41.97456049070945,-87.71971674437485,8,43.35779,44.392944,43.07547,31.8588
882664d99bfffff,41.97456049070945,-87.71971674437485,9,33.991833,37.076435,43.987377,29.286934
882664d99bfffff,41.97456049070945,-87.71971674437485,10,21.475199,26.289692,33.02941,21.926073
882664d99bfffff,41.97456049070945,-87.71971674437485,11,13.378799,19.453981,19.991505,13.187725
882664d99bfffff,41.97456049070945,-87.71971674437485,12,12.513454,15.84974,19.553738,12.773697
882664d99dfffff,41.98309439012666,-87.73593885349506,1,17.281422,14.806859,16.512484,13.074624
882664d99dfffff,41.98309439012666,-87.73593885349506,2,24.187698,14.405072,20.143711,19.884708
882664d99dfffff,41.98309439012666,-87.73593885349506,3,32.244583,20.133583,25.783705,22.719408
882664d99dfffff,41.98309439012666,-87.73593885349506,4,29.09834,36.07047,29.114908,23.177568
882664d99dfffff,41.98309439012666,-87.73593885349506,5,41.124775,53.594723,32.558678,29.65736
882664d99dfffff,41.98309439012666,-87.73593885349506,6,45.129963,51.83175,32.984665,30.782654
882664d99dfffff,41.98309439012666,-87.73593885349506,7,40.544533,53.10958,32.604202,27.755384
882664d99dfffff,41.98309439012666,-87.73593885349506,8,33.00163,39.86346,32.26636,23.102917
882664d99dfffff,41.98309439012666,-87.73593885349506,9,30.727827,24.781233,30.881487,21.829802
882664d99dfffff,41.98309439012666,-87.73593885349506,10,26.41308,19.186083,24.810884,19.035473
882664d99dfffff,41.98309439012666,-87.73593885349506,11,15.285815,15.051408,19.514088,10.767521
882664d99dfffff,41.98309439012666,-87.73593885349506,12,13.911605,12.528531,19.035778,10.417175
882664d9a1fffff,41.987210075490026,-87.78176320097127,1,21.646172,29.37539,16.873446,20.183947
882664d9a1fffff,41.987210075490026,-87.78176320097127,2,28.086296,30.01388,29.003607,26.565973
882664d9a1fffff,41.987210075490026,-87.78176320097127,3,33.091175,34.2646,35.54095,33.340073
882664d9a1fffff,41.987210075490026,-87.78176320097127,4,39.29371,62.05067,40.27602,37.15621
882664d9a1fffff,41.987210075490026,-87.78176320097127,5,57.743114,86.14184,47.151085,44.644344
882664d9a1fffff,41.987210075490026,-87.78176320097127,6,64.03052,83.65214,47.76896,45.75025
882664d9a1fffff,41.987210075490026,-87.78176320097127,7,58.17052,82.819336,44.989277,41.370483
882664d9a1fffff,41.987210075490026,-87.78176320097127,8,46.608257,64.2502,42.75036,36.466854
882664d9a1fffff,41.987210075490026,-87.78176320097127,9,48.520737,50.37155,42.68957,35.023037
882664d9a1fffff,41.987210075490026,-87.78176320097127,10,34.650917,36.16452,34.131027,27.915653
882664d9a1fffff,41.987210075490026,-87.78176320097127,11,18.281849,25.79388,19.859966,19.710535
882664d9a1fffff,41.987210075490026,-87.78176320097127,12,16.97509,21.242744,19.325508,19.431967
882664d9a3fffff,41.97971046170559,-87.77698755308542,1,14.519056,23.958271,16.851023,14.062683
882664d9a3fffff,41.97971046170559,-87.77698755308542,2,21.492983,26.389162,27.7452,22.237173
882664d9a3fffff,41.97971046170559,-87.77698755308542,3,26.141186,30.113188,34.21159,30.38752
882664d9a3fffff,41.97971046170559,-87.77698755308542,4,40.3436,40.431187,39.17292,33.993458
882664d9a3fffff,41.97971046170559,-87.77698755308542,5,47.93227,58.952816,42.513535,36.856365
882664d9a3fffff,41.97971046170559,-87.77698755308542,6,52.311253,56.923927,43.436028,37.276424
882664d9a3fffff,41.97971046170559,-87.77698755308542,7,46.711075,57.212082,41.2126,33.93152
882664d9a3fffff,41.97971046170559,-87.77698755308542,8,45.934566,48.49854,40.79575,32.941853
882664d9a3fffff,41.97971046170559,-87.77698755308542,9,42.07839,43.370193,40.490887,30.351912
882664d9a3fffff,41.97971046170559,-87.77698755308542,10,26.97521,33.23693,31.73066,22.429552
882664d9a3fffff,41.97971046170559,-87.77698755308542,11,10.768175,20.431496,19.51584,14.132297
882664d9a3fffff,41.97971046170559,-87.77698755308542,12,10.608162,17.439684,19.078074,13.718265
882664d9a5fffff,41.98823610750181,-87.79321974648309,1,13.3645115,17.809011,19.501335,12.374755
882664d9a5fffff,41.98823610750181,-87.79321974648309,2,21.392965,20.992804,30.339293,23.359386
882664d9a5fffff,41.98823610750181,-87.79321974648309,3,30.998688,28.50594,36.617542,30.984907
882664d9a5fffff,41.98823610750181,-87.79321974648309,4,49.68635,46.327026,40.77168,35.532402
882664d9a5fffff,41.98823610750181,-87.79321974648309,5,55.68866,73.559685,44.802433,38.146194
882664d9a5fffff,41.98823610750181,-87.79321974648309,6,59.07794,72.52833,45.580563,38.727318
882664d9a5fffff,41.98823610750181,-87.79321974648309,7,55.079433,73.2294,44.092888,36.5433
882664d9a5fffff,41.98823610750181,-87.79321974648309,8,49.73571,52.49659,41.700874,37.281174
882664d9a5fffff,41.98823610750181,-87.79321974648309,9,36.00311,35.406128,40.20498,33.483246
882664d9a5fffff,41.98823610750181,-87.79321974648309,10,22.20861,26.101667,31.913221,24.657572
882664d9a5fffff,41.98823610750181,-87.79321974648309,11,11.782928,18.147627,21.798399,13.179529
882664d9a5fffff,41.98823610750181,-87.79321974648309,12,10.468964,14.441869,21.357347,12.639023
882664d9a7fffff,41.9807369900146,-87.78844226708055,1,14.674027,16.691698,14.795864,11.246503
882664d9a7fffff,41.9807369900146,-87.78844226708055,2,20.276888,18.26565,22.617474,17.945766
882664d9a7fffff,41.9807369900146,-87.78844226708055,3,27.016132,22.359634,29.643984,24.593386
882664d9a7fffff,41.9807369900146,-87.78844226708055,4,41.341473,31.301224,36.738834,27.968534
882664d9a7fffff,41.9807369900146,-87.78844226708055,5,55.5342,50.632675,41.089447,31.962036
882664d9a7fffff,41.9807369900146,-87.78844226708055,6,61.866528,48.05186,40.774105,33.320023
882664d9a7fffff,41.9807369900146,-87.78844226708055,7,55.199615,49.93729,39.35595,29.481785
882664d9a7fffff,41.9807369900146,-87.78844226708055,8,44.682625,37.586914,38.14529,28.41737
882664d9a7fffff,41.9807369900146,-87.78844226708055,9,28.537025,28.436396,36.188644,25.294779
882664d9a7fffff,41.9807369900146,-87.78844226708055,10,22.563066,21.547832,25.401005,18.900509
882664d9a7fffff,41.9807369900146,-87.78844226708055,11,12.438983,15.646708,16.915855,11.498802
882664d9a7fffff,41.9807369900146,-87.78844226708055,12,11.401523,12.600876,16.723522,11.15977
882664d9a9fffff,41.99368338129626,-87.7750821493889,1,12.646913,16.375021,15.20371,10.371389
882664d9a9fffff,41.99368338129626,-87.7750821493889,2,19.591248,16.19901,16.507807,14.244694
882664d9a9fffff,41.99368338129626,-87.7750821493889,3,26.483948,20.011454,21.808048,16.426739
882664d9a9fffff,41.99368338129626,-87.7750821493889,4,32.453857,35.845184,26.345879,15.525027
882664d9a9fffff,41.99368338129626,-87.7750821493889,5,47.131386,51.28015,30.235489,20.999434
882664d9a9fffff,41.99368338129626,-87.7750821493889,6,51.79957,50.542847,31.203142,22.381823
882664d9a9fffff,41.99368338129626,-87.7750821493889,7,44.37446,50.26529,30.243954,19.254585
882664d9a9fffff,41.99368338129626,-87.7750821493889,8,34.785244,38.77635,29.39671,15.686417
882664d9a9fffff,41.99368338129626,-87.7750821493889,9,25.91601,21.244827,27.626314,14.216825
882664d9a9fffff,41.99368338129626,-87.7750821493889,10,19.070894,21.261105,20.822357,14.708121
882664d9a9fffff,41.99368338129626,-87.7750821493889,11,10.324588,15.989931,17.745037,9.22018
882664d9a9fffff,41.99368338129626,-87.7750821493889,12,8.950379,12.985701,18.109253,9.479207
882664d9abfffff,41.9861828876787,-87.77030683800491,1,9.923218,16.372173,16.601131,10.474967
882664d9abfffff,41.9861828876787,-87.77030683800491,2,17.235767,17.301142,25.606417,17.54952
882664d9abfffff,41.9861828876787,-87.77030683800491,3,21.335346,23.983713,31.395935,23.676937
882664d9abfffff,41.9861828876787,-87.77030683800491,4,38.275608,37.190224,35.15243,25.198328
882664d9abfffff,41.9861828876787,-87.77030683800491,5,46.425304,53.10344,40.385143,28.36743
882664d9abfffff,41.9861828876787,-87.77030683800491,6,49.082123,52.07206,42.354713,30.124256
882664d9abfffff,41.9861828876787,-87.77030683800491,7,45.854233,53.53437,40.46976,26.844215
882664d9abfffff,41.9861828876787,-87.77030683800491,8,41.110283,44.806213,36.20386,27.23713
882664d9abfffff,41.9861828876787,-87.77030683800491,9,24.745956,26.479935,34.011456,22.949173
882664d9abfffff,41.9861828876787,-87.77030683800491,10,19.097141,21.319717,28.129454,19.41953
882664d9abfffff,41.9861828876787,-87.77030683800491,11,8.568029,16.606853,19.942776,11.268267
882664d9abfffff,41.9861828876787,-87.77030683800491,12,8.307135,14.326303,19.939854,11.203949
882664d9adfffff,41.99471007285319,-87.78654034462244,1,15.098667,19.419683,16.80678,11.639091
882664d9adfffff,41.99471007285319,-87.78654034462244,2,22.267689,22.074558,27.382427,20.87355
882664d9adfffff,41.99471007285319,-87.78654034462244,3,31.672789,26.078884,33.015266,28.793674
882664d9adfffff,41.99471007285319,-87.78654034462244,4,35.299587,35.67178,37.28529,32.425083
882664d9adfffff,41.99471007285319,-87.78654034462244,5,39.953438,60.22823,42.611744,34.524887
882664d9adfffff,41.99471007285319,-87.78654034462244,6,44.39363,58.713875,42.911957,35.118076
882664d9adfffff,41.99471007285319,-87.78654034462244,7,40.377636,58.47089,41.258118,32.977943
882664d9adfffff,41.99471007285319,-87.78654034462244,8,38.449066,41.039066,39.435337,33.20214
882664d9adfffff,41.99471007285319,-87.78654034462244,9,42.26117,38.437996,39.81981,30.58302
882664d9adfffff,41.99471007285319,-87.78654034462244,10,28.474464,29.90745,30.61812,22.692951
882664d9adfffff,41.99471007285319,-87.78654034462244,11,10.924683,15.96215,19.440857,13.390739
882664d9adfffff,41.99471007285319,-87.78654034462244,12,9.596802,12.332702,18.958279,12.788832
882664d9b1fffff,41.97118305267872,-87.76076070061738,1,18.360779,21.44725,15.44713,16.226257
882664d9b1fffff,41.97118305267872,-87.76076070061738,2,26.14705,24.686762,27.450762,24.490477
882664d9b1fffff,41.97118305267872,-87.76076070061738,3,34.957264,31.118767,32.029545,32.46675
882664d9b1fffff,41.97118305267872,-87.76076070061738,4,44.15826,41.045616,37.07734,36.95502
882664d9b1fffff,41.97118305267872,-87.76076070061738,5,55.048763,64.911194,42.759304,41.13187
882664d9b1fffff,41.97118305267872,-87.76076070061738,6,60.15542,62.562733,42.901657,41.187412
882664d9b1fffff,41.97118305267872,-87.76076070061738,7,54.45407,64.223595,39.963943,38.5447
882664d9b1fffff,41.97118305267872,-87.76076070061738,8,45.81762,47.678535,36.793198,37.987614
882664d9b1fffff,41.97118305267872,-87.76076070061738,9,34.98148,41.848526,35.44385,34.769424
882664d9b1fffff,41.97118305267872,-87.76076070061738,10,26.336378,29.864277,28.37078,24.990501
882664d9b1fffff,41.97118305267872,-87.76076070061738,11,16.780453,21.478157,17.335018,15.9310875
882664d9b1fffff,41.97118305267872,-87.76076070061738,12,16.33971,18.965162,16.851612,15.400378
882664d9b3fffff,41.96368371207913,-87.75598987334212,1,14.951086,19.717075,19.348,12.814225
882664d9b3fffff,41.96368371207913,-87.75598987334212,2,21.84188,21.31428,31.604383,21.551073
882664d9b3fffff,41.96368371207913,-87.75598987334212,3,29.931295,25.8642,37.628456,29.409859
882664d9b3fffff,41.96368371207913,-87.75598987334212,4,38.944813,40.126728,42.411488,34.305664
882664d9b3fffff,41.96368371207913,-87.75598987334212,5,45.35203,64.04147,47.178078,38.651623
882664d9b3fffff,41.96368371207913,-87.75598987334212,6,52.309757,64.84143,47.619534,38.63816
882664d9b3fffff,41.96368371207913,-87.75598987334212,7,44.800964,62.772217,44.27739,35.23585
882664d9b3fffff,41.96368371207913,-87.75598987334212,8,40.404182,46.34977,42.517746,34.20213
882664d9b3fffff,41.96368371207913,-87.75598987334212,9,28.57182,36.944702,41.06172,29.712818
882664d9b3fffff,41.96368371207913,-87.75598987334212,10,22.440067,25.95865,33.13726,21.492031
882664d9b3fffff,41.96368371207913,-87.75598987334212,11,13.675537,19.275745,21.101011,12.840136
882664d9b3fffff,41.96368371207913,-87.75598987334212,12,12.542536,15.133978,20.761606,12.390354
882664d9b5fffff,41.97221123189153,-87.77221340032884,1,11.6029215,17.08345,17.136492,9.864285
882664d9b5fffff,41.97221123189153,-87.77221340032884,2,19.953348,19.606138,26.123913,18.44791
882664d9b5fffff,41.97221123189153,-87.77221340032884,3,30.922525,25.247852,30.52119,25.91266
882664d9b5fffff,41.97221123189153,-87.77221340032884,4,37.267395,37.357185,36.51102,29.226852
882664d9b5fffff,41.97221123189153,-87.77221340032884,5,47.211544,62.248573,40.411865,33.62356
882664d9b5fffff,41.97221123189153,-87.77221340032884,6,52.221058,60.069023,40.45447,33.592785
882664d9b5fffff,41.97221123189153,-87.77221340032884,7,45.87991,61.120956,38.57924,31.0337
882664d9b5fffff,41.97221123189153,-87.77221340032884,8,37.64459,42.87299,36.60518,29.48303
882664d9b5fffff,41.97221123189153,-87.77221340032884,9,28.443922,33.12084,34.05709,25.834461
882664d9b5fffff,41.97221123189153,-87.77221340032884,10,19.381151,23.527279,26.942535,18.385817
882664d9b5fffff,41.97221123189153,-87.77221340032884,11,9.321687,16.30573,18.877003,9.309715
882664d9b5fffff,41.97221123189153,-87.77221340032884,12,8.882066,13.493334,18.605682,8.844208
882664d9b7fffff,41.96471238643931,-87.76744074206579,1,12.669142,17.477024,18.022377,12.18581
882664d9b7fffff,41.96471238643931,-87.76744074206579,2,19.255138,17.310646,29.208208,19.537052
882664d9b7fffff,41.96471238643931,-87.76744074206579,3,22.59713,20.107271,33.73551,25.754408
882664d9b7fffff,41.96471238643931,-87.76744074206579,4,33.021572,30.889204,38.088776,30.438828
882664d9b7fffff,41.96471238643931,-87.76744074206579,5,41.99276,47.3029,42.686935,34.219414
882664d9b7fffff,41.96471238643931,-87.76744074206579,6,45.867817,45.05188,43.281208,33.510868
882664d9b7fffff,41.96471238643931,-87.76744074206579,7,40.910595,46.733467,41.50351,32.07118
882664d9b7fffff,41.96471238643931,-87.76744074206579,8,38.17248,38.46156,38.226788,30.98005
882664d9b7fffff,41.96471238643931,-87.76744074206579,9,26.703585,28.139914,36.876465,26.5432
882664d9b7fffff,41.96471238643931,-87.76744074206579,10,22.061716,20.79725,31.054995,19.79189
882664d9b7fffff,41.96471238643931,-87.76744074206579,11,11.7811985,17.000935,20.480827,12.119574
882664d9b7fffff,41.96471238643931,-87.76744074206579,12,11.701265,15.003535,20.043056,11.705545
882664d9b9fffff,41.97765393899279,-87.75407867461479,1,12.183779,14.561311,19.246262,13.663408
882664d9b9fffff,41.97765393899279,-87.75407867461479,2,20.95058,19.807491,30.49328,25.586905
882664d9b9fffff,41.97765393899279,-87.75407867461479,3,32.732227,27.886372,37.021374,34.691853
882664d9b9fffff,41.97765393899279,-87.75407867461479,4,46.955574,48.862244,43.06553,37.582375
882664d9b9fffff,41.97765393899279,-87.75407867461479,5,51.361652,72.292496,48.293995,39.459545
882664d9b9fffff,41.97765393899279,-87.75407867461479,6,54.485344,71.18278,48.64633,40.15732
882664d9b9fffff,41.97765393899279,-87.75407867461479,7,51.29843,71.70306,47.08738,37.856655
882664d9b9fffff,41.97765393899279,-87.75407867461479,8,48.5942,53.72212,44.758663,38.950027
882664d9b9fffff,41.97765393899279,-87.75407867461479,9,33.351517,35.63794,44.176186,35.255756
882664d9b9fffff,41.97765393899279,-87.75407867461479,10,21.632442,24.110962,33.30889,27.307507
882664d9b9fffff,41.97765393899279,-87.75407867461479,11,11.510651,14.845628,21.481596,14.79939
882664d9b9fffff,41.97765393899279,-87.75407867461479,12,10.276766,11.781437,21.09715,14.258883
882664d9bbfffff,41.97015371855829,-87.74930818500981,1,12.598984,20.861692,12.712162,14.753268
882664d9bbfffff,41.97015371855829,-87.74930818500981,2,18.668325,21.654242,24.17427,21.61868
882664d9bbfffff,41.97015371855829,-87.74930818500981,3,22.885088,24.837324,31.353506,28.594912
882664d9bbfffff,41.97015371855829,-87.74930818500981,4,37.53156,42.77102,40.33363,33.80703
882664d9bbfffff,41.97015371855829,-87.74930818500981,5,48.051914,58.605476,46.220005,37.561443
882664d9bbfffff,41.97015371855829,-87.74930818500981,6,54.180763,55.898964,46.97807,37.602512
882664d9bbfffff,41.97015371855829,-87.74930818500981,7,48.858646,58.507915,44.990803,35.523647
882664d9bbfffff,41.97015371855829,-87.74930818500981,8,41.543427,51.11383,39.87374,34.73263
882664d9bbfffff,41.97015371855829,-87.74930818500981,9,28.330456,38.04911,38.380066,29.977654
882664d9bbfffff,41.97015371855829,-87.74930818500981,10,19.407917,25.846373,25.172058,22.798586
882664d9bbfffff,41.97015371855829,-87.74930818500981,11,12.085215,20.862469,15.690781,15.019086
882664d9bbfffff,41.97015371855829,-87.74930818500981,12,11.21987,17.889448,15.405496,14.54435
882664d9bdfffff,41.97868277800901,-87.76553302195975,1,17.217531,22.083353,16.703676,15.184218
882664d9bdfffff,41.97868277800901,-87.76553302195975,2,25.368408,25.306046,28.321331,23.579533
882664d9bdfffff,41.97868277800901,-87.76553302195975,3,33.369514,32.55716,33.911415,32.19882
882664d9bdfffff,41.97868277800901,-87.76553302195975,4,44.983257,50.10353,38.753498,36.766808
882664d9bdfffff,41.97868277800901,-87.76553302195975,5,55.34953,74.40826,44.019447,41.422653
882664d9bdfffff,41.97868277800901,-87.76553302195975,6,60.45618,71.992485,44.29476,40.882877
882664d9bdfffff,41.97868277800901,-87.76553302195975,7,54.995033,73.26897,41.22409,38.356804
882664d9bdfffff,41.97868277800901,-87.76553302195975,8,48.665005,56.55973,37.631874,37.039143
882664d9bdfffff,41.97868277800901,-87.76553302195975,9,32.969242,42.837864,36.668636,33.173847
882664d9bdfffff,41.97868277800901,-87.76553302195975,10,27.6087,29.885992,29.093466,23.475674
882664d9bdfffff,41.97868277800901,-87.76553302195975,11,16.105135,22.060291,18.416576,14.733961
882664d9bdfffff,41.97868277800901,-87.76553302195975,12,15.757545,19.54729,17.93317,14.076776
882664d9d1fffff,41.99603593682155,-87.7225615774961,1,11.256274,17.388113,17.887928,15.21351
882664d9d1fffff,41.99603593682155,-87.7225615774961,2,19.724611,16.505219,26.770784,21.362734
882664d9d1fffff,41.99603593682155,-87.7225615774961,3,25.51678,22.350212,33.81211,25.779303
882664d9d1fffff,41.99603593682155,-87.7225615774961,4,39.49849,36.75391,38.39219,28.29324
882664d9d1fffff,41.99603593682155,-87.7225615774961,5,53.231403,55.244514,41.13842,32.822502
882664d9d1fffff,41.99603593682155,-87.7225615774961,6,59.98542,54.18152,41.64539,34.311535
882664d9d1fffff,41.99603593682155,-87.7225615774961,7,52.595802,54.308773,41.526985,31.437916
882664d9d1fffff,41.99603593682155,-87.7225615774961,8,44.283863,39.162014,39.80733,29.518656
882664d9d1fffff,41.99603593682155,-87.7225615774961,9,28.518858,22.70058,37.6281,26.414593
882664d9d1fffff,41.99603593682155,-87.7225615774961,10,20.51161,21.024492,30.28938,22.929049
882664d9d1fffff,41.99603593682155,-87.7225615774961,11,9.031886,16.866379,20.647217,14.686453
882664d9d1fffff,41.99603593682155,-87.7225615774961,12,7.577595,13.674369,20.2655,14.411686
882664d9d3fffff,41.98853258271563,-87.71779393845993,1,14.423167,20.07584,13.783645,9.667456
882664d9d3fffff,41.98853258271563,-87.71779393845993,2,18.761658,25.145344,22.125343,21.120441
882664d9d3fffff,41.98853258271563,-87.71779393845993,3,26.713827,30.474289,26.98463,27.607027
882664d9d3fffff,41.98853258271563,-87.71779393845993,4,32.690853,35.16194,29.706503,28.888323
882664d9d3fffff,41.98853258271563,-87.71779393845993,5,40.76425,45.718117,31.922644,30.726915
882664d9d3fffff,41.98853258271563,-87.71779393845993,6,45.232273,44.078117,32.698975,32.3361
882664d9d3fffff,41.98853258271563,-87.71779393845993,7,40.868538,45.7011,30.987562,29.475212
882664d9d3fffff,41.98853258271563,-87.71779393845993,8,35.41096,38.706654,29.150316,29.398926
882664d9d3fffff,41.98853258271563,-87.71779393845993,9,32.39476,37.251297,31.117407,28.189568
882664d9d3fffff,41.98853258271563,-87.71779393845993,10,21.161924,26.508595,22.156853,22.093336
882664d9d3fffff,41.98853258271563,-87.71779393845993,11,12.270066,18.532368,15.998619,10.911737
882664d9d3fffff,41.98853258271563,-87.71779393845993,12,11.312686,15.235455,16.203506,10.656238
882664d9d5fffff,41.99706791385461,-87.73402068225396,1,19.836496,19.487791,12.82575,13.103593
882664d9d5fffff,41.99706791385461,-87.73402068225396,2,26.337185,23.149694,22.34611,18.691973
882664d9d5fffff,41.99706791385461,-87.73402068225396,3,29.178055,27.979883,28.789919,24.081589
882664d9d5fffff,41.99706791385461,-87.73402068225396,4,31.943552,33.631485,29.432346,24.465714
882664d9d5fffff,41.99706791385461,-87.73402068225396,5,41.045074,44.15548,26.85975,26.197254
882664d9d5fffff,41.99706791385461,-87.73402068225396,6,45.474785,42.89955,28.543692,27.869368
882664d9d5fffff,41.99706791385461,-87.73402068225396,7,40.734295,42.982746,27.807327,24.363369
882664d9d5fffff,41.99706791385461,-87.73402068225396,8,35.662292,36.992027,29.77062,24.132092
882664d9d5fffff,41.99706791385461,-87.73402068225396,9,34.900017,34.075348,30.072416,22.97547
882664d9d5fffff,41.99706791385461,-87.73402068225396,10,27.9038,24.282589,26.25416,19.467033
882664d9d5fffff,41.99706791385461,-87.73402068225396,11,18.778477,17.388624,17.237478,11.690474
882664d9d5fffff,41.99706791385461,-87.73402068225396,12,18.218796,15.309719,16.998793,11.499241
882664d9d7fffff,41.98956505430994,-87.72925120890751,1,15.020389,14.224153,15.243533,11.608048
882664d9d7fffff,41.98956505430994,-87.72925120890751,2,20.964174,18.23389,23.471348,20.566776
882664d9d7fffff,41.98956505430994,-87.72925120890751,3,31.532606,24.144833,28.687124,27.440367
882664d9d7fffff,41.98956505430994,-87.72925120890751,4,39.0892,38.295807,34.11558,31.374258
882664d9d7fffff,41.98956505430994,-87.72925120890751,5,46.05225,60.7064,36.680458,34.603203
882664d9d7fffff,41.98956505430994,-87.72925120890751,6,49.49226,58.227333,37.60236,35.54429
882664d9d7fffff,41.98956505430994,-87.72925120890751,7,44.955822,60.37768,35.698414,33.000313
882664d9d7fffff,41.98956505430994,-87.72925120890751,8,40.094856,41.982227,35.781235,31.727392
882664d9d7fffff,41.98956505430994,-87.72925120890751,9,28.421595,31.778374,34.69496,28.563261
882664d9d7fffff,41.98956505430994,-87.72925120890751,10,22.140648,21.410515,25.17939,20.50096
882664d9d7fffff,41.98956505430994,-87.72925120890751,11,12.66265,14.194184,17.395685,11.562813
882664d9d7fffff,41.98956505430994,-87.72925120890751,12,11.437617,11.3955555,17.522638,11.021722
882664d9dbfffff,41.99500280357434,-87.71110266010893,1,9.771889,18.100012,20.978226,14.331324
882664d9dbfffff,41.99500280357434,-87.71110266010893,2,17.817013,19.589373,32.1864,23.345648
882664d9dbfffff,41.99500280357434,-87.71110266010893,3,23.745304,26.047495,38.685295,29.959549
882664d9dbfffff,41.99500280357434,-87.71110266010893,4,40.538097,38.91031,43.06195,33.792984
882664d9dbfffff,41.99500280357434,-87.71110266010893,5,51.193176,57.082527,47.09324,37.451466
882664d9dbfffff,41.99500280357434,-87.71110266010893,6,55.98966,55.464565,47.76343,37.63187
882664d9dbfffff,41.99500280357434,-87.71110266010893,7,51.91028,57.331688,46.074318,35.592396
882664d9dbfffff,41.99500280357434,-87.71110266010893,8,46.059383,46.29983,42.181293,35.36802
882664d9dbfffff,41.99500280357434,-87.71110266010893,9,30.293554,28.103092,41.457714,31.110474
882664d9dbfffff,41.99500280357434,-87.71110266010893,10,20.864496,23.445057,33.05357,24.410233
882664d9dbfffff,41.99500280357434,-87.71110266010893,11,8.552341,18.476652,23.508812,14.64945
882664d9dbfffff,41.99500280357434,-87.71110266010893,12,7.586113,15.229626,22.96325,14.047541
882664d9e1fffff,42.00765866389894,-87.7731755821557,1,8.773322,12.995568,9.962035,10.323615
882664d9e1fffff,42.00765866389894,-87.7731755821557,2,17.494295,16.203413,16.30306,15.231911
882664d9e1fffff,42.00765866389894,-87.7731755821557,3,22.918049,21.914597,18.815,21.961739
882664d9e1fffff,42.00765866389894,-87.7731755821557,4,26.959436,41.750416,23.488394,30.043959
882664d9e1fffff,42.00765866389894,-87.7731755821557,5,46.254112,59.3546,27.83621,32.51559
882664d9e1fffff,42.00765866389894,-87.7731755821557,6,49.74169,56.94132,28.630713,33.686394
882664d9e1fffff,42.00765866389894,-87.7731755821557,7,46.26667,58.49039,27.554663,31.23205
882664d9e1fffff,42.00765866389894,-87.7731755821557,8,32.384014,49.10034,24.757751,31.548212
882664d9e1fffff,42.00765866389894,-87.7731755821557,9,21.705082,24.627468,24.004013,25.364092
882664d9e1fffff,42.00765866389894,-87.7731755821557,10,17.888012,18.71664,19.55643,17.463036
882664d9e1fffff,42.00765866389894,-87.7731755821557,11,7.752985,12.235894,13.003254,10.804906
882664d9e1fffff,42.00765866389894,-87.7731755821557,12,7.610032,10.657811,12.801549,10.229887
882664d9e3fffff,42.00015690698042,-87.76839911162975,1,10.8873415,15.046954,13.374358,10.501644
882664d9e3fffff,42.00015690698042,-87.76839911162975,2,17.653435,15.992511,20.056887,18.193539
882664d9e3fffff,42.00015690698042,-87.76839911162975,3,25.98204,20.020187,24.349327,24.339436
882664d9e3fffff,42.00015690698042,-87.76839911162975,4,35.633247,30.201021,29.357315,31.446657
882664d9e3fffff,42.00015690698042,-87.76839911162975,5,48.590664,53.586063,33.21579,34.151463
882664d9e3fffff,42.00015690698042,-87.76839911162975,6,52.847664,52.125828,33.80229,34.487114
882664d9e3fffff,42.00015690698042,-87.76839911162975,7,46.81432,53.177902,31.740007,33.010433
882664d9e3fffff,42.00015690698042,-87.76839911162975,8,37.54371,34.75536,29.805656,32.6852
882664d9e3fffff,42.00015690698042,-87.76839911162975,9,23.659973,21.987581,28.327787,27.454388
882664d9e3fffff,42.00015690698042,-87.76839911162975,10,20.079828,18.875538,21.732286,20.323355
882664d9e3fffff,42.00015690698042,-87.76839911162975,11,9.398694,13.866047,15.630576,12.220404
882664d9e3fffff,42.00015690698042,-87.76839911162975,12,8.887307,11.488969,15.716371,11.585877
882664d9e5fffff,42.00868551880766,-87.78463726071892,1,11.840785,8.109886,10.100961,8.240396
882664d9e5fffff,42.00868551880766,-87.78463726071892,2,19.863138,13.983936,15.309014,12.932409
882664d9e5fffff,42.00868551880766,-87.78463726071892,3,28.087046,19.445019,17.84484,17.844107
882664d9e5fffff,42.00868551880766,-87.78463726071892,4,27.762974,28.935875,23.556192,24.31428
882664d9e5fffff,42.00868551880766,-87.78463726071892,5,36.7485,40.127304,28.455828,28.009766
882664d9e5fffff,42.00868551880766,-87.78463726071892,6,42.00149,38.05088,29.25396,28.983208
882664d9e5fffff,42.00868551880766,-87.78463726071892,7,37.178097,39.527008,28.701534,27.59331
882664d9e5fffff,42.00868551880766,-87.78463726071892,8,33.02925,34.167828,25.912281,24.919094
882664d9e5fffff,42.00868551880766,-87.78463726071892,9,26.797354,22.307766,25.076761,21.55398
882664d9e5fffff,42.00868551880766,-87.78463726071892,10,22.329317,16.21732,18.741262,14.186959
882664d9e5fffff,42.00868551880766,-87.78463726071892,11,11.588388,7.816904,14.5231085,9.075803
882664d9e5fffff,42.00868551880766,-87.78463726071892,12,11.2187605,6.708595,14.817816,8.5949
882664d9e7fffff,42.00118425846989,-87.779858956748,1,13.656432,9.545463,9.181588,12.431748
882664d9e7fffff,42.00118425846989,-87.779858956748,2,21.381002,14.867476,17.067766,20.041338
882664d9e7fffff,42.00118425846989,-87.779858956748,3,34.05787,22.408928,21.943502,24.841349
882664d9e7fffff,42.00118425846989,-87.779858956748,4,31.905367,26.855137,26.908737,32.42737
882664d9e7fffff,42.00118425846989,-87.779858956748,5,41.001663,51.21461,31.555313,36.404705
882664d9e7fffff,42.00118425846989,-87.779858956748,6,45.434628,49.16744,33.955517,37.417526
882664d9e7fffff,42.00118425846989,-87.779858956748,7,41.159153,50.285305,31.737223,34.79786
882664d9e7fffff,42.00118425846989,-87.779858956748,8,37.208286,34.49254,28.98829,32.835194
882664d9e7fffff,42.00118425846989,-87.779858956748,9,31.597918,25.592896,27.085455,29.00961
882664d9e7fffff,42.00118425846989,-87.779858956748,10,24.385677,19.508242,21.00435,19.578259
882664d9e7fffff,42.00118425846989,-87.779858956748,11,12.96928,9.991148,13.586944,12.266499
882664d9e7fffff,42.00118425846989,-87.779858956748,12,12.357012,7.864789,12.986197,11.790545
882664d9edfffff,42.01516080395881,-87.77795354950337,1,5.348734,8.84816,10.014901,8.148301
882664d9edfffff,42.01516080395881,-87.77795354950337,2,15.714126,13.639512,14.652691,12.134813
882664d9edfffff,42.01516080395881,-87.77795354950337,3,21.116198,20.826097,20.4562,18.407982
882664d9edfffff,42.01516080395881,-87.77795354950337,4,35.591423,36.041286,29.231472,26.566843
882664d9edfffff,42.01516080395881,-87.77795354950337,5,49.704132,48.647877,36.93034,32.32596
882664d9edfffff,42.01516080395881,-87.77795354950337,6,55.01108,45.539036,38.169502,32.040287
882664d9edfffff,42.01516080395881,-87.77795354950337,7,49.427948,48.094704,37.42468,31.392168
882664d9edfffff,42.01516080395881,-87.77795354950337,8,39.062695,42.641518,33.291737,26.95854
882664d9edfffff,42.01516080395881,-87.77795354950337,9,24.079912,22.723633,31.806925,21.022501
882664d9edfffff,42.01516080395881,-87.77795354950337,10,15.721945,17.106783,20.339947,13.535309
882664d9edfffff,42.01516080395881,-87.77795354950337,11,4.31924,8.037294,14.168555,8.746094
882664d9edfffff,42.01516080395881,-87.77795354950337,12,4.248052,7.779254,14.225699,8.402229
8827593403fffff,41.99843284394517,-87.90779504097145,1,1.68827,0.8317988,1.7803096,1.2784406
8827593403fffff,41.99843284394517,-87.90779504097145,2,1.4034044,1.0066376,1.4460624,1.6529531
8827593403fffff,41.99843284394517,-87.90779504097145,3,1.78333,1.6688755,1.7143987,2.7669458
8827593403fffff,41.99843284394517,-87.90779504097145,4,2.9135323,0.7615173,2.8260362,3.8121722
8827593403fffff,41.99843284394517,-87.90779504097145,5,4.717814,1.8303727,3.798948,3.9022944
8827593403fffff,41.99843284394517,-87.90779504097145,6,4.81776,1.6325079,3.8304682,4.0779705
8827593403fffff,41.99843284394517,-87.90779504097145,7,4.0104003,2.197811,3.6255543,4.1094117
8827593403fffff,41.99843284394517,-87.90779504097145,8,2.538409,1.812979,3.3681333,4.191655
8827593403fffff,41.99843284394517,-87.90779504097145,9,0.9382089,1.5008409,2.9211588,4.045211
8827593403fffff,41.99843284394517,-87.90779504097145,10,1.3648002,1.2473352,2.0679991,2.1836793
8827593403fffff,41.99843284394517,-87.90779504097145,11,0.91978616,0.7314173,1.6549283,1.623847
8827593403fffff,41.99843284394517,-87.90779504097145,12,0.8471295,0.69165206,1.8372761,1.5458294
8827593407fffff,41.99944615777311,-87.91925353428809,1,1.68827,0.8317988,1.7803096,1.2784406
8827593407fffff,41.99944615777311,-87.91925353428809,2,1.4034044,1.0066376,1.4460624,1.6529531
8827593407fffff,41.99944615777311,-87.91925353428809,3,1.78333,1.6688755,1.7143987,2.7669458
8827593407fffff,41.99944615777311,-87.91925353428809,4,2.9135323,0.7615173,2.8260362,3.8121722
8827593407fffff,41.99944615777311,-87.91925353428809,5,4.717814,1.8303727,3.798948,3.9022944
8827593407fffff,41.99944615777311,-87.91925353428809,6,4.81776,1.6325079,3.8304682,4.0779705
8827593407fffff,41.99944615777311,-87.91925353428809,7,4.0104003,2.197811,3.6255543,4.1094117
8827593407fffff,41.99944615777311,-87.91925353428809,8,2.538409,1.812979,3.3681333,4.191655
8827593407fffff,41.99944615777311,-87.91925353428809,9,0.9382089,1.5008409,2.9211588,4.045211
8827593407fffff,41.99944615777311,-87.91925353428809,10,1.3648002,1.2473352,2.0679991,2.1836793
8827593407fffff,41.99944615777311,-87.91925353428809,11,0.91978616,0.7314173,1.6549283,1.623847
8827593407fffff,41.99944615777311,-87.91925353428809,12,0.8471295,0.69165206,1.8372761,1.5458294
882759340bfffff,42.00491338576846,-87.9011321685761,1,9.708973,18.014244,8.795328,7.484028
882759340bfffff,42.00491338576846,-87.9011321685761,2,18.770954,23.218784,12.610295,11.710474
882759340bfffff,42.00491338576846,-87.9011321685761,3,24.429169,25.217052,17.328598,19.826431
882759340bfffff,42.00491338576846,-87.9011321685761,4,26.0005,43.400658,24.159975,27.555054
882759340bfffff,42.00491338576846,-87.9011321685761,5,36.598618,63.151623,29.484055,30.127708
882759340bfffff,42.00491338576846,-87.9011321685761,6,42.370655,60.7888,30.686468,33.00113
882759340bfffff,42.00491338576846,-87.9011321685761,7,36.118977,61.551895,30.064283,30.95902
882759340bfffff,42.00491338576846,-87.9011321685761,8,27.389467,49.009113,26.565563,27.99157
882759340bfffff,42.00491338576846,-87.9011321685761,9,39.55597,43.367374,28.664148,25.788597
882759340bfffff,42.00491338576846,-87.9011321685761,10,24.536175,31.870024,16.7682,16.771482
882759340bfffff,42.00491338576846,-87.9011321685761,11,8.289252,16.659843,11.143597,9.836868
882759340bfffff,42.00491338576846,-87.9011321685761,12,8.146298,15.531542,10.99856,9.745844
8827593411fffff,41.989923741298846,-87.8915427717681,1,1.68827,0.8317988,1.7803096,1.2784406
8827593411fffff,41.989923741298846,-87.8915427717681,2,1.4034044,1.0066376,1.4460624,1.6529531
8827593411fffff,41.989923741298846,-87.8915427717681,3,1.78333,1.6688755,1.7143987,2.7669458
8827593411fffff,41.989923741298846,-87.8915427717681,4,2.9135323,0.7615173,2.8260362,3.8121722
8827593411fffff,41.989923741298846,-87.8915427717681,5,4.717814,1.8303727,3.798948,3.9022944
8827593411fffff,41.989923741298846,-87.8915427717681,6,4.81776,1.6325079,3.8304682,4.0779705
8827593411fffff,41.989923741298846,-87.8915427717681,7,4.0104003,2.197811,3.6255543,4.1094117
8827593411fffff,41.989923741298846,-87.8915427717681,8,2.538409,1.812979,3.3681333,4.191655
8827593411fffff,41.989923741298846,-87.8915427717681,9,0.9382089,1.5008409,2.9211588,4.045211
8827593411fffff,41.989923741298846,-87.8915427717681,10,1.3648002,1.2473352,2.0679991,2.1836793
8827593411fffff,41.989923741298846,-87.8915427717681,11,0.91978616,0.7314173,1.6549283,1.623847
8827593411fffff,41.989923741298846,-87.8915427717681,12,0.8471295,0.69165206,1.8372761,1.5458294
8827593413fffff,41.982429489283135,-87.88675032274534,1,1.68827,0.8317988,1.7803096,1.2784406
8827593413fffff,41.982429489283135,-87.88675032274534,2,1.4034044,1.0066376,1.4460624,1.6529531
8827593413fffff,41.982429489283135,-87.88675032274534,3,1.78333,1.6688755,1.7143987,2.7669458
8827593413fffff,41.982429489283135,-87.88675032274534,4,2.9135323,0.7615173,2.8260362,3.8121722
8827593413fffff,41.982429489283135,-87.88675032274534,5,4.717814,1.8303727,3.798948,3.9022944
8827593413fffff,41.982429489283135,-87.88675032274534,6,4.81776,1.6325079,3.8304682,4.0779705
8827593413fffff,41.982429489283135,-87.88675032274534,7,4.0104003,2.197811,3.6255543,4.1094117
8827593413fffff,41.982429489283135,-87.88675032274534,8,2.538409,1.812979,3.3681333,4.191655
8827593413fffff,41.982429489283135,-87.88675032274534,9,0.9382089,1.5008409,2.9211588,4.045211
8827593413fffff,41.982429489283135,-87.88675032274534,10,1.3648002,1.2473352,2.0679991,2.1836793
8827593413fffff,41.982429489283135,-87.88675032274534,11,0.91978616,0.7314173,1.6549283,1.623847
8827593413fffff,41.982429489283135,-87.88675032274534,12,0.8471295,0.69165206,1.8372761,1.5458294
8827593415fffff,41.99093871206279,-87.90299926432164,1,1.68827,0.8317988,1.7803096,1.2784406
8827593415fffff,41.99093871206279,-87.90299926432164,2,1.4034044,1.0066376,1.4460624,1.6529531
8827593415fffff,41.99093871206279,-87.90299926432164,3,1.78333,1.6688755,1.7143987,2.7669458
8827593415fffff,41.99093871206279,-87.90299926432164,4,2.9135323,0.7615173,2.8260362,3.8121722
8827593415fffff,41.99093871206279,-87.90299926432164,5,4.717814,1.8303727,3.798948,3.9022944
8827593415fffff,41.99093871206279,-87.90299926432164,6,4.81776,1.6325079,3.8304682,4.0779705
8827593415fffff,41.99093871206279,-87.90299926432164,7,4.0104003,2.197811,3.6255543,4.1094117
8827593415fffff,41.99093871206279,-87.90299926432164,8,2.538409,1.812979,3.3681333,4.191655
8827593415fffff,41.99093871206279,-87.90299926432164,9,0.9382089,1.5008409,2.9211588,4.045211
8827593415fffff,41.99093871206279,-87.90299926432164,10,1.3648002,1.2473352,2.0679991,2.1836793
8827593415fffff,41.99093871206279,-87.90299926432164,11,0.91978616,0.7314173,1.6549283,1.623847
8827593415fffff,41.99093871206279,-87.90299926432164,12,0.8471295,0.69165206,1.8372761,1.5458294
8827593417fffff,41.9834449600878,-87.89820498746987,1,1.68827,0.8317988,1.7803096,1.2784406
8827593417fffff,41.9834449600878,-87.89820498746987,2,1.4034044,1.0066376,1.4460624,1.6529531
8827593417fffff,41.9834449600878,-87.89820498746987,3,1.78333,1.6688755,1.7143987,2.7669458
8827593417fffff,41.9834449600878,-87.89820498746987,4,2.9135323,0.7615173,2.8260362,3.8121722
8827593417fffff,41.9834449600878,-87.89820498746987,5,4.717814,1.8303727,3.798948,3.9022944
8827593417fffff,41.9834449600878,-87.89820498746987,6,4.81776,1.6325079,3.8304682,4.0779705
8827593417fffff,41.9834449600878,-87.89820498746987,7,4.0104003,2.197811,3.6255543,4.1094117
8827593417fffff,41.9834449600878,-87.89820498746987,8,2.538409,1.812979,3.3681333,4.191655
8827593417fffff,41.9834449600878,-87.89820498746987,9,0.9382089,1.5008409,2.9211588,4.045211
8827593417fffff,41.9834449600878,-87.89820498746987,10,1.3648002,1.2473352,2.0679991,2.1836793
8827593417fffff,41.9834449600878,-87.89820498746987,11,0.91978616,0.7314173,1.6549283,1.623847
8827593417fffff,41.9834449600878,-87.89820498746987,12,0.8471295,0.69165206,1.8372761,1.5458294
8827593419fffff,41.99640274677694,-87.88487857278483,1,2.5597851,1.2358227,1.7692947,1.5152829
8827593419fffff,41.99640274677694,-87.88487857278483,2,2.4612167,1.685941,1.4053397,1.7071743
8827593419fffff,41.99640274677694,-87.88487857278483,3,3.3961217,2.3481781,1.692529,3.246424
8827593419fffff,41.99640274677694,-87.88487857278483,4,6.913419,3.8929882,3.2554977,3.9447267
8827593419fffff,41.99640274677694,-87.88487857278483,5,8.771305,5.0710373,4.932654,4.1860733
8827593419fffff,41.99640274677694,-87.88487857278483,6,9.102574,4.8731728,4.9641747,4.361749
8827593419fffff,41.99640274677694,-87.88487857278483,7,8.063891,5.4384756,4.7592607,4.3931913
8827593419fffff,41.99640274677694,-87.88487857278483,8,6.5919013,4.998276,4.055367,4.4414706
8827593419fffff,41.99640274677694,-87.88487857278483,9,4.319981,4.6861367,3.486228,4.295026
8827593419fffff,41.99640274677694,-87.88487857278483,10,2.4762185,1.980463,2.2567656,2.3695016
8827593419fffff,41.99640274677694,-87.88487857278483,11,1.7913014,1.2862198,1.6782677,1.9052457
8827593419fffff,41.99640274677694,-87.88487857278483,12,1.7186445,1.1747591,1.8606157,1.8299271
882759341bfffff,41.988907614484575,-87.88008645296708,1,1.68827,0.8317988,1.7803096,1.2784406
882759341bfffff,41.988907614484575,-87.88008645296708,2,1.4034044,1.0066376,1.4460624,1.6529531
882759341bfffff,41.988907614484575,-87.88008645296708,3,1.78333,1.6688755,1.7143987,2.7669458
882759341bfffff,41.988907614484575,-87.88008645296708,4,2.9135323,0.7615173,2.8260362,3.8121722
882759341bfffff,41.988907614484575,-87.88008645296708,5,4.717814,1.8303727,3.798948,3.9022944
882759341bfffff,41.988907614484575,-87.88008645296708,6,4.81776,1.6325079,3.8304682,4.0779705
882759341bfffff,41.988907614484575,-87.88008645296708,7,4.0104003,2.197811,3.6255543,4.1094117
882759341bfffff,41.988907614484575,-87.88008645296708,8,2.538409,1.812979,3.3681333,4.191655
882759341bfffff,41.988907614484575,-87.88008645296708,9,0.9382089,1.5008409,2.9211588,4.045211
882759341bfffff,41.988907614484575,-87.88008645296708,10,1.3648002,1.2473352,2.0679991,2.1836793
882759341bfffff,41.988907614484575,-87.88008645296708,11,0.91978616,0.7314173,1.6549283,1.623847
882759341bfffff,41.988907614484575,-87.88008645296708,12,0.8471295,0.69165206,1.8372761,1.5458294
882759341dfffff,41.99741837359161,-87.89633672016616,1,1.68827,0.8317988,1.7803096,1.2784406
882759341dfffff,41.99741837359161,-87.89633672016616,2,1.4034044,1.0066376,1.4460624,1.6529531
882759341dfffff,41.99741837359161,-87.89633672016616,3,1.78333,1.6688755,1.7143987,2.7669458
882759341dfffff,41.99741837359161,-87.89633672016616,4,2.9135323,0.7615173,2.8260362,3.8121722
882759341dfffff,41.99741837359161,-87.89633672016616,5,4.717814,1.8303727,3.798948,3.9022944
882759341dfffff,41.99741837359161,-87.89633672016616,6,4.81776,1.6325079,3.8304682,4.0779705
882759341dfffff,41.99741837359161,-87.89633672016616,7,4.0104003,2.197811,3.6255543,4.1094117
882759341dfffff,41.99741837359161,-87.89633672016616,8,2.538409,1.812979,3.3681333,4.191655
882759341dfffff,41.99741837359161,-87.89633672016616,9,0.9382089,1.5008409,2.9211588,4.045211
882759341dfffff,41.99741837359161,-87.89633672016616,10,1.3648002,1.2473352,2.0679991,2.1836793
882759341dfffff,41.99741837359161,-87.89633672016616,11,0.91978616,0.7314173,1.6549283,1.623847
882759341dfffff,41.99741837359161,-87.89633672016616,12,0.8471295,0.69165206,1.8372761,1.5458294
8827593423fffff,41.99397668740738,-87.93736977537523,1,2.5597851,1.2358227,1.7692947,1.5152829
8827593423fffff,41.99397668740738,-87.93736977537523,2,2.4612167,1.685941,1.4053397,1.7071743
8827593423fffff,41.99397668740738,-87.93736977537523,3,3.3961217,2.3481781,1.692529,3.246424
8827593423fffff,41.99397668740738,-87.93736977537523,4,6.913419,3.8929882,3.2554977,3.9447267
8827593423fffff,41.99397668740738,-87.93736977537523,5,8.771305,5.0710373,4.932654,4.1860733
8827593423fffff,41.99397668740738,-87.93736977537523,6,9.102574,4.8731728,4.9641747,4.361749
8827593423fffff,41.99397668740738,-87.93736977537523,7,8.063891,5.4384756,4.7592607,4.3931913
8827593423fffff,41.99397668740738,-87.93736977537523,8,6.5919013,4.998276,4.055367,4.4414706
8827593423fffff,41.99397668740738,-87.93736977537523,9,4.319981,4.6861367,3.486228,4.295026
8827593423fffff,41.99397668740738,-87.93736977537523,10,2.4762185,1.980463,2.2567656,2.3695016
8827593423fffff,41.99397668740738,-87.93736977537523,11,1.7913014,1.2862198,1.6782677,1.9052457
8827593423fffff,41.99397668740738,-87.93736977537523,12,1.7186445,1.1747591,1.8606157,1.8299271
882759342bfffff,42.00045831501114,-87.93071219920337,1,1.68827,0.8317988,1.7803096,1.2784406
882759342bfffff,42.00045831501114,-87.93071219920337,2,1.4034044,1.0066376,1.4460624,1.6529531
882759342bfffff,42.00045831501114,-87.93071219920337,3,1.78333,1.6688755,1.7143987,2.7669458
882759342bfffff,42.00045831501114,-87.93071219920337,4,2.9135323,0.7615173,2.8260362,3.8121722
882759342bfffff,42.00045831501114,-87.93071219920337,5,4.717814,1.8303727,3.798948,3.9022944
882759342bfffff,42.00045831501114,-87.93071219920337,6,4.81776,1.6325079,3.8304682,4.0779705
882759342bfffff,42.00045831501114,-87.93071219920337,7,4.0104003,2.197811,3.6255543,4.1094117
882759342bfffff,42.00045831501114,-87.93071219920337,8,2.538409,1.812979,3.3681333,4.191655
882759342bfffff,42.00045831501114,-87.93071219920337,9,0.9382089,1.5008409,2.9211588,4.045211
882759342bfffff,42.00045831501114,-87.93071219920337,10,1.3648002,1.2473352,2.0679991,2.1836793
882759342bfffff,42.00045831501114,-87.93071219920337,11,0.91978616,0.7314173,1.6549283,1.623847
882759342bfffff,42.00045831501114,-87.93071219920337,12,0.8471295,0.69165206,1.8372761,1.5458294
8827593431fffff,41.9854724345193,-87.92111483551406,1,1.7376956,0.82749534,2.566391,1.3960911
8827593431fffff,41.9854724345193,-87.92111483551406,2,1.45283,1.0023341,2.2631168,1.7706044
8827593431fffff,41.9854724345193,-87.92111483551406,3,1.8327558,1.664572,2.531454,2.9116998
8827593431fffff,41.9854724345193,-87.92111483551406,4,2.962958,0.7572139,3.9655645,3.9569252
8827593431fffff,41.9854724345193,-87.92111483551406,5,5.0071692,2.0501173,4.9624834,4.047048
8827593431fffff,41.9854724345193,-87.92111483551406,6,5.1071153,1.7891201,5.2360325,4.222723
8827593431fffff,41.9854724345193,-87.92111483551406,7,4.299757,2.3544238,4.989303,4.254165
8827593431fffff,41.9854724345193,-87.92111483551406,8,2.5878348,1.7181106,4.73188,4.3364086
8827593431fffff,41.9854724345193,-87.92111483551406,9,0.98763424,1.4691045,3.9241707,4.189964
8827593431fffff,41.9854724345193,-87.92111483551406,10,1.4142258,1.2155986,3.0710118,2.30133
8827593431fffff,41.9854724345193,-87.92111483551406,11,0.969212,0.72711384,2.6412218,1.741498
8827593431fffff,41.9854724345193,-87.92111483551406,12,0.82625884,0.64268184,2.8235698,1.6634804
8827593433fffff,41.97798006341826,-87.91631840399666,1,0.75489587,-1.0202931,2.3485508,2.6660478
8827593433fffff,41.97798006341826,-87.91631840399666,2,1.2556193,-0.31241184,0.9290531,2.5813243
8827593433fffff,41.97798006341826,-87.91631840399666,3,3.3541315,0.13787232,-0.08365489,1.9432312
8827593433fffff,41.97798006341826,-87.91631840399666,4,5.7942996,1.5507241,2.5421064,4.3408484
8827593433fffff,41.97798006341826,-87.91631840399666,5,9.549718,5.065305,3.929898,6.1809797
8827593433fffff,41.97798006341826,-87.91631840399666,6,10.209769,4.618421,3.4224262,7.6362705
8827593433fffff,41.97798006341826,-87.91631840399666,7,8.51441,4.952019,3.285674,5.7348704
8827593433fffff,41.97798006341826,-87.91631840399666,8,5.3262434,1.6427557,3.8338706,5.112586
8827593433fffff,41.97798006341826,-87.91631840399666,9,2.87499,0.89580995,1.7855524,3.9736152
8827593433fffff,41.97798006341826,-87.91631840399666,10,0.75077575,-0.65593994,2.5618262,3.6312325
8827593433fffff,41.97798006341826,-87.91631840399666,11,-0.38780582,-1.0413554,1.7752734,3.1547036
8827593433fffff,41.97798006341826,-87.91631840399666,12,-0.4354483,-1.4072409,1.6666161,2.7264156
8827593435fffff,41.986484438017456,-87.93257001701011,1,1.7376956,0.82749534,2.566391,1.3960911
8827593435fffff,41.986484438017456,-87.93257001701011,2,1.45283,1.0023341,2.2631168,1.7706044
8827593435fffff,41.986484438017456,-87.93257001701011,3,1.8327558,1.664572,2.531454,2.9116998
8827593435fffff,41.986484438017456,-87.93257001701011,4,2.962958,0.7572139,3.9655645,3.9569252
8827593435fffff,41.986484438017456,-87.93257001701011,5,5.0071692,2.0501173,4.9624834,4.047048
8827593435fffff,41.986484438017456,-87.93257001701011,6,5.1071153,1.7891201,5.2360325,4.222723
8827593435fffff,41.986484438017456,-87.93257001701011,7,4.299757,2.3544238,4.989303,4.254165
8827593435fffff,41.986484438017456,-87.93257001701011,8,2.5878348,1.7181106,4.73188,4.3364086
8827593435fffff,41.986484438017456,-87.93257001701011,9,0.98763424,1.4691045,3.9241707,4.189964
8827593435fffff,41.986484438017456,-87.93257001701011,10,1.4142258,1.2155986,3.0710118,2.30133
8827593435fffff,41.986484438017456,-87.93257001701011,11,0.969212,0.72711384,2.6412218,1.741498
8827593435fffff,41.986484438017456,-87.93257001701011,12,0.82625884,0.64268184,2.8235698,1.6634804
8827593437fffff,41.97899256781876,-87.92777175907263,1,1.7376956,0.82749534,2.566391,1.3960911
8827593437fffff,41.97899256781876,-87.92777175907263,2,1.45283,1.0023341,2.2631168,1.7706044
8827593437fffff,41.97899256781876,-87.92777175907263,3,1.8327558,1.664572,2.531454,2.9116998
8827593437fffff,41.97899256781876,-87.92777175907263,4,2.962958,0.7572139,3.9655645,3.9569252
8827593437fffff,41.97899256781876,-87.92777175907263,5,5.0071692,2.0501173,4.9624834,4.047048
8827593437fffff,41.97899256781876,-87.92777175907263,6,5.1071153,1.7891201,5.2360325,4.222723
8827593437fffff,41.97899256781876,-87.92777175907263,7,4.299757,2.3544238,4.989303,4.254165
8827593437fffff,41.97899256781876,-87.92777175907263,8,2.5878348,1.7181106,4.73188,4.3364086
8827593437fffff,41.97899256781876,-87.92777175907263,9,0.98763424,1.4691045,3.9241707,4.189964
8827593437fffff,41.97899256781876,-87.92777175907263,10,1.4142258,1.2155986,3.0710118,2.30133
8827593437fffff,41.97899256781876,-87.92777175907263,11,0.969212,0.72711384,2.6412218,1.741498
8827593437fffff,41.97899256781876,-87.92777175907263,12,0.82625884,0.64268184,2.8235698,1.6634804
8827593439fffff,41.99195252671174,-87.91445592971552,1,1.68827,0.8317988,1.7803096,1.2784406
8827593439fffff,41.99195252671174,-87.91445592971552,2,1.4034044,1.0066376,1.4460624,1.6529531
8827593439fffff,41.99195252671174,-87.91445592971552,3,1.78333,1.6688755,1.7143987,2.7669458
8827593439fffff,41.99195252671174,-87.91445592971552,4,2.9135323,0.7615173,2.8260362,3.8121722
8827593439fffff,41.99195252671174,-87.91445592971552,5,4.717814,1.8303727,3.798948,3.9022944
8827593439fffff,41.99195252671174,-87.91445592971552,6,4.81776,1.6325079,3.8304682,4.0779705
8827593439fffff,41.99195252671174,-87.91445592971552,7,4.0104003,2.197811,3.6255543,4.1094117
8827593439fffff,41.99195252671174,-87.91445592971552,8,2.538409,1.812979,3.3681333,4.191655
8827593439fffff,41.99195252671174,-87.91445592971552,9,0.9382089,1.5008409,2.9211588,4.045211
8827593439fffff,41.99195252671174,-87.91445592971552,10,1.3648002,1.2473352,2.0679991,2.1836793
8827593439fffff,41.99195252671174,-87.91445592971552,11,0.91978616,0.7314173,1.6549283,1.623847
8827593439fffff,41.99195252671174,-87.91445592971552,12,0.8471295,0.69165206,1.8372761,1.5458294
882759343bfffff,41.984459275188016,-87.90965982536336,1,0.46729964,-0.9189453,2.3385916,3.1142013
882759343bfffff,41.984459275188016,-87.90965982536336,2,1.0081496,-0.0024207085,0.91909397,3.0294771
882759343bfffff,41.984459275188016,-87.90965982536336,3,3.1066623,0.12959383,-0.58325136,2.283627
882759343bfffff,41.984459275188016,-87.90965982536336,4,5.228132,1.5424448,2.042511,4.789002
882759343bfffff,41.984459275188016,-87.90965982536336,5,9.060729,4.6480927,4.1629,6.645414
882759343bfffff,41.984459275188016,-87.90965982536336,6,9.72078,4.2012086,3.6864314,8.06077
882759343bfffff,41.984459275188016,-87.90965982536336,7,8.025422,4.7665124,3.5186758,6.1993046
882759343bfffff,41.984459275188016,-87.90965982536336,8,4.7600756,1.6344767,3.6622612,5.4705367
882759343bfffff,41.984459275188016,-87.90965982536336,9,2.081994,0.8875306,1.6139425,4.331565
882759343bfffff,41.984459275188016,-87.90965982536336,10,0.33512872,-0.34594867,2.8798542,3.989184
882759343bfffff,41.984459275188016,-87.90965982536336,11,-0.6754021,-0.94000757,2.0932999,3.6028569
882759343bfffff,41.984459275188016,-87.90965982536336,12,-0.74805814,-1.3058927,2.1339478,3.1745694
882759343dfffff,41.99296518518128,-87.92591276703749,1,1.7376956,0.82749534,2.566391,1.3960911
882759343dfffff,41.99296518518128,-87.92591276703749,2,1.45283,1.0023341,2.2631168,1.7706044
882759343dfffff,41.99296518518128,-87.92591276703749,3,1.8327558,1.664572,2.531454,2.9116998
882759343dfffff,41.99296518518128,-87.92591276703749,4,2.962958,0.7572139,3.9655645,3.9569252
882759343dfffff,41.99296518518128,-87.92591276703749,5,5.0071692,2.0501173,4.9624834,4.047048
882759343dfffff,41.99296518518128,-87.92591276703749,6,5.1071153,1.7891201,5.2360325,4.222723
882759343dfffff,41.99296518518128,-87.92591276703749,7,4.299757,2.3544238,4.989303,4.254165
882759343dfffff,41.99296518518128,-87.92591276703749,8,2.5878348,1.7181106,4.73188,4.3364086
882759343dfffff,41.99296518518128,-87.92591276703749,9,0.98763424,1.4691045,3.9241707,4.189964
882759343dfffff,41.99296518518128,-87.92591276703749,10,1.4142258,1.2155986,3.0710118,2.30133
882759343dfffff,41.99296518518128,-87.92591276703749,11,0.969212,0.72711384,2.6412218,1.741498
882759343dfffff,41.99296518518128,-87.92591276703749,12,0.82625884,0.64268184,2.8235698,1.6634804
882759348dfffff,41.96096598753421,-87.88383114934074,1,1.68827,0.8317988,1.7803096,1.2784406
882759348dfffff,41.96096598753421,-87.88383114934074,2,1.4034044,1.0066376,1.4460624,1.6529531
882759348dfffff,41.96096598753421,-87.88383114934074,3,1.78333,1.6688755,1.7143987,2.7669458
882759348dfffff,41.96096598753421,-87.88383114934074,4,2.9135323,0.7615173,2.8260362,3.8121722
882759348dfffff,41.96096598753421,-87.88383114934074,5,4.717814,1.8303727,3.798948,3.9022944
882759348dfffff,41.96096598753421,-87.88383114934074,6,4.81776,1.6325079,3.8304682,4.0779705
882759348dfffff,41.96096598753421,-87.88383114934074,7,4.0104003,2.197811,3.6255543,4.1094117
882759348dfffff,41.96096598753421,-87.88383114934074,8,2.538409,1.812979,3.3681333,4.191655
882759348dfffff,41.96096598753421,-87.88383114934074,9,0.9382089,1.5008409,2.9211588,4.045211
882759348dfffff,41.96096598753421,-87.88383114934074,10,1.3648002,1.2473352,2.0679991,2.1836793
882759348dfffff,41.96096598753421,-87.88383114934074,11,0.91978616,0.7314173,1.6549283,1.623847
882759348dfffff,41.96096598753421,-87.88383114934074,12,0.8471295,0.69165206,1.8372761,1.5458294
8827593499fffff,41.94394482804241,-87.85136518979972,1,3.1289704,7.216275,7.3165975,6.155397
8827593499fffff,41.94394482804241,-87.85136518979972,2,14.518879,14.506623,11.725236,10.315688
8827593499fffff,41.94394482804241,-87.85136518979972,3,23.850464,20.94319,17.164988,17.513733
8827593499fffff,41.94394482804241,-87.85136518979972,4,42.059517,42.521217,23.293604,23.272324
8827593499fffff,41.94394482804241,-87.85136518979972,5,56.312828,64.34518,29.478148,29.094711
8827593499fffff,41.94394482804241,-87.85136518979972,6,60.461662,62.972267,30.479155,29.149393
8827593499fffff,41.94394482804241,-87.85136518979972,7,54.391068,63.31389,29.926939,27.33809
8827593499fffff,41.94394482804241,-87.85136518979972,8,41.880905,46.060467,24.644213,21.585117
8827593499fffff,41.94394482804241,-87.85136518979972,9,18.7169,22.870481,22.825624,17.168571
8827593499fffff,41.94394482804241,-87.85136518979972,10,12.4026375,16.79391,13.952206,10.6208515
8827593499fffff,41.94394482804241,-87.85136518979972,11,1.77772,6.715259,10.087974,5.926085
8827593499fffff,41.94394482804241,-87.85136518979972,12,1.3736547,5.743152,10.028586,5.6726193
88275934a9fffff,41.95550523140841,-87.9019381031207,1,1.68827,0.8317988,1.7803096,1.2784406
88275934a9fffff,41.95550523140841,-87.9019381031207,2,1.4034044,1.0066376,1.4460624,1.6529531
88275934a9fffff,41.95550523140841,-87.9019381031207,3,1.78333,1.6688755,1.7143987,2.7669458
88275934a9fffff,41.95550523140841,-87.9019381031207,4,2.9135323,0.7615173,2.8260362,3.8121722
88275934a9fffff,41.95550523140841,-87.9019381031207,5,4.717814,1.8303727,3.798948,3.9022944
88275934a9fffff,41.95550523140841,-87.9019381031207,6,4.81776,1.6325079,3.8304682,4.0779705
88275934a9fffff,41.95550523140841,-87.9019381031207,7,4.0104003,2.197811,3.6255543,4.1094117
88275934a9fffff,41.95550523140841,-87.9019381031207,8,2.538409,1.812979,3.3681333,4.191655
88275934a9fffff,41.95550523140841,-87.9019381031207,9,0.9382089,1.5008409,2.9211588,4.045211
88275934a9fffff,41.95550523140841,-87.9019381031207,10,1.3648002,1.2473352,2.0679991,2.1836793
88275934a9fffff,41.95550523140841,-87.9019381031207,11,0.91978616,0.7314173,1.6549283,1.623847
88275934a9fffff,41.95550523140841,-87.9019381031207,12,0.8471295,0.69165206,1.8372761,1.5458294
88275934adfffff,41.95651923629893,-87.91338598146595,1,1.68827,0.8317988,1.7803096,1.2784406
88275934adfffff,41.95651923629893,-87.91338598146595,2,1.4034044,1.0066376,1.4460624,1.6529531
88275934adfffff,41.95651923629893,-87.91338598146595,3,1.78333,1.6688755,1.7143987,2.7669458
88275934adfffff,41.95651923629893,-87.91338598146595,4,2.9135323,0.7615173,2.8260362,3.8121722
88275934adfffff,41.95651923629893,-87.91338598146595,5,4.717814,1.8303727,3.798948,3.9022944
88275934adfffff,41.95651923629893,-87.91338598146595,6,4.81776,1.6325079,3.8304682,4.0779705
88275934adfffff,41.95651923629893,-87.91338598146595,7,4.0104003,2.197811,3.6255543,4.1094117
88275934adfffff,41.95651923629893,-87.91338598146595,8,2.538409,1.812979,3.3681333,4.191655
88275934adfffff,41.95651923629893,-87.91338598146595,9,0.9382089,1.5008409,2.9211588,4.045211
88275934adfffff,41.95651923629893,-87.91338598146595,10,1.3648002,1.2473352,2.0679991,2.1836793
88275934adfffff,41.95651923629893,-87.91338598146595,11,0.91978616,0.7314173,1.6549283,1.623847
88275934adfffff,41.95651923629893,-87.91338598146595,12,0.8471295,0.69165206,1.8372761,1.5458294
88275934c1fffff,41.97391849223234,-87.87050670955196,1,3.7273707,8.472191,7.985713,9.10737
88275934c1fffff,41.97391849223234,-87.87050670955196,2,13.795844,12.841064,12.022867,12.3545265
88275934c1fffff,41.97391849223234,-87.87050670955196,3,19.756254,18.01789,16.034311,19.114035
88275934c1fffff,41.97391849223234,-87.87050670955196,4,26.280306,40.00308,23.176506,26.323147
88275934c1fffff,41.97391849223234,-87.87050670955196,5,46.20615,54.79352,30.21958,32.356487
88275934c1fffff,41.97391849223234,-87.87050670955196,6,51.994617,53.938587,30.900116,33.69175
88275934c1fffff,41.97391849223234,-87.87050670955196,7,45.479927,54.67,29.852102,30.94877
88275934c1fffff,41.97391849223234,-87.87050670955196,8,28.791977,44.933514,24.364155,25.985374
88275934c1fffff,41.97391849223234,-87.87050670955196,9,17.088123,22.07305,22.932482,19.769796
88275934c1fffff,41.97391849223234,-87.87050670955196,10,12.66726,15.936613,15.167818,14.490513
88275934c1fffff,41.97391849223234,-87.87050670955196,11,1.883121,8.073853,10.304973,9.708262
88275934c1fffff,41.97391849223234,-87.87050670955196,12,1.7467098,7.731291,10.362116,9.616544
88275934c5fffff,41.97493561793716,-87.88195937246157,1,0.5866565,1.2066088,3.158317,1.994568
88275934c5fffff,41.97493561793716,-87.88195937246157,2,1.1765256,2.417101,3.3914506,2.3454175
88275934c5fffff,41.97493561793716,-87.88195937246157,3,2.2591064,1.7622982,2.9922967,2.7070296
88275934c5fffff,41.97493561793716,-87.88195937246157,4,6.050454,3.5693254,5.6264277,3.9334416
88275934c5fffff,41.97493561793716,-87.88195937246157,5,8.208265,4.3203926,7.2722936,4.783383
88275934c5fffff,41.97493561793716,-87.88195937246157,6,8.483956,3.8735094,7.3038144,4.9590583
88275934c5fffff,41.97493561793716,-87.88195937246157,7,7.4849277,4.4388123,6.9497395,4.9905005
88275934c5fffff,41.97493561793716,-87.88195937246157,8,5.9826093,4.7244096,7.1669493,4.6997137
88275934c5fffff,41.97493561793716,-87.88195937246157,9,2.154428,3.541481,4.776989,4.0935407
88275934c5fffff,41.97493561793716,-87.88195937246157,10,1.1341425,2.4858663,5.313844,3.6512296
88275934c5fffff,41.97493561793716,-87.88195937246157,11,-0.19775242,1.0773356,2.993956,2.2781675
88275934c5fffff,41.97493561793716,-87.88195937246157,12,-0.27040917,0.78522867,2.9454246,1.8498781
88275934cbfffff,41.972900211363694,-87.85905422196208,1,2.661822,7.118231,7.0791817,5.609276
88275934cbfffff,41.972900211363694,-87.85905422196208,2,13.665455,13.727598,12.350102,9.658911
88275934cbfffff,41.972900211363694,-87.85905422196208,3,22.928139,20.402414,15.925136,15.049498
88275934cbfffff,41.972900211363694,-87.85905422196208,4,34.500797,37.147602,19.717077,20.895525
88275934cbfffff,41.972900211363694,-87.85905422196208,5,47.708546,58.038773,23.573587,25.839396
88275934cbfffff,41.972900211363694,-87.85905422196208,6,50.02464,56.71546,24.759373,25.908798
88275934cbfffff,41.972900211363694,-87.85905422196208,7,45.60549,56.576378,24.06354,24.181793
88275934cbfffff,41.972900211363694,-87.85905422196208,8,34.940422,40.020683,21.16287,19.58495
88275934cbfffff,41.972900211363694,-87.85905422196208,9,16.454521,20.835958,20.119904,15.85533
88275934cbfffff,41.972900211363694,-87.85905422196208,10,12.556853,15.62325,14.67225,10.1702585
88275934cbfffff,41.972900211363694,-87.85905422196208,11,1.5186803,6.4538784,9.891722,5.3786397
88275934cbfffff,41.972900211363694,-87.85905422196208,12,0.9714521,5.6627603,10.02544,5.125174
88275934d1fffff,41.95791161824574,-87.84948412412086,1,0.34530213,3.2459724,4.7832003,4.892737
88275934d1fffff,41.95791161824574,-87.84948412412086,2,9.644426,8.860694,8.818022,7.3193097
88275934d1fffff,41.95791161824574,-87.84948412412086,3,21.598198,15.87106,11.062986,11.415581
88275934d1fffff,41.95791161824574,-87.84948412412086,4,32.54146,34.451797,14.739419,17.361755
88275934d1fffff,41.95791161824574,-87.84948412412086,5,54.05639,56.112953,18.84534,20.779898
88275934d1fffff,41.95791161824574,-87.84948412412086,6,57.251713,55.17611,20.047081,23.47879
88275934d1fffff,41.95791161824574,-87.84948412412086,7,52.647552,54.518288,19.466732,21.687267
88275934d1fffff,41.95791161824574,-87.84948412412086,8,33.582485,37.312366,16.133488,18.447517
88275934d1fffff,41.95791161824574,-87.84948412412086,9,20.918333,17.65826,14.333959,13.377164
88275934d1fffff,41.95791161824574,-87.84948412412086,10,9.643785,10.643678,10.525667,10.053433
88275934d1fffff,41.95791161824574,-87.84948412412086,11,0.20778479,2.3168166,7.164399,6.876467
88275934d1fffff,41.95791161824574,-87.84948412412086,12,-0.17781042,1.3904796,7.185114,6.749474
88275934d3fffff,41.95041789536792,-87.84470131949679,1,4.350339,5.748875,9.621533,6.007924
88275934d3fffff,41.95041789536792,-87.84470131949679,2,14.009909,13.787893,14.84976,10.624205
88275934d3fffff,41.95041789536792,-87.84470131949679,3,23.650698,21.685474,20.16268,18.571623
88275934d3fffff,41.95041789536792,-87.84470131949679,4,29.706371,20.60611,26.933172,24.085802
88275934d3fffff,41.95041789536792,-87.84470131949679,5,42.423286,42.801903,31.00532,28.929659
88275934d3fffff,41.95041789536792,-87.84470131949679,6,46.73844,40.382507,31.970472,29.161379
88275934d3fffff,41.95041789536792,-87.84470131949679,7,40.585922,41.77061,31.223162,27.528725
88275934d3fffff,41.95041789536792,-87.84470131949679,8,29.991257,25.108358,28.402613,23.313936
88275934d3fffff,41.95041789536792,-87.84470131949679,9,17.013216,17.856487,26.435446,19.25704
88275934d3fffff,41.95041789536792,-87.84470131949679,10,11.886098,16.69378,17.244274,11.399282
88275934d3fffff,41.95041789536792,-87.84470131949679,11,3.028082,5.247859,12.787339,5.8107038
88275934d3fffff,41.95041789536792,-87.84470131949679,12,2.6240158,4.179959,12.578338,5.6837144
88275934d9fffff,41.9643857896717,-87.84281794133672,1,7.309007,8.761196,9.213311,10.558668
88275934d9fffff,41.9643857896717,-87.84281794133672,2,15.465896,12.3157625,14.568948,13.073792
88275934d9fffff,41.9643857896717,-87.84281794133672,3,20.95908,15.11067,20.21616,19.660564
88275934d9fffff,41.9643857896717,-87.84281794133672,4,36.787426,36.224876,27.911167,26.903908
88275934d9fffff,41.9643857896717,-87.84281794133672,5,54.144245,50.25912,35.59644,32.83653
88275934d9fffff,41.9643857896717,-87.84281794133672,6,59.45119,47.7068,36.239815,33.998978
88275934d9fffff,41.9643857896717,-87.84281794133672,7,53.440014,48.602367,35.35795,31.357037
88275934d9fffff,41.9643857896717,-87.84281794133672,8,38.507126,40.893833,30.356804,27.050325
88275934d9fffff,41.9643857896717,-87.84281794133672,9,20.848305,16.607187,28.814047,20.513594
88275934d9fffff,41.9643857896717,-87.84281794133672,10,14.825744,13.643662,18.548079,14.126556
88275934d9fffff,41.9643857896717,-87.84281794133672,11,5.858489,7.2051654,12.983296,11.157541
88275934d9fffff,41.9643857896717,-87.84281794133672,12,5.7072196,5.705564,12.995078,10.813676
88275934dbfffff,41.95689118650862,-87.83803546826802,1,5.7928104,2.5139015,7.4631186,6.857761
88275934dbfffff,41.95689118650862,-87.83803546826802,2,14.117135,7.112652,11.644531,10.789324
88275934dbfffff,41.95689118650862,-87.83803546826802,3,21.820887,11.283037,15.868318,16.929424
88275934dbfffff,41.95689118650862,-87.83803546826802,4,21.053799,23.677557,21.65576,22.63264
88275934dbfffff,41.95689118650862,-87.83803546826802,5,32.33428,32.398323,28.18598,27.385359
88275934dbfffff,41.95689118650862,-87.83803546826802,6,37.959835,32.087055,30.332216,29.294834
88275934dbfffff,41.95689118650862,-87.83803546826802,7,29.913193,31.54282,28.37096,26.103733
88275934dbfffff,41.95689118650862,-87.83803546826802,8,23.12007,25.831825,22.710299,21.77949
88275934dbfffff,41.95689118650862,-87.83803546826802,9,16.349653,12.645866,21.176699,17.256569
88275934dbfffff,41.95689118650862,-87.83803546826802,10,13.230802,8.015758,14.346858,12.133039
88275934dbfffff,41.95689118650862,-87.83803546826802,11,4.7386675,2.0418847,10.862421,7.260589
88275934dbfffff,41.95689118650862,-87.83803546826802,12,4.3755813,1.2347491,11.112261,7.166171
88275934ddfffff,41.96540572370829,-87.85426842473088,1,2.1349778,5.557049,4.38695,4.5544195
88275934ddfffff,41.96540572370829,-87.85426842473088,2,12.06781,11.939134,8.358939,8.187293
88275934ddfffff,41.96540572370829,-87.85426842473088,3,22.309673,18.71157,10.472844,12.936743
88275934ddfffff,41.96540572370829,-87.85426842473088,4,22.80637,21.824894,14.320732,18.53017
88275934ddfffff,41.96540572370829,-87.85426842473088,5,34.85878,42.02415,18.17724,23.143211
88275934ddfffff,41.96540572370829,-87.85426842473088,6,38.070534,40.700836,19.203756,23.724037
88275934ddfffff,41.96540572370829,-87.85426842473088,7,33.076935,40.694286,18.667192,21.932512
88275934ddfffff,41.96540572370829,-87.85426842473088,8,22.887318,24.743904,15.766524,17.403444
88275934ddfffff,41.96540572370829,-87.85426842473088,9,14.412415,16.510994,14.426199,13.44332
88275934ddfffff,41.96540572370829,-87.85426842473088,10,10.890213,13.88071,10.681087,8.710185
88275934ddfffff,41.96540572370829,-87.85426842473088,11,1.0788395,4.8926973,7.1994915,4.4470925
88275934ddfffff,41.96540572370829,-87.85426842473088,12,0.67477393,3.9663558,7.422385,4.320103
88275934e1fffff,41.96947391232513,-87.90007211477499,1,0.34699476,-0.07226032,3.3948708,0.769172
88275934e1fffff,41.96947391232513,-87.90007211477499,2,0.9368635,0.90145814,3.6697524,0.82587624
88275934e1fffff,41.96947391232513,-87.90007211477499,3,2.0194452,0.24665414,3.6611264,1.2849307
88275934e1fffff,41.96947391232513,-87.90007211477499,4,5.8107934,-0.5872594,6.162925,2.96502
88275934e1fffff,41.96947391232513,-87.90007211477499,5,8.469303,0.16380788,7.378507,3.8149602
88275934e1fffff,41.96947391232513,-87.90007211477499,6,8.800571,-0.28307608,7.4896994,3.9906359
88275934e1fffff,41.96947391232513,-87.90007211477499,7,7.8015456,0.28222644,7.2512918,4.022078
88275934e1fffff,41.96947391232513,-87.90007211477499,8,5.7985253,0.5678227,8.398136,3.7312918
88275934e1fffff,41.96947391232513,-87.90007211477499,9,1.9703449,-0.61510116,6.0081725,3.1251185
88275934e1fffff,41.96947391232513,-87.90007211477499,10,0.95005935,0.97022337,6.3413653,2.1316888
88275934e1fffff,41.96947391232513,-87.90007211477499,11,-0.38183498,-0.201534,3.4803798,1.0527714
88275934e1fffff,41.96947391232513,-87.90007211477499,12,-0.45449144,-0.49364084,3.4318497,0.62448215
88275934e3fffff,41.961981801771216,-87.89528050726693,1,1.68827,0.8317988,1.7803096,1.2784406
88275934e3fffff,41.961981801771216,-87.89528050726693,2,1.4034044,1.0066376,1.4460624,1.6529531
88275934e3fffff,41.961981801771216,-87.89528050726693,3,1.78333,1.6688755,1.7143987,2.7669458
88275934e3fffff,41.961981801771216,-87.89528050726693,4,2.9135323,0.7615173,2.8260362,3.8121722
88275934e3fffff,41.961981801771216,-87.89528050726693,5,4.717814,1.8303727,3.798948,3.9022944
88275934e3fffff,41.961981801771216,-87.89528050726693,6,4.81776,1.6325079,3.8304682,4.0779705
88275934e3fffff,41.961981801771216,-87.89528050726693,7,4.0104003,2.197811,3.6255543,4.1094117
88275934e3fffff,41.961981801771216,-87.89528050726693,8,2.538409,1.812979,3.3681333,4.191655
88275934e3fffff,41.961981801771216,-87.89528050726693,9,0.9382089,1.5008409,2.9211588,4.045211
88275934e3fffff,41.961981801771216,-87.89528050726693,10,1.3648002,1.2473352,2.0679991,2.1836793
88275934e3fffff,41.961981801771216,-87.89528050726693,11,0.91978616,0.7314173,1.6549283,1.623847
88275934e3fffff,41.961981801771216,-87.89528050726693,12,0.8471295,0.69165206,1.8372761,1.5458294
88275934e5fffff,41.970488072271046,-87.9115234718491,1,1.7690167,-1.2089748,1.9742298,3.8784635
88275934e5fffff,41.970488072271046,-87.9115234718491,2,2.0870476,-0.13485332,0.9028195,4.2033525
88275934e5fffff,41.970488072271046,-87.9115234718491,3,4.1855593,0.16536187,0.8357755,4.106197
88275934e5fffff,41.970488072271046,-87.9115234718491,4,8.335545,2.7478983,3.5851347,6.611571
88275934e5fffff,41.970488072271046,-87.9115234718491,5,12.459681,5.733913,5.9499216,8.272814
88275934e5fffff,41.970488072271046,-87.9115234718491,6,13.119732,5.2870307,5.659657,9.927155
88275934e5fffff,41.970488072271046,-87.9115234718491,7,11.424373,5.1947236,5.491903,8.205735
88275934e5fffff,41.970488072271046,-87.9115234718491,8,7.867491,2.6753223,5.3910913,7.2931056
88275934e5fffff,41.970488072271046,-87.9115234718491,9,2.5594602,1.3163046,3.0329683,6.1541348
88275934e5fffff,41.970488072271046,-87.9115234718491,10,1.6405138,-0.6138203,3.1451817,5.2631226
88275934e5fffff,41.970488072271046,-87.9115234718491,11,0.67263824,-1.7174313,1.8898789,4.367121
88275934e5fffff,41.970488072271046,-87.9115234718491,12,0.3459859,-2.2365358,1.9305269,3.9388301
88275934e7fffff,41.96299646147028,-87.90673003843561,1,1.68827,0.8317988,1.7803096,1.2784406
88275934e7fffff,41.96299646147028,-87.90673003843561,2,1.4034044,1.0066376,1.4460624,1.6529531
88275934e7fffff,41.96299646147028,-87.90673003843561,3,1.78333,1.6688755,1.7143987,2.7669458
88275934e7fffff,41.96299646147028,-87.90673003843561,4,2.9135323,0.7615173,2.8260362,3.8121722
88275934e7fffff,41.96299646147028,-87.90673003843561,5,4.717814,1.8303727,3.798948,3.9022944
88275934e7fffff,41.96299646147028,-87.90673003843561,6,4.81776,1.6325079,3.8304682,4.0779705
88275934e7fffff,41.96299646147028,-87.90673003843561,7,4.0104003,2.197811,3.6255543,4.1094117
88275934e7fffff,41.96299646147028,-87.90673003843561,8,2.538409,1.812979,3.3681333,4.191655
88275934e7fffff,41.96299646147028,-87.90673003843561,9,0.9382089,1.5008409,2.9211588,4.045211
88275934e7fffff,41.96299646147028,-87.90673003843561,10,1.3648002,1.2473352,2.0679991,2.1836793
88275934e7fffff,41.96299646147028,-87.90673003843561,11,0.91978616,0.7314173,1.6549283,1.623847
88275934e7fffff,41.96299646147028,-87.90673003843561,12,0.8471295,0.69165206,1.8372761,1.5458294
88275934e9fffff,41.975951588413,-87.89341220977974,1,0.54447705,-0.9189453,2.212162,3.1142013
88275934e9fffff,41.975951588413,-87.89341220977974,2,1.085327,-0.0024207085,0.79266447,3.0294771
88275934e9fffff,41.975951588413,-87.89341220977974,3,3.1838398,0.12959383,-0.70968074,2.283627
88275934e9fffff,41.975951588413,-87.89341220977974,4,5.3053093,1.5424448,1.9160812,4.789002
88275934e9fffff,41.975951588413,-87.89341220977974,5,9.060729,4.6480927,4.0463815,6.645414
88275934e9fffff,41.975951588413,-87.89341220977974,6,9.72078,4.2012086,3.4179254,8.06077
88275934e9fffff,41.975951588413,-87.89341220977974,7,8.025422,4.7665124,3.4021573,6.1993046
88275934e9fffff,41.975951588413,-87.89341220977974,8,4.837253,1.6344767,3.2078466,5.4705367
88275934e9fffff,41.975951588413,-87.89341220977974,9,2.1591716,0.8875306,1.1595266,4.331565
88275934e9fffff,41.975951588413,-87.89341220977974,10,0.412306,-0.34594867,2.4254386,3.989184
88275934e9fffff,41.975951588413,-87.89341220977974,11,-0.5982247,-0.94000757,1.6388847,3.6028569
88275934e9fffff,41.975951588413,-87.89341220977974,12,-0.67088073,-1.3058927,1.6795326,3.1745694
88275934ebfffff,41.968458597431,-87.88862093061526,1,1.68827,0.8317988,1.7803096,1.2784406
88275934ebfffff,41.968458597431,-87.88862093061526,2,1.4034044,1.0066376,1.4460624,1.6529531
88275934ebfffff,41.968458597431,-87.88862093061526,3,1.78333,1.6688755,1.7143987,2.7669458
88275934ebfffff,41.968458597431,-87.88862093061526,4,2.9135323,0.7615173,2.8260362,3.8121722
88275934ebfffff,41.968458597431,-87.88862093061526,5,4.717814,1.8303727,3.798948,3.9022944
88275934ebfffff,41.968458597431,-87.88862093061526,6,4.81776,1.6325079,3.8304682,4.0779705
88275934ebfffff,41.968458597431,-87.88862093061526,7,4.0104003,2.197811,3.6255543,4.1094117
88275934ebfffff,41.968458597431,-87.88862093061526,8,2.538409,1.812979,3.3681333,4.191655
88275934ebfffff,41.968458597431,-87.88862093061526,9,0.9382089,1.5008409,2.9211588,4.045211
88275934ebfffff,41.968458597431,-87.88862093061526,10,1.3648002,1.2473352,2.0679991,2.1836793
88275934ebfffff,41.968458597431,-87.88862093061526,11,0.91978616,0.7314173,1.6549283,1.623847
88275934ebfffff,41.968458597431,-87.88862093061526,12,0.8471295,0.69165206,1.8372761,1.5458294
88275934edfffff,41.97696640359489,-87.90486522059521,1,0.5013054,-1.3663673,2.3354485,1.8252507
88275934edfffff,41.97696640359489,-87.90486522059521,2,0.2955103,-1.4720223,0.59146744,1.8172497
88275934edfffff,41.97696640359489,-87.90486522059521,3,1.7756208,-1.5836097,0.042596623,1.1791562
88275934edfffff,41.97696640359489,-87.90486522059521,4,3.7739244,-0.086605296,2.6683586,3.5767732
88275934edfffff,41.97696640359489,-87.90486522059521,5,7.4053364,3.587666,3.7528393,5.887846
88275934edfffff,41.97696640359489,-87.90486522059521,6,8.110907,4.0045843,3.2453682,7.3431387
88275934edfffff,41.97696640359489,-87.90486522059521,7,6.3700304,3.4602032,3.108615,5.3394427
88275934edfffff,41.97696640359489,-87.90486522059521,8,3.2416873,0.15093753,4.1173725,4.4882917
88275934edfffff,41.97696640359489,-87.90486522059521,9,0.5636031,-0.41962174,2.0690548,3.4100356
88275934edfffff,41.97696640359489,-87.90486522059521,10,-0.263159,-1.7269343,2.381492,3.0069387
88275934edfffff,41.97696640359489,-87.90486522059521,11,-0.7617385,-1.3215475,2.028995,2.2116146
88275934edfffff,41.97696640359489,-87.90486522059521,12,-0.8093813,-1.4035761,2.0696433,1.7833254
88275935cbfffff,41.98000391673234,-87.93922528491164,1,1.7376956,0.82749534,2.566391,1.3960911
88275935cbfffff,41.98000391673234,-87.93922528491164,2,1.45283,1.0023341,2.2631168,1.7706044
88275935cbfffff,41.98000391673234,-87.93922528491164,3,1.8327558,1.664572,2.531454,2.9116998
88275935cbfffff,41.98000391673234,-87.93922528491164,4,2.962958,0.7572139,3.9655645,3.9569252
88275935cbfffff,41.98000391673234,-87.93922528491164,5,5.0071692,2.0501173,4.9624834,4.047048
88275935cbfffff,41.98000391673234,-87.93922528491164,6,5.1071153,1.7891201,5.2360325,4.222723
88275935cbfffff,41.98000391673234,-87.93922528491164,7,4.299757,2.3544238,4.989303,4.254165
88275935cbfffff,41.98000391673234,-87.93922528491164,8,2.5878348,1.7181106,4.73188,4.3364086
88275935cbfffff,41.98000391673234,-87.93922528491164,9,0.98763424,1.4691045,3.9241707,4.189964
88275935cbfffff,41.98000391673234,-87.93922528491164,10,1.4142258,1.2155986,3.0710118,2.30133
88275935cbfffff,41.98000391673234,-87.93922528491164,11,0.969212,0.72711384,2.6412218,1.741498
88275935cbfffff,41.98000391673234,-87.93922528491164,12,0.82625884,0.64268184,2.8235698,1.6634804
88275935d1fffff,41.96502231699659,-87.92962961685826,1,1.7376956,0.82749534,2.566391,1.3960911
88275935d1fffff,41.96502231699659,-87.92962961685826,2,1.45283,1.0023341,2.2631168,1.7706044
88275935d1fffff,41.96502231699659,-87.92962961685826,3,1.8327558,1.664572,2.531454,2.9116998
88275935d1fffff,41.96502231699659,-87.92962961685826,4,2.962958,0.7572139,3.9655645,3.9569252
88275935d1fffff,41.96502231699659,-87.92962961685826,5,5.0071692,2.0501173,4.9624834,4.047048
88275935d1fffff,41.96502231699659,-87.92962961685826,6,5.1071153,1.7891201,5.2360325,4.222723
88275935d1fffff,41.96502231699659,-87.92962961685826,7,4.299757,2.3544238,4.989303,4.254165
88275935d1fffff,41.96502231699659,-87.92962961685826,8,2.5878348,1.7181106,4.73188,4.3364086
88275935d1fffff,41.96502231699659,-87.92962961685826,9,0.98763424,1.4691045,3.9241707,4.189964
88275935d1fffff,41.96502231699659,-87.92962961685826,10,1.4142258,1.2155986,3.0710118,2.30133
88275935d1fffff,41.96502231699659,-87.92962961685826,11,0.969212,0.72711384,2.6412218,1.741498
88275935d1fffff,41.96502231699659,-87.92962961685826,12,0.82625884,0.64268184,2.8235698,1.6634804
88275935d3fffff,41.95753208693261,-87.9248340315612,1,2.609211,1.3131514,2.3325834,1.6329336
88275935d3fffff,41.95753208693261,-87.9248340315612,2,2.5106425,1.7632697,1.9996016,1.8248253
88275935d3fffff,41.95753208693261,-87.9248340315612,3,3.4455476,2.4255066,2.2867918,3.391178
88275935d3fffff,41.95753208693261,-87.9248340315612,4,6.9628434,3.9703176,4.172234,4.0894804
88275935d3fffff,41.95753208693261,-87.9248340315612,5,9.06066,5.3724136,5.8733964,4.330827
88275935d3fffff,41.95753208693261,-87.9248340315612,6,9.391932,5.111416,6.146946,4.5065026
88275935d3fffff,41.95753208693261,-87.9248340315612,7,8.353248,5.6767197,5.9002166,4.537945
88275935d3fffff,41.95753208693261,-87.9248340315612,8,6.6413264,4.903407,5.1963234,4.5862236
88275935d3fffff,41.95753208693261,-87.9248340315612,9,4.369406,4.6544,4.2664475,4.439779
88275935d3fffff,41.95753208693261,-87.9248340315612,10,2.5256443,1.9487264,3.0369864,2.487152
88275935d3fffff,41.95753208693261,-87.9248340315612,11,1.8407277,1.3635485,2.4417694,2.022897
88275935d3fffff,41.95753208693261,-87.9248340315612,12,1.6977736,1.2074215,2.6241174,1.9475782
88275935d7fffff,41.95854378324535,-87.93628225249626,1,2.4870114,1.8989875,5.1889896,2.1811316
88275935d7fffff,41.95854378324535,-87.93628225249626,2,3.4663594,2.6224833,6.4723315,2.188097
88275935d7fffff,41.95854378324535,-87.93628225249626,3,4.603764,2.0628085,7.137935,2.7309372
88275935d7fffff,41.95854378324535,-87.93628225249626,4,8.47697,4.581509,11.082953,4.5097
88275935d7fffff,41.95854378324535,-87.93628225249626,5,9.04717,5.485461,11.646938,5.388206
88275935d7fffff,41.95854378324535,-87.93628225249626,6,9.2597885,5.610937,12.044227,5.6283984
88275935d7fffff,41.95854378324535,-87.93628225249626,7,8.84163,5.7293043,11.954183,5.5953236
88275935d7fffff,41.95854378324535,-87.93628225249626,8,8.70031,5.254918,12.953864,5.558191
88275935d7fffff,41.95854378324535,-87.93628225249626,9,5.7885284,3.7426918,10.046361,4.7101083
88275935d7fffff,41.95854378324535,-87.93628225249626,10,3.4515407,2.5482605,8.7413845,3.8015962
88275935d7fffff,41.95854378324535,-87.93628225249626,11,2.187504,1.8889208,5.7089596,2.4932973
88275935d7fffff,41.95854378324535,-87.93628225249626,12,2.0445511,1.53074,5.5461564,2.065008
88275935d9fffff,41.9715010772043,-87.92297500092663,1,1.7376956,0.82749534,2.566391,1.3960911
88275935d9fffff,41.9715010772043,-87.92297500092663,2,1.45283,1.0023341,2.2631168,1.7706044
88275935d9fffff,41.9715010772043,-87.92297500092663,3,1.8327558,1.664572,2.531454,2.9116998
88275935d9fffff,41.9715010772043,-87.92297500092663,4,2.962958,0.7572139,3.9655645,3.9569252
88275935d9fffff,41.9715010772043,-87.92297500092663,5,5.0071692,2.0501173,4.9624834,4.047048
88275935d9fffff,41.9715010772043,-87.92297500092663,6,5.1071153,1.7891201,5.2360325,4.222723
88275935d9fffff,41.9715010772043,-87.92297500092663,7,4.299757,2.3544238,4.989303,4.254165
88275935d9fffff,41.9715010772043,-87.92297500092663,8,2.5878348,1.7181106,4.73188,4.3364086
88275935d9fffff,41.9715010772043,-87.92297500092663,9,0.98763424,1.4691045,3.9241707,4.189964
88275935d9fffff,41.9715010772043,-87.92297500092663,10,1.4142258,1.2155986,3.0710118,2.30133
88275935d9fffff,41.9715010772043,-87.92297500092663,11,0.969212,0.72711384,2.6412218,1.741498
88275935d9fffff,41.9715010772043,-87.92297500092663,12,0.82625884,0.64268184,2.8235698,1.6634804
88275935dbfffff,41.96400996656683,-87.91817974193626,1,2.5597851,1.2358227,1.7692947,1.5152829
88275935dbfffff,41.96400996656683,-87.91817974193626,2,2.4612167,1.685941,1.4053397,1.7071743
88275935dbfffff,41.96400996656683,-87.91817974193626,3,3.3961217,2.3481781,1.692529,3.246424
88275935dbfffff,41.96400996656683,-87.91817974193626,4,6.913419,3.8929882,3.2554977,3.9447267
88275935dbfffff,41.96400996656683,-87.91817974193626,5,8.771305,5.0710373,4.932654,4.1860733
88275935dbfffff,41.96400996656683,-87.91817974193626,6,9.102574,4.8731728,4.9641747,4.361749
88275935dbfffff,41.96400996656683,-87.91817974193626,7,8.063891,5.4384756,4.7592607,4.3931913
88275935dbfffff,41.96400996656683,-87.91817974193626,8,6.5919013,4.998276,4.055367,4.4414706
88275935dbfffff,41.96400996656683,-87.91817974193626,9,4.319981,4.6861367,3.486228,4.295026
88275935dbfffff,41.96400996656683,-87.91817974193626,10,2.4762185,1.980463,2.2567656,2.3695016
88275935dbfffff,41.96400996656683,-87.91817974193626,11,1.7913014,1.2862198,1.6782677,1.9052457
88275935dbfffff,41.96400996656683,-87.91817974193626,12,1.7186445,1.1747591,1.8606157,1.8299271
88275935ddfffff,41.972512927060734,-87.93442670109654,1,1.7376956,0.82749534,2.566391,1.3960911
88275935ddfffff,41.972512927060734,-87.93442670109654,2,1.45283,1.0023341,2.2631168,1.7706044
88275935ddfffff,41.972512927060734,-87.93442670109654,3,1.8327558,1.664572,2.531454,2.9116998
88275935ddfffff,41.972512927060734,-87.93442670109654,4,2.962958,0.7572139,3.9655645,3.9569252
88275935ddfffff,41.972512927060734,-87.93442670109654,5,5.0071692,2.0501173,4.9624834,4.047048
88275935ddfffff,41.972512927060734,-87.93442670109654,6,5.1071153,1.7891201,5.2360325,4.222723
88275935ddfffff,41.972512927060734,-87.93442670109654,7,4.299757,2.3544238,4.989303,4.254165
88275935ddfffff,41.972512927060734,-87.93442670109654,8,2.5878348,1.7181106,4.73188,4.3364086
88275935ddfffff,41.972512927060734,-87.93442670109654,9,0.98763424,1.4691045,3.9241707,4.189964
88275935ddfffff,41.972512927060734,-87.93442670109654,10,1.4142258,1.2155986,3.0710118,2.30133
88275935ddfffff,41.972512927060734,-87.93442670109654,11,0.969212,0.72711384,2.6412218,1.741498
88275935ddfffff,41.972512927060734,-87.93442670109654,12,0.82625884,0.64268184,2.8235698,1.6634804
882759368bfffff,41.9977832099853,-87.82091602000098,1,12.676061,13.05629,12.926587,8.61941
882759368bfffff,41.9977832099853,-87.82091602000098,2,19.311213,20.725245,20.631956,16.70499
882759368bfffff,41.9977832099853,-87.82091602000098,3,26.652077,25.229122,24.670416,23.246267
882759368bfffff,41.9977832099853,-87.82091602000098,4,34.70606,40.35709,29.083546,29.78663
882759368bfffff,41.9977832099853,-87.82091602000098,5,47.01334,52.878002,34.957043,32.79377
882759368bfffff,41.9977832099853,-87.82091602000098,6,50.209984,51.422375,36.388355,33.67102
882759368bfffff,41.9977832099853,-87.82091602000098,7,44.237297,51.459667,34.864784,30.882421
882759368bfffff,41.9977832099853,-87.82091602000098,8,41.071194,44.964054,32.84283,30.168327
882759368bfffff,41.9977832099853,-87.82091602000098,9,35.076363,29.641064,34.305256,27.90732
882759368bfffff,41.9977832099853,-87.82091602000098,10,23.89313,20.292278,26.117517,18.197191
882759368bfffff,41.9977832099853,-87.82091602000098,11,11.018146,12.077018,16.486313,8.614821
882759368bfffff,41.9977832099853,-87.82091602000098,12,10.673532,9.611047,16.120735,8.08791
8827593691fffff,41.98278658019989,-87.81135224003388,1,12.159127,11.091925,12.549445,8.410926
8827593691fffff,41.98278658019989,-87.81135224003388,2,19.133621,13.870218,17.252783,14.901504
8827593691fffff,41.98278658019989,-87.81135224003388,3,26.589327,17.735231,22.87831,19.171244
8827593691fffff,41.98278658019989,-87.81135224003388,4,40.660355,31.952797,28.671434,26.67317
8827593691fffff,41.98278658019989,-87.81135224003388,5,54.60385,46.152008,33.51691,29.925928
8827593691fffff,41.98278658019989,-87.81135224003388,6,57.494785,44.608078,34.99379,30.317972
8827593691fffff,41.98278658019989,-87.81135224003388,7,51.712944,46.364773,34.01997,28.85665
8827593691fffff,41.98278658019989,-87.81135224003388,8,45.067513,39.18195,32.922604,27.015776
8827593691fffff,41.98278658019989,-87.81135224003388,9,30.004475,18.272312,30.874214,21.810883
8827593691fffff,41.98278658019989,-87.81135224003388,10,19.463005,17.826645,21.956821,15.090637
8827593691fffff,41.98278658019989,-87.81135224003388,11,10.434403,11.392376,15.885516,9.0489235
8827593691fffff,41.98278658019989,-87.81135224003388,12,10.089789,10.002485,15.713241,8.518685
8827593693fffff,41.97528883940566,-87.80657259497842,1,9.293782,8.567863,8.601508,8.405608
8827593693fffff,41.97528883940566,-87.80657259497842,2,15.873456,9.708275,14.091138,12.094997
8827593693fffff,41.97528883940566,-87.80657259497842,3,18.858448,13.240333,17.521795,18.40564
8827593693fffff,41.97528883940566,-87.80657259497842,4,27.921146,26.631252,21.606848,24.249638
8827593693fffff,41.97528883940566,-87.80657259497842,5,38.564686,38.3614,25.370228,25.784548
8827593693fffff,41.97528883940566,-87.80657259497842,6,43.663,37.273598,25.20667,24.653519
8827593693fffff,41.97528883940566,-87.80657259497842,7,37.46932,38.89494,24.700222,24.377338
8827593693fffff,41.97528883940566,-87.80657259497842,8,29.946884,32.20494,21.972872,24.68462
8827593693fffff,41.97528883940566,-87.80657259497842,9,14.750191,16.90227,20.166306,19.25333
8827593693fffff,41.97528883940566,-87.80657259497842,10,16.614075,10.324962,15.655727,13.363612
8827593693fffff,41.97528883940566,-87.80657259497842,11,7.950643,7.2533154,12.144545,8.408826
8827593693fffff,41.97528883940566,-87.80657259497842,12,7.7536635,5.4605546,12.281569,7.979684
8827593695fffff,41.983809641941846,-87.82280749716924,1,10.969206,10.761673,8.496646,10.58698
8827593695fffff,41.983809641941846,-87.82280749716924,2,18.361761,11.818368,12.6918545,15.37949
8827593695fffff,41.983809641941846,-87.82280749716924,3,20.746422,16.719376,16.85803,18.893759
8827593695fffff,41.983809641941846,-87.82280749716924,4,18.68845,22.868042,20.576582,20.601692
8827593695fffff,41.983809641941846,-87.82280749716924,5,30.989538,33.13543,23.001623,24.536781
8827593695fffff,41.983809641941846,-87.82280749716924,6,33.735756,31.96652,24.53342,25.6561
8827593695fffff,41.983809641941846,-87.82280749716924,7,30.614355,31.865849,23.253069,22.610147
8827593695fffff,41.983809641941846,-87.82280749716924,8,21.87016,25.666092,21.957903,20.494797
8827593695fffff,41.983809641941846,-87.82280749716924,9,20.370867,16.187262,19.619564,18.38691
8827593695fffff,41.983809641941846,-87.82280749716924,10,19.064964,13.492668,15.73793,16.7663
8827593695fffff,41.983809641941846,-87.82280749716924,11,10.262216,9.683161,12.000437,10.140201
8827593695fffff,41.983809641941846,-87.82280749716924,12,10.079421,9.220667,11.858112,9.948966
8827593697fffff,41.97631239831084,-87.81802602199689,1,13.548862,14.895239,12.758252,13.202168
8827593697fffff,41.97631239831084,-87.81802602199689,2,23.049644,18.134935,18.775183,20.257278
8827593697fffff,41.97631239831084,-87.81802602199689,3,28.82523,24.585318,24.461851,25.2124
8827593697fffff,41.97631239831084,-87.81802602199689,4,30.831596,37.68239,28.706848,27.389664
8827593697fffff,41.97631239831084,-87.81802602199689,5,42.852413,51.454216,33.247356,32.071003
8827593697fffff,41.97631239831084,-87.81802602199689,6,48.5466,49.63334,33.99427,32.673347
8827593697fffff,41.97631239831084,-87.81802602199689,7,42.05076,49.704166,33.47974,30.946732
8827593697fffff,41.97631239831084,-87.81802602199689,8,35.66918,39.92258,31.000114,28.493233
8827593697fffff,41.97631239831084,-87.81802602199689,9,28.472254,27.70335,29.782475,26.969938
8827593697fffff,41.97631239831084,-87.81802602199689,10,26.15316,21.406832,24.5068,23.530577
8827593697fffff,41.97631239831084,-87.81802602199689,11,12.702827,15.277062,18.423536,13.619887
8827593697fffff,41.97631239831084,-87.81802602199689,12,11.887867,13.271973,18.568628,13.52547
8827593699fffff,41.98926098364656,-87.80467647362862,1,10.246755,12.700764,15.4902315,10.378858
8827593699fffff,41.98926098364656,-87.80467647362862,2,17.892992,15.036328,19.204708,18.038223
8827593699fffff,41.98926098364656,-87.80467647362862,3,26.828703,21.481253,24.305237,22.925762
8827593699fffff,41.98926098364656,-87.80467647362862,4,47.165195,37.142075,30.998339,28.930635
8827593699fffff,41.98926098364656,-87.80467647362862,5,62.58919,58.950447,37.02281,33.629086
8827593699fffff,41.98926098364656,-87.80467647362862,6,67.29016,57.265877,36.852646,35.197968
8827593699fffff,41.98926098364656,-87.80467647362862,7,59.897346,59.0432,35.600845,31.409735
8827593699fffff,41.98926098364656,-87.80467647362862,8,50.18401,45.116074,31.869625,29.305447
8827593699fffff,41.98926098364656,-87.80467647362862,9,34.350838,25.787724,30.11477,26.210306
8827593699fffff,41.98926098364656,-87.80467647362862,10,18.388529,20.457245,21.139404,18.257256
8827593699fffff,41.98926098364656,-87.80467647362862,11,8.17677,13.106159,17.325039,10.100716
8827593699fffff,41.98926098364656,-87.80467647362862,12,7.1185083,10.33261,17.005714,9.698627
882759369bfffff,41.98176236286847,-87.79989716303386,1,21.916845,21.146223,15.140961,10.997549
882759369bfffff,41.98176236286847,-87.79989716303386,2,28.122293,23.564957,23.528887,18.230288
882759369bfffff,41.98176236286847,-87.79989716303386,3,37.02599,29.339716,32.57742,27.819014
882759369bfffff,41.98176236286847,-87.79989716303386,4,41.553753,38.324028,39.05637,34.182964
882759369bfffff,41.98176236286847,-87.79989716303386,5,50.69318,60.737972,42.01691,38.158863
882759369bfffff,41.98176236286847,-87.79989716303386,6,55.80428,57.924545,42.587708,40.066875
882759369bfffff,41.98176236286847,-87.79989716303386,7,50.256916,58.48376,40.66372,36.842976
882759369bfffff,41.98176236286847,-87.79989716303386,8,43.78888,41.121323,39.394356,35.519497
882759369bfffff,41.98176236286847,-87.79989716303386,9,33.089664,36.120613,37.659897,31.257812
882759369bfffff,41.98176236286847,-87.79989716303386,10,30.926165,25.300894,24.656168,18.981443
882759369bfffff,41.98176236286847,-87.79989716303386,11,20.065828,19.3165,18.166327,12.136803
882759369bfffff,41.98176236286847,-87.79989716303386,12,18.840796,16.715862,18.025045,11.534373
882759369dfffff,41.99028470385712,-87.816133381496,1,12.3632555,11.160741,15.892656,12.070848
882759369dfffff,41.99028470385712,-87.816133381496,2,18.81353,14.941086,27.306679,20.39988
882759369dfffff,41.99028470385712,-87.816133381496,3,26.582191,23.134872,31.44045,27.857983
882759369dfffff,41.99028470385712,-87.816133381496,4,34.885483,39.829044,36.851765,33.826565
882759369dfffff,41.99028470385712,-87.816133381496,5,47.673798,56.10084,42.677414,36.445908
882759369dfffff,41.99028470385712,-87.816133381496,6,52.33483,54.63062,43.99635,37.69251
882759369dfffff,41.99028470385712,-87.816133381496,7,46.258827,56.833714,42.560883,35.26556
882759369dfffff,41.99028470385712,-87.816133381496,8,39.3502,45.410187,39.23139,35.23556
882759369dfffff,41.99028470385712,-87.816133381496,9,27.177185,28.321102,38.326683,32.02499
882759369dfffff,41.99028470385712,-87.816133381496,10,21.120173,17.077065,31.227177,21.943893
882759369dfffff,41.99028470385712,-87.816133381496,11,11.114539,11.573805,19.905521,11.178985
882759369dfffff,41.99028470385712,-87.816133381496,12,10.056279,9.647108,19.337315,10.652073
88275936b1fffff,41.97835605032038,-87.84093341377013,1,10.396117,10.965294,11.818455,9.366815
88275936b1fffff,41.97835605032038,-87.84093341377013,2,18.048504,13.6725235,18.77736,15.60606
88275936b1fffff,41.97835605032038,-87.84093341377013,3,26.503794,18.60389,25.544449,24.855925
88275936b1fffff,41.97835605032038,-87.84093341377013,4,41.55702,39.557564,31.68968,31.95678
88275936b1fffff,41.97835605032038,-87.84093341377013,5,48.730946,60.040592,37.28272,34.214035
88275936b1fffff,41.97835605032038,-87.84093341377013,6,55.52037,58.059902,38.252293,34.44303
88275936b1fffff,41.97835605032038,-87.84093341377013,7,48.176563,59.40491,37.74149,33.82973
88275936b1fffff,41.97835605032038,-87.84093341377013,8,43.83971,44.16002,34.099766,33.48333
88275936b1fffff,41.97835605032038,-87.84093341377013,9,24.782013,23.401766,33.393818,28.006659
88275936b1fffff,41.97835605032038,-87.84093341377013,10,20.01789,15.927959,22.819328,18.927689
88275936b1fffff,41.97835605032038,-87.84093341377013,11,9.469588,9.006136,16.16721,11.275028
88275936b1fffff,41.97835605032038,-87.84093341377013,12,8.933188,6.7687078,15.931473,10.718455
88275936b5fffff,41.97937614329194,-87.85238737670242,1,5.621646,3.0936234,6.445705,4.7501373
88275936b5fffff,41.97937614329194,-87.85238737670242,2,13.173811,6.454251,10.881346,8.437004
88275936b5fffff,41.97937614329194,-87.85238737670242,3,20.475927,10.862891,13.080492,12.676367
88275936b5fffff,41.97937614329194,-87.85238737670242,4,12.735901,23.171015,17.090181,16.730387
88275936b5fffff,41.97937614329194,-87.85238737670242,5,22.03474,31.55418,20.478561,20.46218
88275936b5fffff,41.97937614329194,-87.85238737670242,6,27.287725,30.713352,21.07926,21.199211
88275936b5fffff,41.97937614329194,-87.85238737670242,7,21.373804,29.727993,20.724264,19.472206
88275936b5fffff,41.97937614329194,-87.85238737670242,8,13.595885,23.933691,18.25946,15.997638
88275936b5fffff,41.97937614329194,-87.85238737670242,9,11.80858,11.570994,17.204123,13.2965145
88275936b5fffff,41.97937614329194,-87.85238737670242,10,12.324534,6.5846944,13.698414,9.730683
88275936b5fffff,41.97937614329194,-87.85238737670242,11,4.5968037,2.2766244,10.164798,5.344274
88275936b5fffff,41.97937614329194,-87.85238737670242,12,4.0905566,1.9085552,10.459504,5.2498565
88275936b7fffff,41.97188077539676,-87.84760191060303,1,11.48291,6.869627,9.624949,7.6763196
88275936b7fffff,41.97188077539676,-87.84760191060303,2,18.34989,9.360838,15.053947,10.949178
88275936b7fffff,41.97188077539676,-87.84760191060303,3,25.001892,13.7596445,19.600258,17.169712
88275936b7fffff,41.97188077539676,-87.84760191060303,4,30.696447,20.722227,26.064886,22.320095
88275936b7fffff,41.97188077539676,-87.84760191060303,5,38.897285,29.026114,33.464626,27.203457
88275936b7fffff,41.97188077539676,-87.84760191060303,6,46.214127,27.030403,34.97547,28.185375
88275936b7fffff,41.97188077539676,-87.84760191060303,7,37.868355,28.143444,33.697018,26.231739
88275936b7fffff,41.97188077539676,-87.84760191060303,8,32.0288,22.985123,28.028028,22.557575
88275936b7fffff,41.97188077539676,-87.84760191060303,9,23.637287,14.554041,26.69203,18.469864
88275936b7fffff,41.97188077539676,-87.84760191060303,10,18.837425,10.286666,17.267923,11.81611
88275936b7fffff,41.97188077539676,-87.84760191060303,11,10.721758,6.056379,14.085048,8.464361
88275936b7fffff,41.97188077539676,-87.84760191060303,12,10.352131,4.583649,13.98577,8.117797
88275936b9fffff,41.98483154802758,-87.83426293352827,1,1.7259148,6.8361654,8.303317,7.8375306
88275936b9fffff,41.98483154802758,-87.83426293352827,2,9.046504,10.614934,11.911135,11.985241
88275936b9fffff,41.98483154802758,-87.83426293352827,3,14.686471,15.5350895,15.684752,15.010186
88275936b9fffff,41.98483154802758,-87.83426293352827,4,9.308435,25.427282,21.250898,21.597416
88275936b9fffff,41.98483154802758,-87.83426293352827,5,21.567715,37.039455,22.334373,24.62798
88275936b9fffff,41.98483154802758,-87.83426293352827,6,24.520296,34.848366,23.416111,23.719976
88275936b9fffff,41.98483154802758,-87.83426293352827,7,20.707813,36.25167,23.653027,23.541655
88275936b9fffff,41.98483154802758,-87.83426293352827,8,12.011738,29.77502,24.625832,20.677073
88275936b9fffff,41.98483154802758,-87.83426293352827,9,9.120841,16.429539,22.200964,16.68016
88275936b9fffff,41.98483154802758,-87.83426293352827,10,9.967032,13.800459,16.936403,11.712594
88275936b9fffff,41.98483154802758,-87.83426293352827,11,0.5021111,6.6791635,12.342426,6.674978
88275936b9fffff,41.98483154802758,-87.83426293352827,12,0.068223044,6.4944687,12.225959,6.5842147
88275936bdfffff,41.985852298390725,-87.84571854819934,1,8.86744,6.439442,9.182589,9.671148
88275936bdfffff,41.985852298390725,-87.84571854819934,2,17.121723,12.001765,16.154757,14.989332
88275936bdfffff,41.985852298390725,-87.84571854819934,3,28.465315,19.373802,18.77216,21.292912
88275936bdfffff,41.985852298390725,-87.84571854819934,4,26.769087,25.807629,23.482956,28.736141
88275936bdfffff,41.985852298390725,-87.84571854819934,5,36.9605,45.746323,27.897404,32.843376
88275936bdfffff,41.985852298390725,-87.84571854819934,6,41.75264,44.596565,29.196314,34.734863
88275936bdfffff,41.985852298390725,-87.84571854819934,7,35.178654,44.926598,27.936472,31.637808
88275936bdfffff,41.985852298390725,-87.84571854819934,8,29.553476,29.876722,24.529457,27.97361
88275936bdfffff,41.985852298390725,-87.84571854819934,9,23.147917,19.253891,23.645359,24.674608
88275936bdfffff,41.985852298390725,-87.84571854819934,10,18.964323,14.819983,19.284195,16.471634
88275936bdfffff,41.985852298390725,-87.84571854819934,11,7.151994,6.535823,12.05272,10.196805
88275936bdfffff,41.985852298390725,-87.84571854819934,12,6.521254,5.6095386,12.036823,10.069818
88275936c3fffff,42.01175914145371,-87.81902338766342,1,5.76809,3.866252,7.637643,6.0732355
88275936c3fffff,42.01175914145371,-87.81902338766342,2,12.114617,7.491658,12.366578,11.392217
88275936c3fffff,42.01175914145371,-87.81902338766342,3,19.74947,11.583852,15.264094,14.889024
88275936c3fffff,42.01175914145371,-87.81902338766342,4,13.630116,17.194954,18.66372,18.446949
88275936c3fffff,42.01175914145371,-87.81902338766342,5,24.966328,24.28309,20.240797,21.532608
88275936c3fffff,42.01175914145371,-87.81902338766342,6,25.768785,23.814789,20.682438,21.892195
88275936c3fffff,42.01175914145371,-87.81902338766342,7,22.217653,23.581135,20.535324,20.40835
88275936c3fffff,42.01175914145371,-87.81902338766342,8,16.206247,20.205957,19.919424,18.045452
88275936c3fffff,42.01175914145371,-87.81902338766342,9,15.471912,10.578808,17.92302,15.824795
88275936c3fffff,42.01175914145371,-87.81902338766342,10,11.982177,9.073886,14.544633,12.433
88275936c3fffff,42.01175914145371,-87.81902338766342,11,4.8092146,3.2308962,10.7986145,6.2220573
88275936c3fffff,42.01175914145371,-87.81902338766342,12,4.302968,2.4912794,11.077024,6.12764
88275936cbfffff,42.01823640562469,-87.81234463237439,1,4.8886614,7.6367564,10.573002,12.8079
88275936cbfffff,42.01823640562469,-87.81234463237439,2,14.463789,11.734627,15.92248,16.801508
88275936cbfffff,42.01823640562469,-87.81234463237439,3,21.447561,17.324562,24.09293,23.150902
88275936cbfffff,42.01823640562469,-87.81234463237439,4,29.923052,33.49946,30.410252,30.932163
88275936cbfffff,42.01823640562469,-87.81234463237439,5,42.960133,43.939835,36.87966,35.654606
88275936cbfffff,42.01823640562469,-87.81234463237439,6,50.584183,42.208294,37.521717,35.54609
88275936cbfffff,42.01823640562469,-87.81234463237439,7,42.36746,42.1844,37.737663,34.2002
88275936cbfffff,42.01823640562469,-87.81234463237439,8,33.289585,37.740612,33.389915,30.712078
88275936cbfffff,42.01823640562469,-87.81234463237439,9,17.915436,19.056597,30.858229,24.010971
88275936cbfffff,42.01823640562469,-87.81234463237439,10,14.1042795,15.327847,21.442938,17.595045
88275936cbfffff,42.01823640562469,-87.81234463237439,11,3.5426748,6.93451,14.900469,12.186951
88275936cbfffff,42.01823640562469,-87.81234463237439,12,2.945194,6.2750473,14.755432,12.009001
88275936d3fffff,41.99573560819852,-87.79799872207714,1,12.370451,18.647726,15.907499,13.171963
88275936d3fffff,41.99573560819852,-87.79799872207714,2,19.319895,19.734812,27.277693,21.22188
88275936d3fffff,41.99573560819852,-87.79799872207714,3,23.246857,24.303335,32.592537,28.34786
88275936d3fffff,41.99573560819852,-87.79799872207714,4,38.39451,34.231007,38.039536,34.40198
88275936d3fffff,41.99573560819852,-87.79799872207714,5,50.08728,53.235462,42.09159,38.208534
88275936d3fffff,41.99573560819852,-87.79799872207714,6,54.576313,51.04975,42.475918,39.170883
88275936d3fffff,41.99573560819852,-87.79799872207714,7,48.651234,53.176514,40.67601,36.716858
88275936d3fffff,41.99573560819852,-87.79799872207714,8,41.56182,41.633717,38.954033,35.784054
88275936d3fffff,41.99573560819852,-87.79799872207714,9,30.65485,30.726679,37.1876,32.079285
88275936d3fffff,41.99573560819852,-87.79799872207714,10,20.101927,23.51385,29.96197,22.792648
88275936d3fffff,41.99573560819852,-87.79799872207714,11,11.333206,18.609735,17.84657,14.298177
88275936d3fffff,41.99573560819852,-87.79799872207714,12,10.467859,15.94681,17.503075,13.884147
88275936d5fffff,42.00425937333141,-87.81423958530675,1,16.946543,18.381134,11.618414,9.0963745
88275936d5fffff,42.00425937333141,-87.81423958530675,2,21.425362,23.462551,21.014196,16.538198
88275936d5fffff,42.00425937333141,-87.81423958530675,3,25.886145,29.461874,24.40907,24.496363
88275936d5fffff,42.00425937333141,-87.81423958530675,4,31.689798,39.80716,30.328249,31.362673
88275936d5fffff,42.00425937333141,-87.81423958530675,5,41.081776,51.367725,34.19332,32.342014
88275936d5fffff,42.00425937333141,-87.81423958530675,6,46.015522,49.41841,36.380566,32.597214
88275936d5fffff,42.00425937333141,-87.81423958530675,7,41.338276,51.402092,35.252846,31.654352
88275936d5fffff,42.00425937333141,-87.81423958530675,8,37.263058,46.61902,34.012253,31.54609
88275936d5fffff,42.00425937333141,-87.81423958530675,9,29.048267,36.92429,35.86121,28.616867
88275936d5fffff,42.00425937333141,-87.81423958530675,10,23.269686,24.925825,26.719248,18.460396
88275936d5fffff,42.00425937333141,-87.81423958530675,11,16.730658,16.862856,16.726452,9.941094
88275936d5fffff,42.00425937333141,-87.81423958530675,12,16.36459,13.22379,16.429935,9.510998
88275936d7fffff,41.99675998726492,-87.80945728084075,1,17.850832,15.094825,13.507836,11.181573
88275936d7fffff,41.99675998726492,-87.80945728084075,2,21.388227,19.563711,23.768076,18.09546
88275936d7fffff,41.99675998726492,-87.80945728084075,3,24.948565,22.443153,27.080439,25.364798
88275936d7fffff,41.99675998726492,-87.80945728084075,4,36.262634,34.404972,30.19438,29.406654
88275936d7fffff,41.99675998726492,-87.80945728084075,5,43.195965,45.050186,33.83902,30.431652
88275936d7fffff,41.99675998726492,-87.80945728084075,6,48.768543,43.55342,36.176605,30.672445
88275936d7fffff,41.99675998726492,-87.80945728084075,7,42.853756,44.697113,34.72181,29.546925
88275936d7fffff,41.99675998726492,-87.80945728084075,8,41.80582,40.544025,33.557453,30.347893
88275936d7fffff,41.99675998726492,-87.80945728084075,9,30.954445,28.896782,34.39077,27.386381
88275936d7fffff,41.99675998726492,-87.80945728084075,10,23.85464,20.004585,28.671991,20.0816
88275936d7fffff,41.99675998726492,-87.80945728084075,11,16.652418,13.4067,18.311726,11.814541
88275936d7fffff,41.99675998726492,-87.80945728084075,12,16.500717,10.7503195,17.896763,11.339805
88275936ddfffff,42.0107357576523,-87.80756116438587,1,11.659324,7.469702,10.208639,9.395697
88275936ddfffff,42.0107357576523,-87.80756116438587,2,18.768595,11.653922,19.323025,15.628705
88275936ddfffff,42.0107357576523,-87.80756116438587,3,30.25751,18.780884,25.419674,23.726505
88275936ddfffff,42.0107357576523,-87.80756116438587,4,34.382412,26.006205,30.1235,31.2558
88275936ddfffff,42.0107357576523,-87.80756116438587,5,48.799347,46.59154,32.82491,33.895695
88275936ddfffff,42.0107357576523,-87.80756116438587,6,53.434902,46.42968,33.879425,34.036892
88275936ddfffff,42.0107357576523,-87.80756116438587,7,46.507587,47.195282,33.017963,32.648346
88275936ddfffff,42.0107357576523,-87.80756116438587,8,35.729366,29.707848,31.786713,32.201828
88275936ddfffff,42.0107357576523,-87.80756116438587,9,26.422167,16.728224,32.121758,28.862228
88275936ddfffff,42.0107357576523,-87.80756116438587,10,19.046043,12.564866,24.002533,18.439602
88275936ddfffff,42.0107357576523,-87.80756116438587,11,8.966422,5.7247305,13.991751,8.210445
88275936ddfffff,42.0107357576523,-87.80756116438587,12,8.461579,4.693634,13.377636,8.0324955
