target_variable,best_cv_score,validation_r2,validation_rmse,validation_mae,test_r2,test_rmse,test_mae,best_parameters,gpu_used
cbike_start,0.898322394606148,0.8994925177398784,4.8725481932156525,2.1706769654137146,0.7963215059063955,4.932092597583648,2.248184834489175,"{'colsample_bytree': 0.8, 'gamma': 0.1, 'learning_rate': 0.1, 'max_depth': 6, 'min_child_weight': 1, 'n_estimators': 200, 'subsample': 0.9}",True
cbike_end,0.8988205526380082,0.9028667302459839,4.796330287301679,2.1669673768147395,0.7948185587475647,4.947678657319985,2.2699487086841352,"{'colsample_bytree': 0.9, 'gamma': 0, 'learning_rate': 0.1, 'max_depth': 6, 'min_child_weight': 1, 'n_estimators': 200, 'subsample': 0.8}",True
ebike_start,0.8850085770424219,0.8878126151173626,2.759701855168384,1.4630345018296351,0.8974507306769804,2.8674096869285144,1.3595799360772076,"{'colsample_bytree': 0.9, 'gamma': 0, 'learning_rate': 0.1, 'max_depth': 6, 'min_child_weight': 1, 'n_estimators': 200, 'subsample': 0.9}",True
ebike_end,0.8858762242815817,0.888744084833464,2.717285296445948,1.4330809149417452,0.8923973088108633,2.921738001645075,1.360081679214009,"{'colsample_bytree': 0.8, 'gamma': 0.1, 'learning_rate': 0.1, 'max_depth': 6, 'min_child_weight': 1, 'n_estimators': 200, 'subsample': 0.8}",True
